s_no,state,district,block_name,categorization
1,ANDAMAN AND NICOBAR ISLANDS,N & M ANDAMAN,DIGLIPUR,safe
2,ANDAMAN AND NICOBAR ISLANDS,N & M ANDAMAN,MAYABUNDER,safe
3,ANDAMAN AND NICOBAR ISLANDS,N & M ANDAMAN,RANGAT,safe
4,ANDAMAN AND NICOBAR ISLANDS,NICOBAR,CAR NICOBAR,safe
5,ANDAMAN AND NICOBAR ISLANDS,NICOBAR,GREAT NICOBAR,safe
6,ANDAMAN AND NICOBAR ISLANDS,NICOBAR,NANCOWRY,safe
7,ANDAMAN AND NICOBAR ISLANDS,SOUTH ANDAMAN,FERRARGANJ,safe
8,ANDAMAN AND NICOBAR ISLANDS,SOUTH ANDAMAN,LITTLE ANDAMAN,safe
9,ANDAMAN AND NICOBAR ISLANDS,SOUTH ANDAMAN,PORT BLAIR,safe
10,ANDHRA PRADESH,Alluri Sitharama Raju,ADDATEEGALA,safe
11,ANDHRA PRADESH,Alluri Sitharama Raju,ANANTHAGIRI,safe
12,ANDHRA PRADESH,Alluri Sitharama Raju,ARAKU VALLEY,safe
13,ANDHRA PRADESH,Alluri Sitharama Raju,CHINTAPALLE,safe
14,ANDHRA PRADESH,Alluri Sitharama Raju,CHINTUR,safe
15,ANDHRA PRADESH,Alluri Sitharama Raju,DEVIPATNAM,safe
16,ANDHRA PRADESH,Alluri Sitharama Raju,DUMBRIGUDA,safe
17,ANDHRA PRADESH,Alluri Sitharama Raju,GANGARAJU MADUGULA,safe
18,ANDHRA PRADESH,Alluri Sitharama Raju,GANGAVARAM (EAST GODAVARI),safe
19,ANDHRA PRADESH,Alluri Sitharama Raju,GUDEM KOTHAVEEDHI,safe
20,ANDHRA PRADESH,Alluri Sitharama Raju,HUKUMPETA,safe
21,ANDHRA PRADESH,Alluri Sitharama Raju,KOYYURU,safe
22,ANDHRA PRADESH,Alluri Sitharama Raju,KUNAVARAM,safe
23,ANDHRA PRADESH,Alluri Sitharama Raju,MAREDUMILLI,safe
24,ANDHRA PRADESH,Alluri Sitharama Raju,MUNCHINGIPUTTU,safe
25,ANDHRA PRADESH,Alluri Sitharama Raju,NELLIPAKA,safe
26,ANDHRA PRADESH,Alluri Sitharama Raju,PADERU,safe
27,ANDHRA PRADESH,Alluri Sitharama Raju,PEDABAYALU,safe
28,ANDHRA PRADESH,Alluri Sitharama Raju,RAJAVOMMANGI,safe
29,ANDHRA PRADESH,Alluri Sitharama Raju,RAMPACHODAVARAM,safe
30,ANDHRA PRADESH,Alluri Sitharama Raju,VARARAMACHANDRAPUR,safe
31,ANDHRA PRADESH,Alluri Sitharama Raju,Y RAMAVARAM,safe
32,ANDHRA PRADESH,Anakapalli,ANAKAPALLE,safe
33,ANDHRA PRADESH,Anakapalli,ATCHUTAPURAM,safe
34,ANDHRA PRADESH,Anakapalli,BUTCHAYYAPETA,safe
35,ANDHRA PRADESH,Anakapalli,CHEEDIKADA,safe
36,ANDHRA PRADESH,Anakapalli,CHODAVARAM,safe
37,ANDHRA PRADESH,Anakapalli,DEVARAPALLE (ANAKAPALLI),safe
38,ANDHRA PRADESH,Anakapalli,GOLUGONDA,safe
39,ANDHRA PRADESH,Anakapalli,K KOTAPADU,safe
40,ANDHRA PRADESH,Anakapalli,KASIMKOTA,safe
41,ANDHRA PRADESH,Anakapalli,KOTAURATLA,safe
42,ANDHRA PRADESH,Anakapalli,MADUGULA,safe
43,ANDHRA PRADESH,Anakapalli,MAKAVARAPALEM,safe
44,ANDHRA PRADESH,Anakapalli,MUNAGAPAKA,safe
45,ANDHRA PRADESH,Anakapalli,NAKKAPALLE,safe
46,ANDHRA PRADESH,Anakapalli,NARSIPATNAM,safe
47,ANDHRA PRADESH,Anakapalli,NATHAVARAM,safe
48,ANDHRA PRADESH,Anakapalli,PARAVADA,safe
49,ANDHRA PRADESH,Anakapalli,PAYAKARAOPETA,safe
50,ANDHRA PRADESH,Anakapalli,RAMBILLI,safe
51,ANDHRA PRADESH,Anakapalli,RAVIKAMATHAM,safe
52,ANDHRA PRADESH,Anakapalli,ROLUGUNTA,safe
53,ANDHRA PRADESH,Anakapalli,S RAYAVARAM,safe
54,ANDHRA PRADESH,Anakapalli,SABBAVARAM,safe
55,ANDHRA PRADESH,Anakapalli,YELAMANCHILI (ANAKAPALLI),safe
56,ANDHRA PRADESH,Ananthapuramu,ANANTAPUR RURAL,safe
57,ANDHRA PRADESH,Ananthapuramu,ANANTAPUR URBAN,safe
58,ANDHRA PRADESH,Ananthapuramu,ATMAKUR,safe
59,ANDHRA PRADESH,Ananthapuramu,BELUGUPPA,safe
60,ANDHRA PRADESH,Ananthapuramu,BOMMANAHAL,safe
61,ANDHRA PRADESH,Ananthapuramu,BRAHMASAMUDRAM,safe
62,ANDHRA PRADESH,Ananthapuramu,BUKKARAYASAMUDRAM,safe
63,ANDHRA PRADESH,Ananthapuramu,D HIRCHAL,safe
64,ANDHRA PRADESH,Ananthapuramu,GARLADINNE,safe
65,ANDHRA PRADESH,Ananthapuramu,GOOTY,safe
66,ANDHRA PRADESH,Ananthapuramu,GUMMAGATTA,safe
67,ANDHRA PRADESH,Ananthapuramu,GUNTAKAL,safe
68,ANDHRA PRADESH,Ananthapuramu,KALYANDURG,safe
69,ANDHRA PRADESH,Ananthapuramu,KAMBADUR,safe
70,ANDHRA PRADESH,Ananthapuramu,KANEKAL,safe
71,ANDHRA PRADESH,Ananthapuramu,KUDAIR,safe
72,ANDHRA PRADESH,Ananthapuramu,KUNDURPI,safe
73,ANDHRA PRADESH,Ananthapuramu,NARPALA,semi_critical
74,ANDHRA PRADESH,Ananthapuramu,PAMIDI,safe
75,ANDHRA PRADESH,Ananthapuramu,PEDDAPAPPUR,safe
76,ANDHRA PRADESH,Ananthapuramu,PEDDAVADUGUR,safe
77,ANDHRA PRADESH,Ananthapuramu,PUTLUR,safe
78,ANDHRA PRADESH,Ananthapuramu,RAPTADU,safe
79,ANDHRA PRADESH,Ananthapuramu,RAYADURG,safe
80,ANDHRA PRADESH,Ananthapuramu,SETTUR,safe
81,ANDHRA PRADESH,Ananthapuramu,SINGANAMALA,safe
82,ANDHRA PRADESH,Ananthapuramu,TADPATRI,safe
83,ANDHRA PRADESH,Ananthapuramu,URAVAKONDA,safe
84,ANDHRA PRADESH,Ananthapuramu,VAJRAKARUR,safe
85,ANDHRA PRADESH,Ananthapuramu,VIDAPANAKAL,safe
86,ANDHRA PRADESH,Ananthapuramu,YADIKI,safe
87,ANDHRA PRADESH,Ananthapuramu,YELLANUR,safe
88,ANDHRA PRADESH,Annamayya,B KOTHAKOTA,safe
89,ANDHRA PRADESH,Annamayya,CHINNAMANDEM,semi_critical
90,ANDHRA PRADESH,Annamayya,CHITVEL,safe
91,ANDHRA PRADESH,Annamayya,GALIVEEDU,safe
92,ANDHRA PRADESH,Annamayya,GURRAMKONDA,safe
93,ANDHRA PRADESH,Annamayya,KALAKADA,safe
94,ANDHRA PRADESH,Annamayya,KALIKIRI,safe
95,ANDHRA PRADESH,Annamayya,KAMBHAMVARIPALLE,safe
96,ANDHRA PRADESH,Annamayya,KODUR,safe
97,ANDHRA PRADESH,Annamayya,KURABALAKOTA,safe
98,ANDHRA PRADESH,Annamayya,LAKKIREDDIPALLE,safe
99,ANDHRA PRADESH,Annamayya,MANDAPALLE,safe
100,ANDHRA PRADESH,Annamayya,MULAKALACHERUVU,safe
101,ANDHRA PRADESH,Annamayya,NANDALUR,safe
102,ANDHRA PRADESH,Annamayya,NIMMANAPALLE,safe
103,ANDHRA PRADESH,Annamayya,OBULAVARIPALLE,safe
104,ANDHRA PRADESH,Annamayya,PEDDAMANDYAM,safe
105,ANDHRA PRADESH,Annamayya,PEDDATHIPPASAMUDRA,safe
106,ANDHRA PRADESH,Annamayya,PENAGALURU,safe
107,ANDHRA PRADESH,Annamayya,PILERU,safe
108,ANDHRA PRADESH,Annamayya,PULLAMPETA,safe
109,ANDHRA PRADESH,Annamayya,RAJAMPET,safe
110,ANDHRA PRADESH,Annamayya,RAMAPURAM,safe
111,ANDHRA PRADESH,Annamayya,RAMASAMUDRAM,safe
112,ANDHRA PRADESH,Annamayya,ROYACHOTI,safe
113,ANDHRA PRADESH,Annamayya,SAMBEPALLE,safe
114,ANDHRA PRADESH,Annamayya,T SUNDUPALLE,safe
115,ANDHRA PRADESH,Annamayya,THAMBALLAPALLE,safe
116,ANDHRA PRADESH,Annamayya,VALMIKIPURAM,safe
117,ANDHRA PRADESH,Annamayya,VEERABALLE,safe
118,ANDHRA PRADESH,Bapatla,ADDANKI,safe
119,ANDHRA PRADESH,Bapatla,AMRUTHALUR,safe
120,ANDHRA PRADESH,Bapatla,BALLIKURUVA,safe
121,ANDHRA PRADESH,Bapatla,BAPATLA,safe
122,ANDHRA PRADESH,Bapatla,BHATTIPROLU,safe
123,ANDHRA PRADESH,Bapatla,CHERUKUPALLE,safe
124,ANDHRA PRADESH,Bapatla,CHINAGANJAM,safe
125,ANDHRA PRADESH,Bapatla,CHIRALA,safe
126,ANDHRA PRADESH,Bapatla,INKOLLU,safe
127,ANDHRA PRADESH,Bapatla,JANAKAVARAMPANGULU,safe
129,ANDHRA PRADESH,Bapatla,KARLAPALEM,safe
130,ANDHRA PRADESH,Bapatla,KOLLUR,safe
131,ANDHRA PRADESH,Bapatla,KORISAPADU,safe
132,ANDHRA PRADESH,Bapatla,MARTUR,safe
133,ANDHRA PRADESH,Bapatla,NAGARAM,safe
134,ANDHRA PRADESH,Bapatla,NIZAMPATNAM,safe
135,ANDHRA PRADESH,Bapatla,PARCHUR,safe
136,ANDHRA PRADESH,Bapatla,PITTALAVANIPALEM,safe
137,ANDHRA PRADESH,Bapatla,REPALLE,safe
138,ANDHRA PRADESH,Bapatla,SANTHAMAGULURU,safe
139,ANDHRA PRADESH,Bapatla,TSUNDUR,safe
140,ANDHRA PRADESH,Bapatla,VEMURU,safe
141,ANDHRA PRADESH,Bapatla,VETAPALEM,safe
142,ANDHRA PRADESH,Bapatla,YEDDANAPUDI,safe
143,ANDHRA PRADESH,Chittoor,BAIREDDI PALLE,safe
144,ANDHRA PRADESH,Chittoor,BANGARUPALEM,safe
145,ANDHRA PRADESH,Chittoor,CHITTOOR MANDAL,semi_critical
146,ANDHRA PRADESH,Chittoor,CHOWDEPALLE,semi_critical
147,ANDHRA PRADESH,Chittoor,GANGADHARA NELLORE,safe
148,ANDHRA PRADESH,Chittoor,GANGAVARAM,safe
149,ANDHRA PRADESH,Chittoor,GUDI PALLE,semi_critical
150,ANDHRA PRADESH,Chittoor,GUDIPALA,safe
151,ANDHRA PRADESH,Chittoor,IRALA,safe
152,ANDHRA PRADESH,Chittoor,KARVETINAGAR,safe
153,ANDHRA PRADESH,Chittoor,KUPPAM,safe
154,ANDHRA PRADESH,Chittoor,NAGARI,safe
155,ANDHRA PRADESH,Chittoor,NINDRA,critical
156,ANDHRA PRADESH,Chittoor,PALAMANER,safe
157,ANDHRA PRADESH,Chittoor,PALASAMUDRAM,safe
158,ANDHRA PRADESH,Chittoor,PEDDA PANJANI,safe
159,ANDHRA PRADESH,Chittoor,PENUMURU,semi_critical
160,ANDHRA PRADESH,Chittoor,PULICHERLA,safe
161,ANDHRA PRADESH,Chittoor,PUNGANUR,safe
162,ANDHRA PRADESH,Chittoor,PUTHALAPATTU,semi_critical
163,ANDHRA PRADESH,Chittoor,RAMA KUPPAM,safe
164,ANDHRA PRADESH,Chittoor,ROMPICHERLA,safe
165,ANDHRA PRADESH,Chittoor,SANTHI PURAM,safe
166,ANDHRA PRADESH,Chittoor,SODAM,safe
167,ANDHRA PRADESH,Chittoor,SOMALA,safe
168,ANDHRA PRADESH,Chittoor,SRIRANGARAJAPURAM,safe
169,ANDHRA PRADESH,Chittoor,THAVANAMPALLE,safe
170,ANDHRA PRADESH,Chittoor,VEDURU KUPPAM,safe
171,ANDHRA PRADESH,Chittoor,VENKATAGIRI KOTA,safe
172,ANDHRA PRADESH,Chittoor,VIJAYA PURAM,safe
173,ANDHRA PRADESH,Chittoor,YADAMARI,safe
174,ANDHRA PRADESH,East Godavari,ANAPARTHI,safe
175,ANDHRA PRADESH,East Godavari,BICCAVOLU,safe
176,ANDHRA PRADESH,East Godavari,CHAGALLU,semi_critical
177,ANDHRA PRADESH,East Godavari,DEVARAPALLE,semi_critical
178,ANDHRA PRADESH,East Godavari,GOKAVARAM,safe
179,ANDHRA PRADESH,East Godavari,GOPALAPURAM,safe
180,ANDHRA PRADESH,East Godavari,KADIAM,safe
181,ANDHRA PRADESH,East Godavari,KORUKONDA,safe
182,ANDHRA PRADESH,East Godavari,KOVVUR,safe
183,ANDHRA PRADESH,East Godavari,NALLAJERLA,safe
184,ANDHRA PRADESH,East Godavari,NIDADAVOLE,safe
185,ANDHRA PRADESH,East Godavari,PERAVALI,safe
186,ANDHRA PRADESH,East Godavari,RAJAHMUNDRY (URBAN),semi_critical
187,ANDHRA PRADESH,East Godavari,RAJAHMUNDRY RURAL,safe
188,ANDHRA PRADESH,East Godavari,RAJANAGARAM,semi_critical
189,ANDHRA PRADESH,East Godavari,RANGAMPETA,semi_critical
190,ANDHRA PRADESH,East Godavari,SEETHANAGARAM,safe
191,ANDHRA PRADESH,East Godavari,THALLAPUDI,safe
192,ANDHRA PRADESH,East Godavari,UNDRAJAVARAM,safe
193,ANDHRA PRADESH,Eluru,AGIRIPALLE,safe
194,ANDHRA PRADESH,Eluru,BHIMADOLE,safe
195,ANDHRA PRADESH,Eluru,BUTTAYAGUDEM,safe
196,ANDHRA PRADESH,Eluru,CHATRAI,safe
197,ANDHRA PRADESH,Eluru,CHINTALAPUDI,safe
198,ANDHRA PRADESH,Eluru,DENDULURU,safe
199,ANDHRA PRADESH,Eluru,DWARAKA TIRUMALA,safe
200,ANDHRA PRADESH,Eluru,ELURU,safe
201,ANDHRA PRADESH,Eluru,JANGAREDDIGUDEM,safe
202,ANDHRA PRADESH,Eluru,JEELUGUMILLI,safe
205,ANDHRA PRADESH,Eluru,KAMAVARAPUKOTA,safe
206,ANDHRA PRADESH,Eluru,KOYYALAGUDEM,safe
207,ANDHRA PRADESH,Eluru,KUKUNOOR,safe
208,ANDHRA PRADESH,Eluru,LINGAPALEM,safe
211,ANDHRA PRADESH,Eluru,MUSUNURU,safe
213,ANDHRA PRADESH,Eluru,NUZVID,safe
214,ANDHRA PRADESH,Eluru,PADAVEGI,safe
215,ANDHRA PRADESH,Eluru,PEDAPADU,safe
216,ANDHRA PRADESH,Eluru,POLAVARAM,safe
217,ANDHRA PRADESH,Eluru,T NARASAPURAM,safe
218,ANDHRA PRADESH,Eluru,UNGUTURU (WEST GODAVARI),safe
219,ANDHRA PRADESH,Eluru,VELAIRPAD,safe
220,ANDHRA PRADESH,Guntur,CHEBROLE,safe
221,ANDHRA PRADESH,Guntur,DUGGIRALA,safe
222,ANDHRA PRADESH,Guntur,GUNTUR EAST,safe
223,ANDHRA PRADESH,Guntur,GUNTUR WEST,safe
224,ANDHRA PRADESH,Guntur,KAKUMANU,safe
225,ANDHRA PRADESH,Guntur,KOLLIPARA,safe
226,ANDHRA PRADESH,Guntur,MANGALAGIRI,safe
227,ANDHRA PRADESH,Guntur,MEDIKONDURU,safe
228,ANDHRA PRADESH,Guntur,PEDAKAKANI,safe
230,ANDHRA PRADESH,Guntur,PHIRANGIPURAM,safe
231,ANDHRA PRADESH,Guntur,PONNUR,safe
232,ANDHRA PRADESH,Guntur,PRATHIPADU,safe
233,ANDHRA PRADESH,Guntur,TADIKONDA,safe
234,ANDHRA PRADESH,Guntur,TENALI,safe
235,ANDHRA PRADESH,Guntur,THADEPALLE,safe
236,ANDHRA PRADESH,Guntur,THULLUR,safe
238,ANDHRA PRADESH,Kakinada,GANDEPALLE,safe
239,ANDHRA PRADESH,Kakinada,GOLLAPROLU,safe
240,ANDHRA PRADESH,Kakinada,JAGGAMPETA,safe
241,ANDHRA PRADESH,Kakinada,KAJULURU,safe
242,ANDHRA PRADESH,Kakinada,KAKINADA (RURAL),safe
243,ANDHRA PRADESH,Kakinada,KAKINADA (URBAN),safe
245,ANDHRA PRADESH,Kakinada,KIRLAMPUDI,safe
246,ANDHRA PRADESH,Kakinada,KOTANANDURU,safe
247,ANDHRA PRADESH,Kakinada,KOTHAPALLEE,safe
248,ANDHRA PRADESH,Kakinada,PEDAPUDI,safe
249,ANDHRA PRADESH,Kakinada,PEDDAPURAM,safe
250,ANDHRA PRADESH,Kakinada,PITHAPURAM,safe
251,ANDHRA PRADESH,Kakinada,PRATHIPADU (EAST GODAVARI),safe
252,ANDHRA PRADESH,Kakinada,ROUTHULAPUDI,safe
253,ANDHRA PRADESH,Kakinada,SAMALKOTA,safe
254,ANDHRA PRADESH,Kakinada,SANKHAVARAM,safe
256,ANDHRA PRADESH,Kakinada,THONDANGI,safe
257,ANDHRA PRADESH,Kakinada,TUNI,safe
258,ANDHRA PRADESH,Kakinada,YELESWARAM,safe
259,ANDHRA PRADESH,Konaseema,AINAVILLI,safe
260,ANDHRA PRADESH,Konaseema,ALAMURU,safe
262,ANDHRA PRADESH,Konaseema,AMALAPURAM,safe
263,ANDHRA PRADESH,Konaseema,AMBAJIPETA,safe
264,ANDHRA PRADESH,Konaseema,ATREYAPURAM,safe
266,ANDHRA PRADESH,Konaseema,KAPILESWARAPURAM,safe
268,ANDHRA PRADESH,Konaseema,KOTHAPETA,safe
271,ANDHRA PRADESH,Konaseema,MANDAPETA,safe
272,ANDHRA PRADESH,Konaseema,MUMMIDIVARAM,safe
273,ANDHRA PRADESH,Konaseema,P GANNAVARAM,safe
274,ANDHRA PRADESH,Konaseema,PAMARRU (EAST GODAVARI),safe
275,ANDHRA PRADESH,Konaseema,RAMACHANDRAPURAM,safe
276,ANDHRA PRADESH,Konaseema,RAVULAPALEM,safe
277,ANDHRA PRADESH,Konaseema,RAYAVARAM,safe
278,ANDHRA PRADESH,Konaseema,RAZOLE,safe
281,ANDHRA PRADESH,Krishna,AVANIGADA,safe
283,ANDHRA PRADESH,Krishna,BAPULAPAD,safe
284,ANDHRA PRADESH,Krishna,CHALLAPALLE,safe
285,ANDHRA PRADESH,Krishna,GANNAVARAM,safe
286,ANDHRA PRADESH,Krishna,GHANTASALA,safe
287,ANDHRA PRADESH,Krishna,GUDIVADA,safe
290,ANDHRA PRADESH,Krishna,KANKIPADU,safe
294,ANDHRA PRADESH,Krishna,MOPIDEVI,safe
295,ANDHRA PRADESH,Krishna,MOVVA,safe
298,ANDHRA PRADESH,Krishna,PAMARRU,safe
299,ANDHRA PRADESH,Krishna,PAMIDIMUKKALA,safe
301,ANDHRA PRADESH,Krishna,PEDAPARUPUDI,safe
302,ANDHRA PRADESH,Krishna,PENAMALURU,safe
303,ANDHRA PRADESH,Krishna,THOTLAVALLURU,safe
304,ANDHRA PRADESH,Krishna,UNGUTURU,safe
305,ANDHRA PRADESH,Krishna,VUYYURU,safe
306,ANDHRA PRADESH,Kurnool,ADONI,safe
307,ANDHRA PRADESH,Kurnool,ALUR,safe
308,ANDHRA PRADESH,Kurnool,ASPARI,safe
309,ANDHRA PRADESH,Kurnool,C BELAGAL,safe
310,ANDHRA PRADESH,Kurnool,CHIPPAGIRI,safe
311,ANDHRA PRADESH,Kurnool,DEVANAKONDA,safe
312,ANDHRA PRADESH,Kurnool,GONEGANDLA,safe
313,ANDHRA PRADESH,Kurnool,GUDUR (KURNOOL),safe
314,ANDHRA PRADESH,Kurnool,HALAHARVI,safe
315,ANDHRA PRADESH,Kurnool,HOLAGUNDA,safe
316,ANDHRA PRADESH,Kurnool,KALLUR,safe
317,ANDHRA PRADESH,Kurnool,KODUMUR,safe
318,ANDHRA PRADESH,Kurnool,KOSIGI,safe
319,ANDHRA PRADESH,Kurnool,KOWTHALAM,safe
320,ANDHRA PRADESH,Kurnool,KRISHNAGIRI,safe
321,ANDHRA PRADESH,Kurnool,KURNOOL RURAL,safe
322,ANDHRA PRADESH,Kurnool,KURNOOL URBAN,safe
323,ANDHRA PRADESH,Kurnool,MADDIKERA EAST,safe
324,ANDHRA PRADESH,Kurnool,MANTRALAYAM,safe
325,ANDHRA PRADESH,Kurnool,NANDAVARAM,safe
326,ANDHRA PRADESH,Kurnool,ORVAKAL,safe
327,ANDHRA PRADESH,Kurnool,PATTIKANDA,safe
328,ANDHRA PRADESH,Kurnool,PEDDA KADUBUR,safe
329,ANDHRA PRADESH,Kurnool,TUGGALI,safe
330,ANDHRA PRADESH,Kurnool,VELDURTHI (KURNOOL),safe
331,ANDHRA PRADESH,Kurnool,YEMMIGANUR,safe
332,ANDHRA PRADESH,Nandyal,ALLAGADDA,safe
333,ANDHRA PRADESH,Nandyal,ATMAKUR (KURNOOL),safe
334,ANDHRA PRADESH,Nandyal,BANAGANAPALLE,safe
335,ANDHRA PRADESH,Nandyal,BANDI ATMAKUR,safe
336,ANDHRA PRADESH,Nandyal,BETHAMCHERLA,safe
337,ANDHRA PRADESH,Nandyal,CHAGALAMARRI,safe
338,ANDHRA PRADESH,Nandyal,DHONE,safe
339,ANDHRA PRADESH,Nandyal,DORNIPADU,safe
340,ANDHRA PRADESH,Nandyal,GADIVEMULA,safe
341,ANDHRA PRADESH,Nandyal,GOSPADU,safe
342,ANDHRA PRADESH,Nandyal,JUPADU BUNGALOW,safe
343,ANDHRA PRADESH,Nandyal,KOILKUNTLA,safe
344,ANDHRA PRADESH,Nandyal,KOLIMIGUNDLA,safe
345,ANDHRA PRADESH,Nandyal,KOTHAPALLE,safe
346,ANDHRA PRADESH,Nandyal,MAHANANDI,safe
347,ANDHRA PRADESH,Nandyal,MIDTHUR,safe
348,ANDHRA PRADESH,Nandyal,NANDI KOTKUR,safe
349,ANDHRA PRADESH,Nandyal,NANDYAL,safe
350,ANDHRA PRADESH,Nandyal,OWK,safe
351,ANDHRA PRADESH,Nandyal,PAGIDYALA,safe
352,ANDHRA PRADESH,Nandyal,PAMULAPADU,safe
353,ANDHRA PRADESH,Nandyal,PANYAM,safe
354,ANDHRA PRADESH,Nandyal,PEAPALLY,safe
355,ANDHRA PRADESH,Nandyal,RUDRAVARAM,safe
356,ANDHRA PRADESH,Nandyal,SANJAMALA,safe
357,ANDHRA PRADESH,Nandyal,SIRVEL,safe
358,ANDHRA PRADESH,Nandyal,SRISAILAM,safe
359,ANDHRA PRADESH,Nandyal,UYYALAWADA,safe
360,ANDHRA PRADESH,Nandyal,VELGODE,safe
361,ANDHRA PRADESH,NTR,A KONDURU,safe
362,ANDHRA PRADESH,NTR,CHANDARLAPADU,safe
363,ANDHRA PRADESH,NTR,G KONDURU,safe
364,ANDHRA PRADESH,NTR,GAMPALAGUDEM,safe
365,ANDHRA PRADESH,NTR,IBRAHIMPATNAM,safe
366,ANDHRA PRADESH,NTR,JAGGAYYAPETA,safe
367,ANDHRA PRADESH,NTR,KANCHIKA CHERLA,safe
368,ANDHRA PRADESH,NTR,MYLAVARAM (KRISHNA),safe
369,ANDHRA PRADESH,NTR,NANDIGAMA,safe
370,ANDHRA PRADESH,NTR,PENUGANCHIPROLU,safe
371,ANDHRA PRADESH,NTR,REDDIGUDEM,safe
372,ANDHRA PRADESH,NTR,TIRUVURU,safe
373,ANDHRA PRADESH,NTR,VATSAVAI,safe
374,ANDHRA PRADESH,NTR,VEERULLAPADU,safe
375,ANDHRA PRADESH,NTR,VIJAYAWADA CENTRAL,safe
376,ANDHRA PRADESH,NTR,VIJAYAWADA EAST,safe
377,ANDHRA PRADESH,NTR,VIJAYAWADA NORTH,safe
378,ANDHRA PRADESH,NTR,VIJAYAWADA RURAL,safe
379,ANDHRA PRADESH,NTR,VIJAYAWADA WEST,safe
380,ANDHRA PRADESH,NTR,VISSANNAPET,safe
381,ANDHRA PRADESH,Palnadu,ACHAMPETA,semi_critical
382,ANDHRA PRADESH,Palnadu,AMARAVATHI,safe
383,ANDHRA PRADESH,Palnadu,BELLAMKONDA,safe
384,ANDHRA PRADESH,Palnadu,BOLLAPALLE,over_exploited
385,ANDHRA PRADESH,Palnadu,CHILAKALURIPET,safe
386,ANDHRA PRADESH,Palnadu,DACHEPALLE,safe
387,ANDHRA PRADESH,Palnadu,DURGI,over_exploited
388,ANDHRA PRADESH,Palnadu,EDLAPADU,safe
389,ANDHRA PRADESH,Palnadu,GURAZALA,safe
390,ANDHRA PRADESH,Palnadu,IPURU,safe
391,ANDHRA PRADESH,Palnadu,KAREMPUDI,safe
392,ANDHRA PRADESH,Palnadu,KROSURU,safe
393,ANDHRA PRADESH,Palnadu,MACHAVARAM,safe
394,ANDHRA PRADESH,Palnadu,MACHERLA,safe
395,ANDHRA PRADESH,Palnadu,MUPPALLA,safe
396,ANDHRA PRADESH,Palnadu,NADENDLA,safe
397,ANDHRA PRADESH,Palnadu,NAKARIKALLU,safe
398,ANDHRA PRADESH,Palnadu,NARASARAOPETA,safe
399,ANDHRA PRADESH,Palnadu,NUZENDLA,safe
400,ANDHRA PRADESH,Palnadu,PEDAKURAPADU,safe
401,ANDHRA PRADESH,Palnadu,PIDUGURALLA,safe
402,ANDHRA PRADESH,Palnadu,RAJUPALEM,safe
403,ANDHRA PRADESH,Palnadu,RENTACHINTALA,safe
404,ANDHRA PRADESH,Palnadu,ROMPICHERLA (GUNTUR),safe
405,ANDHRA PRADESH,Palnadu,SATTENAPALLE,safe
406,ANDHRA PRADESH,Palnadu,SAVALYAPURAM,safe
407,ANDHRA PRADESH,Palnadu,VELDURTHI,over_exploited
408,ANDHRA PRADESH,Palnadu,VINUKONDA,safe
409,ANDHRA PRADESH,Parvathipuram Manyam,BALIJIPETA,safe
410,ANDHRA PRADESH,Parvathipuram Manyam,BHAMINI,safe
411,ANDHRA PRADESH,Parvathipuram Manyam,GARUGUBILLI,safe
412,ANDHRA PRADESH,Parvathipuram Manyam,GUMMALAKSHMIPURAM,safe
413,ANDHRA PRADESH,Parvathipuram Manyam,JIYYAMMA VALASA,safe
414,ANDHRA PRADESH,Parvathipuram Manyam,KOMARADA,safe
415,ANDHRA PRADESH,Parvathipuram Manyam,KURUPAM,safe
416,ANDHRA PRADESH,Parvathipuram Manyam,MAKKUVA,safe
417,ANDHRA PRADESH,Parvathipuram Manyam,PACHIPENTA,safe
418,ANDHRA PRADESH,Parvathipuram Manyam,PALAKONDA,safe
419,ANDHRA PRADESH,Parvathipuram Manyam,PARVATHIPURAM,safe
420,ANDHRA PRADESH,Parvathipuram Manyam,SALUR,safe
421,ANDHRA PRADESH,Parvathipuram Manyam,SEETHAMPETA,safe
422,ANDHRA PRADESH,Parvathipuram Manyam,SEETHANAGARAM (MANYAM),safe
423,ANDHRA PRADESH,Parvathipuram Manyam,VEERAGHATTAM,safe
424,ANDHRA PRADESH,Prakasam,ARDHAVEEDU,safe
425,ANDHRA PRADESH,Prakasam,BESTAVARIPETA,safe
426,ANDHRA PRADESH,Prakasam,CHADRASEKARAPURAM,safe
427,ANDHRA PRADESH,Prakasam,CHIMAKURTHI,safe
428,ANDHRA PRADESH,Prakasam,CUMBUM,semi_critical
429,ANDHRA PRADESH,Prakasam,DARSI,safe
430,ANDHRA PRADESH,Prakasam,DONAKONDA,safe
431,ANDHRA PRADESH,Prakasam,DORNALA,safe
432,ANDHRA PRADESH,Prakasam,GIDDALURU,semi_critical
433,ANDHRA PRADESH,Prakasam,HANUMANTHUNIPADU,safe
434,ANDHRA PRADESH,Prakasam,KANIGIRI,safe
435,ANDHRA PRADESH,Prakasam,KOMAROLU,safe
436,ANDHRA PRADESH,Prakasam,KONAKANAMITLA,safe
437,ANDHRA PRADESH,Prakasam,KONDAPI,safe
438,ANDHRA PRADESH,Prakasam,KOTHAPATNAM,safe
439,ANDHRA PRADESH,Prakasam,KURICHEDU,safe
440,ANDHRA PRADESH,Prakasam,MADDIPADU,safe
441,ANDHRA PRADESH,Prakasam,MARKAPUR,semi_critical
442,ANDHRA PRADESH,Prakasam,MARRIPUDI,safe
443,ANDHRA PRADESH,Prakasam,MUNDLAMURU,safe
444,ANDHRA PRADESH,Prakasam,NAGULUPPALAPADU,safe
445,ANDHRA PRADESH,Prakasam,ONGOLE,safe
446,ANDHRA PRADESH,Prakasam,PAMUR,safe
447,ANDHRA PRADESH,Prakasam,PEDAARAVEEDU,over_exploited
448,ANDHRA PRADESH,Prakasam,PEDACHERLOPALLE,safe
449,ANDHRA PRADESH,Prakasam,PODILI,safe
450,ANDHRA PRADESH,Prakasam,PONNALURU,safe
451,ANDHRA PRADESH,Prakasam,PULLALACHERUVU,over_exploited
452,ANDHRA PRADESH,Prakasam,RACHERLA,over_exploited
453,ANDHRA PRADESH,Prakasam,SANTHANUTHLAPADU,safe
454,ANDHRA PRADESH,Prakasam,SINGARAYAKONDA,safe
455,ANDHRA PRADESH,Prakasam,TANGUTUR,safe
456,ANDHRA PRADESH,Prakasam,TARLAPADU,safe
457,ANDHRA PRADESH,Prakasam,THALLUR,safe
458,ANDHRA PRADESH,Prakasam,TRIPURANTHAKAM,semi_critical
459,ANDHRA PRADESH,Prakasam,VELIGANDLA,safe
460,ANDHRA PRADESH,Prakasam,YERRAGONDAPALEM,semi_critical
461,ANDHRA PRADESH,Prakasam,ZARUGUMILLI,safe
462,ANDHRA PRADESH,Sri Potti Sriramulu Nellore,ALLUR,safe
463,ANDHRA PRADESH,Sri Potti Sriramulu Nellore,ANANTHASAGARAM,safe
464,ANDHRA PRADESH,Sri Potti Sriramulu Nellore,ANUMASAMUDRAMPETA,safe
465,ANDHRA PRADESH,Sri Potti Sriramulu Nellore,ATMAKUR (NELLORE),safe
466,ANDHRA PRADESH,Sri Potti Sriramulu Nellore,BOGOLE,safe
467,ANDHRA PRADESH,Sri Potti Sriramulu Nellore,BUCCHIREDDIPALEM,safe
468,ANDHRA PRADESH,Sri Potti Sriramulu Nellore,CHEJERLA,safe
469,ANDHRA PRADESH,Sri Potti Sriramulu Nellore,DAGADARTHI,safe
470,ANDHRA PRADESH,Sri Potti Sriramulu Nellore,DUTTALUR,safe
471,ANDHRA PRADESH,Sri Potti Sriramulu Nellore,GUDLURU,safe
472,ANDHRA PRADESH,Sri Potti Sriramulu Nellore,INDUKURPET,semi_critical
473,ANDHRA PRADESH,Sri Potti Sriramulu Nellore,JALADANKI,safe
474,ANDHRA PRADESH,Sri Potti Sriramulu Nellore,KALIGIRI,safe
475,ANDHRA PRADESH,Sri Potti Sriramulu Nellore,KALUVOYA,safe
476,ANDHRA PRADESH,Sri Potti Sriramulu Nellore,KANDUKUR,safe
477,ANDHRA PRADESH,Sri Potti Sriramulu Nellore,KAVALI,safe
478,ANDHRA PRADESH,Sri Potti Sriramulu Nellore,KODAVALUR,safe
479,ANDHRA PRADESH,Sri Potti Sriramulu Nellore,KONDAPURAM (NELLORE),safe
480,ANDHRA PRADESH,Sri Potti Sriramulu Nellore,KOVUR,safe
481,ANDHRA PRADESH,Sri Potti Sriramulu Nellore,LINGASAMUDRAM,safe
482,ANDHRA PRADESH,Sri Potti Sriramulu Nellore,MANUBOLU,safe
483,ANDHRA PRADESH,Sri Potti Sriramulu Nellore,MARRIPADU,safe
484,ANDHRA PRADESH,Sri Potti Sriramulu Nellore,MUTHUKUR,safe
485,ANDHRA PRADESH,Sri Potti Sriramulu Nellore,NELLORE URBAN,safe
486,ANDHRA PRADESH,Sri Potti Sriramulu Nellore,PODLAKUR,safe
487,ANDHRA PRADESH,Sri Potti Sriramulu Nellore,RAPUR,safe
488,ANDHRA PRADESH,Sri Potti Sriramulu Nellore,SANGAM,safe
489,ANDHRA PRADESH,Sri Potti Sriramulu Nellore,SEETHARAMAPURAM,safe
490,ANDHRA PRADESH,Sri Potti Sriramulu Nellore,SYDAPURAM,safe
491,ANDHRA PRADESH,Sri Potti Sriramulu Nellore,THOTAPALLIGUDUR,safe
492,ANDHRA PRADESH,Sri Potti Sriramulu Nellore,UDAYAGIRI,safe
493,ANDHRA PRADESH,Sri Potti Sriramulu Nellore,ULAVAPADU,safe
494,ANDHRA PRADESH,Sri Potti Sriramulu Nellore,VARIKUNTAPADU,safe
495,ANDHRA PRADESH,Sri Potti Sriramulu Nellore,VENKATACHALAM,safe
496,ANDHRA PRADESH,Sri Potti Sriramulu Nellore,VIDAVALUR,safe
497,ANDHRA PRADESH,Sri Potti Sriramulu Nellore,VINJAMUR,safe
498,ANDHRA PRADESH,Sri Potti Sriramulu Nellore,VOLETIVARIPALEM,safe
499,ANDHRA PRADESH,Sri Sathya Sai,AGALI,critical
500,ANDHRA PRADESH,Sri Sathya Sai,AMADAGUR,semi_critical
501,ANDHRA PRADESH,Sri Sathya Sai,AMARAPURAM,safe
502,ANDHRA PRADESH,Sri Sathya Sai,BATHALAPALLE,safe
503,ANDHRA PRADESH,Sri Sathya Sai,BUKKAPATNAM,safe
504,ANDHRA PRADESH,Sri Sathya Sai,CHENNE KOTHAPALLE,safe
505,ANDHRA PRADESH,Sri Sathya Sai,CHILAMATHUR,safe
506,ANDHRA PRADESH,Sri Sathya Sai,DHARMAVARAM,safe
507,ANDHRA PRADESH,Sri Sathya Sai,GANDLAPENTA,over_exploited
508,ANDHRA PRADESH,Sri Sathya Sai,GORANTLA,safe
509,ANDHRA PRADESH,Sri Sathya Sai,GUDIBANDA,semi_critical
510,ANDHRA PRADESH,Sri Sathya Sai,HINDUPUR,over_exploited
511,ANDHRA PRADESH,Sri Sathya Sai,KADIRI,safe
512,ANDHRA PRADESH,Sri Sathya Sai,KANAGANAPALLE,safe
513,ANDHRA PRADESH,Sri Sathya Sai,KOTHACHERUVU,safe
514,ANDHRA PRADESH,Sri Sathya Sai,LEPAKSHI,semi_critical
515,ANDHRA PRADESH,Sri Sathya Sai,MADAKASIRA,safe
516,ANDHRA PRADESH,Sri Sathya Sai,MUDIGUBBA,safe
517,ANDHRA PRADESH,Sri Sathya Sai,NALLACHERUVU,semi_critical
518,ANDHRA PRADESH,Sri Sathya Sai,NALLAMADA,safe
519,ANDHRA PRADESH,Sri Sathya Sai,NAMBULIPULIKUNTA,semi_critical
520,ANDHRA PRADESH,Sri Sathya Sai,OBULADEVARACHERUVU,safe
521,ANDHRA PRADESH,Sri Sathya Sai,PARIGI,safe
522,ANDHRA PRADESH,Sri Sathya Sai,PENU KONDA,safe
523,ANDHRA PRADESH,Sri Sathya Sai,PUTTAPARTHI,safe
524,ANDHRA PRADESH,Sri Sathya Sai,RAMAGIRI,safe
525,ANDHRA PRADESH,Sri Sathya Sai,RODDAM,safe
526,ANDHRA PRADESH,Sri Sathya Sai,ROLLA,over_exploited
527,ANDHRA PRADESH,Sri Sathya Sai,SOMANDEPALLE,safe
528,ANDHRA PRADESH,Sri Sathya Sai,TADIMARRI,safe
529,ANDHRA PRADESH,Sri Sathya Sai,TALUPULA,safe
530,ANDHRA PRADESH,Sri Sathya Sai,TANAKAL,over_exploited
531,ANDHRA PRADESH,Srikakulam,AMADALAVALASA,safe
532,ANDHRA PRADESH,Srikakulam,BURJA,safe
533,ANDHRA PRADESH,Srikakulam,ETCHERLA,safe
534,ANDHRA PRADESH,Srikakulam,GANGUVARI SINGADAM,safe
535,ANDHRA PRADESH,Srikakulam,GARA,safe
536,ANDHRA PRADESH,Srikakulam,HIRAMANDALAM,safe
537,ANDHRA PRADESH,Srikakulam,ICHCHAPURAM,safe
538,ANDHRA PRADESH,Srikakulam,JALUMURU,safe
539,ANDHRA PRADESH,Srikakulam,KANCHILI,safe
540,ANDHRA PRADESH,Srikakulam,KAVITI,safe
541,ANDHRA PRADESH,Srikakulam,KOTABOMMAL,safe
542,ANDHRA PRADESH,Srikakulam,KOTHURU,safe
543,ANDHRA PRADESH,Srikakulam,LAVERU,over_exploited
544,ANDHRA PRADESH,Srikakulam,LAXMINARASAMPET,safe
545,ANDHRA PRADESH,Srikakulam,MANDASA,safe
546,ANDHRA PRADESH,Srikakulam,MELIAPUTTI,safe
547,ANDHRA PRADESH,Srikakulam,NANDIGAM,safe
548,ANDHRA PRADESH,Srikakulam,NARASANNAPETA,safe
549,ANDHRA PRADESH,Srikakulam,PALASA,safe
550,ANDHRA PRADESH,Srikakulam,PATHAPATNAM,safe
551,ANDHRA PRADESH,Srikakulam,POLAKI,safe
552,ANDHRA PRADESH,Srikakulam,PONDURU,safe
553,ANDHRA PRADESH,Srikakulam,RANASTALAM,over_exploited
554,ANDHRA PRADESH,Srikakulam,SANTHABOMMALI,safe
555,ANDHRA PRADESH,Srikakulam,SARAVAKOTA,safe
556,ANDHRA PRADESH,Srikakulam,SARUBUJJILI,safe
557,ANDHRA PRADESH,Srikakulam,SOMPETA,safe
558,ANDHRA PRADESH,Srikakulam,SRIKAKULAM MANDAL,safe
559,ANDHRA PRADESH,Srikakulam,TEKKALI,safe
560,ANDHRA PRADESH,Srikakulam,VAJRAPUKOTHURU,safe
561,ANDHRA PRADESH,Tirupati,BALAYAPALLE,safe
562,ANDHRA PRADESH,Tirupati,BUCHINAIDU KHANDRI,safe
563,ANDHRA PRADESH,Tirupati,CHANDRAGIRI,safe
564,ANDHRA PRADESH,Tirupati,CHILLAKUR,safe
565,ANDHRA PRADESH,Tirupati,CHINNAGOTTIGALLU,safe
566,ANDHRA PRADESH,Tirupati,CHITTAMUR,safe
567,ANDHRA PRADESH,Tirupati,DAKKILI,safe
568,ANDHRA PRADESH,Tirupati,DORAVARISATRAM,safe
569,ANDHRA PRADESH,Tirupati,GUDUR,safe
570,ANDHRA PRADESH,Tirupati,K V B PURAM,safe
571,ANDHRA PRADESH,Tirupati,KOTA,safe
572,ANDHRA PRADESH,Tirupati,NAGALAPURAM,safe
573,ANDHRA PRADESH,Tirupati,NAIDUPETA,safe
574,ANDHRA PRADESH,Tirupati,NARAYANAVANAM,safe
575,ANDHRA PRADESH,Tirupati,OJILI,safe
576,ANDHRA PRADESH,Tirupati,PAKALA,safe
577,ANDHRA PRADESH,Tirupati,PELLAKUR,safe
578,ANDHRA PRADESH,Tirupati,PICHATUR,safe
579,ANDHRA PRADESH,Tirupati,PUTTUR,safe
580,ANDHRA PRADESH,Tirupati,RAMACHANDRAPURAM-17,safe
581,ANDHRA PRADESH,Tirupati,RENIGUNTA,safe
582,ANDHRA PRADESH,Tirupati,SATYAVEDU,safe
583,ANDHRA PRADESH,Tirupati,SRIKALAHASTI,safe
584,ANDHRA PRADESH,Tirupati,SULLURPETA,safe
585,ANDHRA PRADESH,Tirupati,TADA,safe
586,ANDHRA PRADESH,Tirupati,THOTTAMBEDU,safe
587,ANDHRA PRADESH,Tirupati,TIRUPATI,safe
588,ANDHRA PRADESH,Tirupati,TIRUPATI URBAN,safe
589,ANDHRA PRADESH,Tirupati,VADAMALAPETA,safe
590,ANDHRA PRADESH,Tirupati,VAKADU,safe
591,ANDHRA PRADESH,Tirupati,VARADAIAHPALEM,safe
592,ANDHRA PRADESH,Tirupati,VENKATAGIRI,safe
593,ANDHRA PRADESH,Tirupati,YARRAVARIPALEM,safe
594,ANDHRA PRADESH,Tirupati,YERPEDU,safe
595,ANDHRA PRADESH,Visakhapatnam,ANANDAPURAM,safe
596,ANDHRA PRADESH,Visakhapatnam,BHEEMUNIPATNAM,safe
597,ANDHRA PRADESH,Visakhapatnam,GAJUWAKA,safe
598,ANDHRA PRADESH,Visakhapatnam,GOPALAPATNAM,safe
599,ANDHRA PRADESH,Visakhapatnam,MAHARANIPETA,safe
600,ANDHRA PRADESH,Visakhapatnam,MULAGADA,safe
601,ANDHRA PRADESH,Visakhapatnam,PADMANABHAM,safe
602,ANDHRA PRADESH,Visakhapatnam,PEDDAGANTYADA,safe
603,ANDHRA PRADESH,Visakhapatnam,PENDURTHI,safe
604,ANDHRA PRADESH,Visakhapatnam,SEETHAMMADHARA,safe
605,ANDHRA PRADESH,Visakhapatnam,VISAKHAPATNAM RURAL,critical
606,ANDHRA PRADESH,Vizianagaram,BADANGI,safe
607,ANDHRA PRADESH,Vizianagaram,BHOGHAPURAM,safe
608,ANDHRA PRADESH,Vizianagaram,BOBBILI,safe
609,ANDHRA PRADESH,Vizianagaram,BONDAPALLE,safe
610,ANDHRA PRADESH,Vizianagaram,CHEEPURUPALLE,safe
611,ANDHRA PRADESH,Vizianagaram,DATTIRAJERU,safe
612,ANDHRA PRADESH,Vizianagaram,DENKADA,safe
613,ANDHRA PRADESH,Vizianagaram,GAJAPATHINAGARAM,safe
614,ANDHRA PRADESH,Vizianagaram,GANTYADA,safe
615,ANDHRA PRADESH,Vizianagaram,GARIVIDI,safe
616,ANDHRA PRADESH,Vizianagaram,GURLA,safe
617,ANDHRA PRADESH,Vizianagaram,JAMI,safe
618,ANDHRA PRADESH,Vizianagaram,KOTHAVALASA,safe
619,ANDHRA PRADESH,Vizianagaram,LAKKAVARAPUKOTA,safe
620,ANDHRA PRADESH,Vizianagaram,MENTADA,safe
621,ANDHRA PRADESH,Vizianagaram,MERAKAMUDIDAM,safe
622,ANDHRA PRADESH,Vizianagaram,NELLIMARLA,safe
623,ANDHRA PRADESH,Vizianagaram,PUSAPATIREGA,safe
624,ANDHRA PRADESH,Vizianagaram,RAJAM,safe
625,ANDHRA PRADESH,Vizianagaram,RAMABHADRAPURAM,safe
626,ANDHRA PRADESH,Vizianagaram,REGIDIAMADALAVALASA,safe
627,ANDHRA PRADESH,Vizianagaram,SANTHAKAVITI,safe
628,ANDHRA PRADESH,Vizianagaram,SRUNGAVARAPUKOTA,safe
629,ANDHRA PRADESH,Vizianagaram,THERLAM,safe
630,ANDHRA PRADESH,Vizianagaram,VANGARA,safe
631,ANDHRA PRADESH,Vizianagaram,VEPADA,safe
632,ANDHRA PRADESH,Vizianagaram,VIZIANAGARAM MANDAL,safe
633,ANDHRA PRADESH,West Godavari,ACHANTA,safe
635,ANDHRA PRADESH,West Godavari,ATTILI,safe
638,ANDHRA PRADESH,West Godavari,IRAGAVARAM,safe
645,ANDHRA PRADESH,West Godavari,PENUGONDA,safe
646,ANDHRA PRADESH,West Godavari,PENUMANTRA,safe
648,ANDHRA PRADESH,West Godavari,TADEPALLIGUDEM,safe
649,ANDHRA PRADESH,West Godavari,TANUKU,safe
653,ANDHRA PRADESH,Y.S.R Kadapa,ATLUR,safe
654,ANDHRA PRADESH,Y.S.R Kadapa,B KODUR,safe
655,ANDHRA PRADESH,Y.S.R Kadapa,BADVEL,safe
656,ANDHRA PRADESH,Y.S.R Kadapa,BRAHMAMGARIMATTAM,safe
657,ANDHRA PRADESH,Y.S.R Kadapa,CHAKNAYAPET,safe
658,ANDHRA PRADESH,Y.S.R Kadapa,CHAPAD,safe
659,ANDHRA PRADESH,Y.S.R Kadapa,CHENNUR,safe
660,ANDHRA PRADESH,Y.S.R Kadapa,CHINTHA KOMMADINNE,safe
661,ANDHRA PRADESH,Y.S.R Kadapa,CUDDAPAH MANDAL,safe
662,ANDHRA PRADESH,Y.S.R Kadapa,DUVVUR,safe
663,ANDHRA PRADESH,Y.S.R Kadapa,GOPAVARAM,safe
664,ANDHRA PRADESH,Y.S.R Kadapa,JAMMALAMADUGU,safe
665,ANDHRA PRADESH,Y.S.R Kadapa,KALASAPADU,safe
666,ANDHRA PRADESH,Y.S.R Kadapa,KAMALAPURAM,safe
667,ANDHRA PRADESH,Y.S.R Kadapa,KHAJIPET,safe
668,ANDHRA PRADESH,Y.S.R Kadapa,KONDAPURAM,safe
669,ANDHRA PRADESH,Y.S.R Kadapa,LINGALA,safe
670,ANDHRA PRADESH,Y.S.R Kadapa,MUDDANUR,safe
671,ANDHRA PRADESH,Y.S.R Kadapa,MYLAVARAM,safe
672,ANDHRA PRADESH,Y.S.R Kadapa,PEDDAMUDIUM,safe
673,ANDHRA PRADESH,Y.S.R Kadapa,PENDLIMARRI,safe
674,ANDHRA PRADESH,Y.S.R Kadapa,PORUMAMILLA,safe
675,ANDHRA PRADESH,Y.S.R Kadapa,PRODDUTUR,safe
676,ANDHRA PRADESH,Y.S.R Kadapa,PULIVENDLA,safe
677,ANDHRA PRADESH,Y.S.R Kadapa,RAJU PALEM,safe
678,ANDHRA PRADESH,Y.S.R Kadapa,S MYDUKUR,safe
679,ANDHRA PRADESH,Y.S.R Kadapa,SIDHOUT,safe
680,ANDHRA PRADESH,Y.S.R Kadapa,SIMHADRIPURAM,safe
681,ANDHRA PRADESH,Y.S.R Kadapa,SRI AVADHUTHA KASINAYANA,safe
682,ANDHRA PRADESH,Y.S.R Kadapa,THANDUR,safe
683,ANDHRA PRADESH,Y.S.R Kadapa,VALLUR,safe
684,ANDHRA PRADESH,Y.S.R Kadapa,VEERAPUNAYUNIPALLE,safe
685,ANDHRA PRADESH,Y.S.R Kadapa,VEMPALLE,safe
686,ANDHRA PRADESH,Y.S.R Kadapa,VEMULA,safe
687,ANDHRA PRADESH,Y.S.R Kadapa,VONTIMITTA,safe
688,ANDHRA PRADESH,Y.S.R Kadapa,YERRAGUNTLA,safe
689,ARUNACHAL PRADESH,CHANGLANG,Bordumsa,safe
690,ARUNACHAL PRADESH,CHANGLANG,Changlang,safe
691,ARUNACHAL PRADESH,CHANGLANG,Diyun,safe
692,ARUNACHAL PRADESH,CHANGLANG,Khagam,safe
693,ARUNACHAL PRADESH,CHANGLANG,Nampong,safe
694,ARUNACHAL PRADESH,EAST KAMENG,Chayangtajo,safe
695,ARUNACHAL PRADESH,EAST KAMENG,Pakke-Kessang,safe
696,ARUNACHAL PRADESH,EAST KAMENG,Seijosa,safe
697,ARUNACHAL PRADESH,EAST KAMENG,Seppa,safe
698,ARUNACHAL PRADESH,EAST SIANG,Mebo,safe
699,ARUNACHAL PRADESH,EAST SIANG,Pasighat,safe
700,ARUNACHAL PRADESH,EAST SIANG,Ramle Bango,safe
701,ARUNACHAL PRADESH,EAST SIANG,Ruksin,safe
702,ARUNACHAL PRADESH,LOHIT,Chongkham,safe
703,ARUNACHAL PRADESH,LOHIT,Lekang_Mahadevpur,safe
704,ARUNACHAL PRADESH,LOHIT,Namsai,safe
705,ARUNACHAL PRADESH,LOHIT,Tezu,safe
706,ARUNACHAL PRADESH,LOHIT,Wakro,safe
707,ARUNACHAL PRADESH,LOWER DIBANG VALLEY,Dambuk,safe
708,ARUNACHAL PRADESH,LOWER DIBANG VALLEY,Roing-Koronu,safe
709,ARUNACHAL PRADESH,LOWER SUBANSIRI,Tame Raga,safe
710,ARUNACHAL PRADESH,LOWER SUBANSIRI,Yachuli,safe
711,ARUNACHAL PRADESH,LOWER SUBANSIRI,Ziro I,safe
712,ARUNACHAL PRADESH,PAPUM PARE,Balijan,safe
713,ARUNACHAL PRADESH,PAPUM PARE,Doimukh,safe
714,ARUNACHAL PRADESH,PAPUM PARE,Kimin,safe
715,ARUNACHAL PRADESH,PAPUM PARE,Sagalee,safe
716,ARUNACHAL PRADESH,TIRAP,Kanubari,safe
717,ARUNACHAL PRADESH,TIRAP,Khonsa,safe
718,ARUNACHAL PRADESH,TIRAP,Namsang,safe
719,ARUNACHAL PRADESH,TIRAP,Niausa,safe
720,ARUNACHAL PRADESH,UPPER SUBANSIRI,Daporijo,safe
721,ARUNACHAL PRADESH,UPPER SUBANSIRI,Dumporijo,safe
722,ARUNACHAL PRADESH,WEST KAMENG,Dirang,safe
723,ARUNACHAL PRADESH,WEST KAMENG,Kalaktang,safe
724,ARUNACHAL PRADESH,WEST KAMENG,Nafra,safe
725,ARUNACHAL PRADESH,WEST KAMENG,Singchung,safe
726,ARUNACHAL PRADESH,WEST KAMENG,Thrizino,safe
727,ARUNACHAL PRADESH,WEST SIANG,Basar,safe
728,ARUNACHAL PRADESH,WEST SIANG,Darak,safe
729,ARUNACHAL PRADESH,WEST SIANG,Likabali,safe
730,ARUNACHAL PRADESH,WEST SIANG,Rumgong,safe
731,ASSAM,BAKSA,BAKSA,safe
732,ASSAM,BAKSA,BARAMA,safe
733,ASSAM,BAKSA,DHAMDHAMA,safe
734,ASSAM,BAKSA,GOBARDHANA (PART),safe
735,ASSAM,BAKSA,GORESWAR,safe
736,ASSAM,BAKSA,JALAH,safe
737,ASSAM,BAKSA,NAGRIJULI,safe
738,ASSAM,BAKSA,TAMULPUR,safe
739,ASSAM,BAKSA,TIHU (PART),safe
740,ASSAM,BAKSA,TIHU-BARAMA,safe
741,ASSAM,BARPETA,BAJALI,safe
742,ASSAM,BARPETA,BARPETA,safe
743,ASSAM,BARPETA,BHABANIPUR,safe
744,ASSAM,BARPETA,CHAKCHAKA (PART),safe
745,ASSAM,BARPETA,CHENGA,safe
746,ASSAM,BARPETA,GOBARDHANA (PART),safe
747,ASSAM,BARPETA,GOMAPHULBARI,safe
748,ASSAM,BARPETA,JALAH (PART),safe
749,ASSAM,BARPETA,MANDIA,safe
750,ASSAM,BARPETA,PAKABETBARI,safe
751,ASSAM,BARPETA,RUPOSHI,safe
752,ASSAM,BARPETA,SARUKHETRI,safe
753,ASSAM,BONGAIGAON,BOITAMARI,safe
754,ASSAM,BONGAIGAON,DANGTOL,safe
755,ASSAM,BONGAIGAON,MANIKPUR (PART),safe
756,ASSAM,BONGAIGAON,SRIJANGRAM,safe
757,ASSAM,BONGAIGAON,TAPATTARY,safe
758,ASSAM,CACHAR,BARJALENGA,safe
759,ASSAM,CACHAR,BASKANDI,safe
760,ASSAM,CACHAR,BINNAKANDI,safe
761,ASSAM,CACHAR,BORKHOLA,safe
762,ASSAM,CACHAR,KALAIN,safe
763,ASSAM,CACHAR,KATIGORAH,safe
764,ASSAM,CACHAR,LAKHIPUR,safe
765,ASSAM,CACHAR,NARSINGPUR,safe
766,ASSAM,CACHAR,PALONGHAT,safe
767,ASSAM,CACHAR,RAJABAZAR,safe
768,ASSAM,CACHAR,SALCHAPRA,safe
769,ASSAM,CACHAR,SILCHAR,safe
770,ASSAM,CACHAR,SONAI,safe
771,ASSAM,CACHAR,TAPANG,safe
772,ASSAM,CACHAR,UDARBOND,safe
773,ASSAM,CHIRANG,BOROBAZAR,safe
774,ASSAM,CHIRANG,CHAKCHAKA (PART),safe
775,ASSAM,CHIRANG,GOBARDHANA (PART),safe
776,ASSAM,CHIRANG,MANIKPUR (PART),safe
777,ASSAM,CHIRANG,SIDLI-CHIRANG (PART),safe
778,ASSAM,DARRANG,BECHIMARI,safe
779,ASSAM,DARRANG,DALGAON-SIALMARI,safe
780,ASSAM,DARRANG,KALAIGAON (PART),safe
781,ASSAM,DARRANG,KHOIRABARI (PART),safe
782,ASSAM,DARRANG,PACHIM-MANGALDAI,safe
783,ASSAM,DARRANG,PUB MANGOLDOI,safe
784,ASSAM,DARRANG,SIPAJHAR_PART,safe
785,ASSAM,DHEMAJI,BORDOLONI,safe
786,ASSAM,DHEMAJI,DHEMAJI,safe
787,ASSAM,DHEMAJI,MACHKHOWA,safe
788,ASSAM,DHEMAJI,MURKONGSELEK,safe
789,ASSAM,DHEMAJI,SISIBORGAON,safe
790,ASSAM,DHUBRI,AGAMONI,safe
791,ASSAM,DHUBRI,BILASIPARA (PART),safe
792,ASSAM,DHUBRI,BIRSHINGJARUA,safe
793,ASSAM,DHUBRI,CHAPAR-SALKOCHA (PART),safe
794,ASSAM,DHUBRI,DEBITOLA (PART),safe
795,ASSAM,DHUBRI,FEKAMARI,safe
796,ASSAM,DHUBRI,GAURIPUR,safe
797,ASSAM,DHUBRI,GOLAKGANJ (PART),safe
798,ASSAM,DHUBRI,HATIDHURA (PART),safe
799,ASSAM,DHUBRI,JAMADARHAT,safe
800,ASSAM,DHUBRI,MAHAMAYA (PART),safe
801,ASSAM,DHUBRI,MANKACHAR,safe
802,ASSAM,DHUBRI,NAYERALGA,safe
803,ASSAM,DHUBRI,RUPSI (PART),safe
804,ASSAM,DHUBRI,SOUTH SALMARA,safe
805,ASSAM,DIBRUGARH,BARBARUAH,safe
806,ASSAM,DIBRUGARH,JOYPUR,safe
807,ASSAM,DIBRUGARH,KHOWANG,safe
808,ASSAM,DIBRUGARH,LAHOAL,safe
809,ASSAM,DIBRUGARH,PANITOLA,safe
810,ASSAM,DIBRUGARH,TENGAKHAT,safe
811,ASSAM,DIBRUGARH,TINGKHONG,safe
812,ASSAM,DIMA HASAO,DIYUNG VALLEY,safe
813,ASSAM,DIMA HASAO,DIYUNGBRA,safe
814,ASSAM,DIMA HASAO,HARANGAJAO,safe
815,ASSAM,DIMA HASAO,JATINGA VALLEY,safe
816,ASSAM,DIMA HASAO,NEW SANGBAR,safe
817,ASSAM,GOALPARA,BALIJANA,safe
818,ASSAM,GOALPARA,JALESWAR,safe
819,ASSAM,GOALPARA,KHARMUZA,safe
820,ASSAM,GOALPARA,KRISHNAI,safe
821,ASSAM,GOALPARA,KUCHDHOWA,safe
822,ASSAM,GOALPARA,LAKHIPUR,safe
823,ASSAM,GOALPARA,MATIA,safe
824,ASSAM,GOALPARA,RONGJULI,safe
825,ASSAM,GOLAGHAT,GAMARIGURI,safe
826,ASSAM,GOLAGHAT,GOLAGHAT CENTRAL,safe
827,ASSAM,GOLAGHAT,GOLAGHAT EAST,safe
828,ASSAM,GOLAGHAT,GOLAGHAT NORTH,safe
829,ASSAM,GOLAGHAT,GOLAGHAT SOUTH,safe
830,ASSAM,GOLAGHAT,GOLAGHAT WEST,semi_critical
831,ASSAM,GOLAGHAT,KAKODONGA,safe
832,ASSAM,GOLAGHAT,MORONGI,safe
833,ASSAM,HAILAKANDI,ALGAPUR,safe
834,ASSAM,HAILAKANDI,HAILAKANDI,safe
835,ASSAM,HAILAKANDI,KATLICHERRA,safe
836,ASSAM,HAILAKANDI,LALA,safe
837,ASSAM,HAILAKANDI,SOUTH HAILAKANDI,safe
838,ASSAM,JORHAT,JORHAT,safe
839,ASSAM,JORHAT,JORHAT CENTRAL,safe
840,ASSAM,JORHAT,JORHAT EAST,safe
841,ASSAM,JORHAT,KALIAPANI,safe
842,ASSAM,JORHAT,MAJULI,safe
843,ASSAM,JORHAT,NORTH WEST JORHAT,safe
844,ASSAM,JORHAT,TITABOR,safe
845,ASSAM,JORHAT,UJANI MAJULI,safe
846,ASSAM,KAMRUP,BEZERA (PART),safe
847,ASSAM,KAMRUP,BIHDIYA JAJIKONA,safe
848,ASSAM,KAMRUP,BOKO,safe
849,ASSAM,KAMRUP,BONGAON,safe
850,ASSAM,KAMRUP,CHAMARIA,safe
851,ASSAM,KAMRUP,CHAYANI BARDUAR,safe
852,ASSAM,KAMRUP,CHAYGAON,safe
853,ASSAM,KAMRUP,GOROIMARI,safe
854,ASSAM,KAMRUP,HAJO,safe
855,ASSAM,KAMRUP,KAMALPUR,safe
856,ASSAM,KAMRUP,RAMPUR,safe
857,ASSAM,KAMRUP,RANGIA,safe
858,ASSAM,KAMRUP,RANI (PART),safe
859,ASSAM,KAMRUP,SUALKUCHI,safe
860,ASSAM,KAMRUP (M),CHANDRAPUR,safe
861,ASSAM,KAMRUP (M),DIMORIA,safe
862,ASSAM,KAMRUP (M),GUWAHATI,semi_critical
863,ASSAM,KAMRUP (M),RANI (PART),safe
864,ASSAM,KARBI ANGLONG,AMRI,safe
865,ASSAM,KARBI ANGLONG,BOKAJAN,safe
866,ASSAM,KARBI ANGLONG,CHINTHONG,safe
867,ASSAM,KARBI ANGLONG,HOWRAGHAT,safe
868,ASSAM,KARBI ANGLONG,LANGSOMEPI,safe
869,ASSAM,KARBI ANGLONG,LUMBAJONG,safe
870,ASSAM,KARBI ANGLONG,NILIP,safe
871,ASSAM,KARBI ANGLONG,RONGKHANG,safe
872,ASSAM,KARBI ANGLONG,RONGMONGWAY,safe
873,ASSAM,KARBI ANGLONG,SAMELANGSO,safe
874,ASSAM,KARBI ANGLONG,SOCHENG,safe
875,ASSAM,KARIMGANJ,BADARPUR,safe
876,ASSAM,KARIMGANJ,DULLAVCHERRA,safe
877,ASSAM,KARIMGANJ,LOWAIRPOA,safe
878,ASSAM,KARIMGANJ,NORTH KARIMGANJ,safe
879,ASSAM,KARIMGANJ,PATHARKANDI,safe
880,ASSAM,KARIMGANJ,RAMKRISHNA NAGAR,safe
881,ASSAM,KARIMGANJ,SOUTH KARIMGANJ,safe
882,ASSAM,KOKRAJHAR,BILASIPARA (PART),safe
883,ASSAM,KOKRAJHAR,CHAPAR-SALKOCHA (PART),safe
884,ASSAM,KOKRAJHAR,DEBITOLA (PART),safe
885,ASSAM,KOKRAJHAR,DOTOMA,safe
886,ASSAM,KOKRAJHAR,GOLAKGANJ (PART),safe
887,ASSAM,KOKRAJHAR,GOSSAIGAON,safe
888,ASSAM,KOKRAJHAR,HATIDHURA (PART),safe
889,ASSAM,KOKRAJHAR,KACHUGAON,safe
890,ASSAM,KOKRAJHAR,KOKRAJHAR,safe
891,ASSAM,KOKRAJHAR,MAHAMAYA (PART),safe
892,ASSAM,KOKRAJHAR,RUPSI (PART),safe
893,ASSAM,LAKHIMPUR,BIHPURIA,safe
894,ASSAM,LAKHIMPUR,BOGINADI,safe
895,ASSAM,LAKHIMPUR,DHAKUAKHANA,safe
896,ASSAM,LAKHIMPUR,GHILAMARA,safe
897,ASSAM,LAKHIMPUR,KARUNABARI,safe
898,ASSAM,LAKHIMPUR,LAKHIMPUR,safe
899,ASSAM,LAKHIMPUR,NARAYANPUR,safe
900,ASSAM,LAKHIMPUR,NOWBOICHA,safe
901,ASSAM,LAKHIMPUR,TELAHI,safe
902,ASSAM,MORIGAON,BATADRABA (PART),safe
903,ASSAM,MORIGAON,BHURBANDHA,safe
904,ASSAM,MORIGAON,DULONGGHAT (PART),safe
905,ASSAM,MORIGAON,KAPILI (PART),safe
906,ASSAM,MORIGAON,LAHARIGHAT,safe
907,ASSAM,MORIGAON,MAIRABARI (PART),safe
908,ASSAM,MORIGAON,MAYANG,safe
909,ASSAM,NAGAON,BAJIAGAON,safe
910,ASSAM,NAGAON,BARHAMPUR,safe
911,ASSAM,NAGAON,BATADRABA (PART),safe
912,ASSAM,NAGAON,BINNAKANDI,safe
913,ASSAM,NAGAON,DHAL PUKHURI,safe
914,ASSAM,NAGAON,DULONGGHAT (PART),safe
915,ASSAM,NAGAON,JUGIJAN,safe
916,ASSAM,NAGAON,JURIA,safe
917,ASSAM,NAGAON,KALIABOR,safe
918,ASSAM,NAGAON,KAPILI (PART),safe
919,ASSAM,NAGAON,KATHIATOLI,safe
920,ASSAM,NAGAON,KHAGORIJAN,safe
921,ASSAM,NAGAON,LAOKHOWA,safe
922,ASSAM,NAGAON,LUMDING,safe
923,ASSAM,NAGAON,MAIRABARI (PART),safe
924,ASSAM,NAGAON,PACHIM-KALIABOR,safe
925,ASSAM,NAGAON,PAKHIMARIA,safe
926,ASSAM,NAGAON,RAHA,safe
927,ASSAM,NAGAON,RUPAHI,safe
928,ASSAM,NAGAON,UDALI,safe
929,ASSAM,NALBARI,BARBHAG,safe
930,ASSAM,NALBARI,BARIGOG BANBHAG,safe
931,ASSAM,NALBARI,BARKHETRI,safe
932,ASSAM,NALBARI,MADHUPUR,safe
933,ASSAM,NALBARI,PACHIM NALBARI,safe
934,ASSAM,NALBARI,PUB NALBARI,safe
935,ASSAM,NALBARI,TIHU (PART),safe
936,ASSAM,SIBSAGAR,AMGURI,safe
937,ASSAM,SIBSAGAR,DEMOW,safe
938,ASSAM,SIBSAGAR,GOURISAGAR,safe
939,ASSAM,SIBSAGAR,LAKWA,safe
940,ASSAM,SIBSAGAR,NAZIRA,safe
941,ASSAM,SIBSAGAR,PACHIM ABHYAPURI,safe
942,ASSAM,SIBSAGAR,SAPEKHATI,safe
943,ASSAM,SIBSAGAR,SIBSAGAR,safe
944,ASSAM,SIBSAGAR,SONARI,safe
945,ASSAM,SONITPUR,BAGHMARA,safe
946,ASSAM,SONITPUR,BALIPARA,safe
947,ASSAM,SONITPUR,BARCHALA,safe
948,ASSAM,SONITPUR,BEHALI,safe
949,ASSAM,SONITPUR,BIHAGURI,safe
950,ASSAM,SONITPUR,BISWANATH,safe
951,ASSAM,SONITPUR,CHAIDUAR,safe
952,ASSAM,SONITPUR,CHATIA,safe
953,ASSAM,SONITPUR,DHEKIAJULI,safe
954,ASSAM,SONITPUR,GABHARU,safe
955,ASSAM,SONITPUR,NADUAR,safe
956,ASSAM,SONITPUR,PUB-CHAIDUAR,safe
957,ASSAM,SONITPUR,RANGAPARA,safe
958,ASSAM,SONITPUR,SAKOMATHA,safe
959,ASSAM,TINSUKIA,GUIJAN,safe
960,ASSAM,TINSUKIA,HAPJAN,safe
961,ASSAM,TINSUKIA,ITAKHULI,safe
962,ASSAM,TINSUKIA,KAKOPATHAR,safe
963,ASSAM,TINSUKIA,MARGHERITA,safe
964,ASSAM,TINSUKIA,SADIYA,safe
965,ASSAM,TINSUKIA,SAIKHOWA,safe
966,ASSAM,UDALGURI,BARCHALA,safe
967,ASSAM,UDALGURI,BECHIMARI (PART),safe
968,ASSAM,UDALGURI,BHERGAON,safe
969,ASSAM,UDALGURI,KALAIGAON (PART),safe
970,ASSAM,UDALGURI,KHOIRABARI (PART),safe
971,ASSAM,UDALGURI,MAJBAT,safe
972,ASSAM,UDALGURI,PACHIM-MANGALDAI,safe
973,ASSAM,UDALGURI,PUB-MANGALDAI (PART),safe
974,ASSAM,UDALGURI,ROWTA,safe
975,ASSAM,UDALGURI,UDALGURI,safe
976,BIHAR,ARARIA,ARARIA,safe
977,BIHAR,ARARIA,BHARGAMA,safe
978,BIHAR,ARARIA,FORBESGANJ,safe
979,BIHAR,ARARIA,JOKIHAT,safe
980,BIHAR,ARARIA,KURSAKANTA,safe
981,BIHAR,ARARIA,NARPATGANJ,safe
982,BIHAR,ARARIA,PALASI,safe
983,BIHAR,ARARIA,RANIGANJ,safe
984,BIHAR,ARARIA,SIKTI,safe
985,BIHAR,ARWAL,ARWAL,safe
986,BIHAR,ARWAL,KALER,safe
987,BIHAR,ARWAL,KARPI,safe
988,BIHAR,ARWAL,KURTHA,safe
989,BIHAR,ARWAL,SONBHADRA BANSHI SURYPUR,safe
990,BIHAR,AURANGABAD,AURANGABAD,safe
991,BIHAR,AURANGABAD,BARUN,safe
992,BIHAR,AURANGABAD,DAUDNAGAR,safe
993,BIHAR,AURANGABAD,DEO,safe
994,BIHAR,AURANGABAD,GOH,safe
995,BIHAR,AURANGABAD,HASPURA,safe
996,BIHAR,AURANGABAD,KUTUMBA,safe
997,BIHAR,AURANGABAD,MADANPUR,safe
998,BIHAR,AURANGABAD,NABINAGAR,safe
999,BIHAR,AURANGABAD,OBRA,safe
1000,BIHAR,AURANGABAD,RAFIGANJ,safe
1001,BIHAR,BANKA,AMARPUR,semi_critical
1002,BIHAR,BANKA,BANKA,safe
1003,BIHAR,BANKA,BARAHAT,safe
1004,BIHAR,BANKA,BELHAR,safe
1005,BIHAR,BANKA,BOUNSI,safe
1006,BIHAR,BANKA,CHANDAN,safe
1007,BIHAR,BANKA,DHORAIYA,semi_critical
1008,BIHAR,BANKA,FULLIDUMAR,safe
1009,BIHAR,BANKA,KATORIYA,safe
1010,BIHAR,BANKA,RAJOUN,safe
1011,BIHAR,BANKA,SHAMBHUGANJ,safe
1012,BIHAR,BEGUSARAI,BACHWARA,safe
1013,BIHAR,BEGUSARAI,BAKHRI,safe
1014,BIHAR,BEGUSARAI,BALIA,safe
1015,BIHAR,BEGUSARAI,BARAUNI,safe
1016,BIHAR,BEGUSARAI,BEGUSARAI,safe
1017,BIHAR,BEGUSARAI,BHAGAWANPUR,safe
1018,BIHAR,BEGUSARAI,BIRPUR,semi_critical
1019,BIHAR,BEGUSARAI,CHERIA BARIYARPUR,safe
1020,BIHAR,BEGUSARAI,CHHORAHI,safe
1021,BIHAR,BEGUSARAI,DANDARI,safe
1022,BIHAR,BEGUSARAI,GARHPURA,safe
1023,BIHAR,BEGUSARAI,KHUDABANDPUR,semi_critical
1024,BIHAR,BEGUSARAI,MANSOORCHAK,safe
1025,BIHAR,BEGUSARAI,MATIHANI,safe
1026,BIHAR,BEGUSARAI,NAVKOTHI,semi_critical
1027,BIHAR,BEGUSARAI,SAHEBPUR KAMAL,safe
1028,BIHAR,BEGUSARAI,SAMHO-AKHA-KURHA,safe
1029,BIHAR,BEGUSARAI,TEGHRA,safe
1030,BIHAR,BHAGALPUR,BIHPUR,safe
1031,BIHAR,BHAGALPUR,GAURADIH,safe
1032,BIHAR,BHAGALPUR,GOPALPUR,safe
1033,BIHAR,BHAGALPUR,ISMAILPUR,safe
1034,BIHAR,BHAGALPUR,JAGDISHPUR,safe
1035,BIHAR,BHAGALPUR,KAHALGAON,safe
1036,BIHAR,BHAGALPUR,KHARIK,safe
1037,BIHAR,BHAGALPUR,NARAYANPUR,safe
1038,BIHAR,BHAGALPUR,NATHNAGAR,safe
1039,BIHAR,BHAGALPUR,NAUGACHHIA,safe
1040,BIHAR,BHAGALPUR,PIRPAINTY,safe
1041,BIHAR,BHAGALPUR,RANGRA CHOWK,safe
1042,BIHAR,BHAGALPUR,SABOUR,safe
1043,BIHAR,BHAGALPUR,SANHOULA,safe
1044,BIHAR,BHAGALPUR,SHAHKUND,safe
1045,BIHAR,BHAGALPUR,SULTANGANJ,safe
1046,BIHAR,BHOJPUR,AGIAON,safe
1047,BIHAR,BHOJPUR,ARA SADAR,semi_critical
1048,BIHAR,BHOJPUR,BARHARA,safe
1049,BIHAR,BHOJPUR,BIHIYA,semi_critical
1050,BIHAR,BHOJPUR,CHARPOKHRI,safe
1051,BIHAR,BHOJPUR,GARHANI,safe
1052,BIHAR,BHOJPUR,JAGDISHPUR,safe
1053,BIHAR,BHOJPUR,KOILWAR,safe
1054,BIHAR,BHOJPUR,PIRO,safe
1055,BIHAR,BHOJPUR,SAHAR,safe
1056,BIHAR,BHOJPUR,SANDESH,safe
1057,BIHAR,BHOJPUR,SHAHPUR,semi_critical
1058,BIHAR,BHOJPUR,TARARI,safe
1059,BIHAR,BHOJPUR,UDWANTNAGAR,safe
1060,BIHAR,BUXAR,BRAHMPUR,safe
1061,BIHAR,BUXAR,BUXAR,safe
1062,BIHAR,BUXAR,CHAKKI,safe
1063,BIHAR,BUXAR,CHAUGAIN,safe
1064,BIHAR,BUXAR,CHAUSA,safe
1065,BIHAR,BUXAR,DUMRAON,safe
1066,BIHAR,BUXAR,ITARHI,safe
1067,BIHAR,BUXAR,KESATH,safe
1068,BIHAR,BUXAR,NAWANAGAR,safe
1069,BIHAR,BUXAR,RAJPUR,safe
1070,BIHAR,BUXAR,SIMRI,safe
1071,BIHAR,DARBHANGA,ALINAGAR,safe
1072,BIHAR,DARBHANGA,BAHADURPUR,safe
1073,BIHAR,DARBHANGA,BAHERI,safe
1074,BIHAR,DARBHANGA,BENIPUR,safe
1075,BIHAR,DARBHANGA,BIRAUL,safe
1076,BIHAR,DARBHANGA,DARBHANGA,safe
1077,BIHAR,DARBHANGA,GAURA BAURAM,safe
1078,BIHAR,DARBHANGA,GHANSHYAMPUR,safe
1079,BIHAR,DARBHANGA,HANUMAN NAGAR,safe
1080,BIHAR,DARBHANGA,HAYAGHAT,safe
1081,BIHAR,DARBHANGA,JALE,safe
1082,BIHAR,DARBHANGA,KEOTI,safe
1083,BIHAR,DARBHANGA,KIRATPUR,safe
1084,BIHAR,DARBHANGA,KUSHESWAR ASTHAN,safe
1085,BIHAR,DARBHANGA,KUSHESWAR ASTHAN EAST,safe
1086,BIHAR,DARBHANGA,MANIGACHHI,safe
1087,BIHAR,DARBHANGA,SINGHWARA,safe
1088,BIHAR,DARBHANGA,TARDIH,safe
1089,BIHAR,EAST CHAMPARAN,ADAPUR,safe
1090,BIHAR,EAST CHAMPARAN,ARERAJ,safe
1091,BIHAR,EAST CHAMPARAN,BANJARIYA,safe
1092,BIHAR,EAST CHAMPARAN,BANKATWA,safe
1093,BIHAR,EAST CHAMPARAN,CHAKIA,safe
1094,BIHAR,EAST CHAMPARAN,CHAURADANO,safe
1095,BIHAR,EAST CHAMPARAN,CHIRAIYA,safe
1096,BIHAR,EAST CHAMPARAN,DHAKA,safe
1097,BIHAR,EAST CHAMPARAN,GHORASAHAN,safe
1098,BIHAR,EAST CHAMPARAN,HARSIDDHI,safe
1099,BIHAR,EAST CHAMPARAN,KALYANPUR,safe
1100,BIHAR,EAST CHAMPARAN,KESARIA,safe
1101,BIHAR,EAST CHAMPARAN,KOTWA,safe
1102,BIHAR,EAST CHAMPARAN,MADHUBAN,safe
1103,BIHAR,EAST CHAMPARAN,MEHSI,safe
1104,BIHAR,EAST CHAMPARAN,MOTIHARI,safe
1105,BIHAR,EAST CHAMPARAN,PAHARPUR,safe
1106,BIHAR,EAST CHAMPARAN,PAKARIDAYAL,safe
1107,BIHAR,EAST CHAMPARAN,PATAHI,safe
1108,BIHAR,EAST CHAMPARAN,PHENHARA,safe
1109,BIHAR,EAST CHAMPARAN,PIPRAKOTHI,safe
1110,BIHAR,EAST CHAMPARAN,RAMGARHWA,safe
1111,BIHAR,EAST CHAMPARAN,RAXAUL,safe
1112,BIHAR,EAST CHAMPARAN,SANGRAMPUR,safe
1113,BIHAR,EAST CHAMPARAN,SUGAULI,safe
1114,BIHAR,EAST CHAMPARAN,TETARIA,safe
1115,BIHAR,EAST CHAMPARAN,TURKAULIYA,safe
1116,BIHAR,GAYA,AMAS,safe
1117,BIHAR,GAYA,ATRI,safe
1118,BIHAR,GAYA,BANKE BAZAR,safe
1119,BIHAR,GAYA,BARACHATTY,safe
1120,BIHAR,GAYA,BELAGANJ,semi_critical
1121,BIHAR,GAYA,BODH GAYA,safe
1122,BIHAR,GAYA,DOBHI,safe
1123,BIHAR,GAYA,DUMARIYA,safe
1124,BIHAR,GAYA,FATEHPUR,safe
1125,BIHAR,GAYA,GAYA SADAR,semi_critical
1126,BIHAR,GAYA,GURARU,safe
1127,BIHAR,GAYA,GURUA,safe
1128,BIHAR,GAYA,IMAMGANJ,safe
1129,BIHAR,GAYA,KHIZAR SARAI,safe
1130,BIHAR,GAYA,KONCH,safe
1131,BIHAR,GAYA,MANPUR,safe
1132,BIHAR,GAYA,MOHANPUR,safe
1133,BIHAR,GAYA,MUHRA,safe
1134,BIHAR,GAYA,NEEMCHAK BATHANI,safe
1135,BIHAR,GAYA,PARAIYA,safe
1136,BIHAR,GAYA,SHERGHATI,safe
1137,BIHAR,GAYA,TANKUPPA,safe
1138,BIHAR,GAYA,TEKARI,semi_critical
1139,BIHAR,GAYA,WAZIRGANJ,safe
1140,BIHAR,GOPALGANJ,BAIKUNTHPUR,safe
1141,BIHAR,GOPALGANJ,BARAULI,safe
1142,BIHAR,GOPALGANJ,BHORE,safe
1143,BIHAR,GOPALGANJ,GOPALGANJ,safe
1144,BIHAR,GOPALGANJ,HATHUA,safe
1145,BIHAR,GOPALGANJ,KATEYA,safe
1146,BIHAR,GOPALGANJ,KUCHAIKOT,safe
1147,BIHAR,GOPALGANJ,MANJHA,safe
1148,BIHAR,GOPALGANJ,PANCHDEVARI,safe
1149,BIHAR,GOPALGANJ,PHULWARIA,safe
1150,BIHAR,GOPALGANJ,SIDHWALIA,safe
1151,BIHAR,GOPALGANJ,THAWE,safe
1152,BIHAR,GOPALGANJ,UCHKAGAON,safe
1153,BIHAR,GOPALGANJ,VIJAYIPUR,safe
1154,BIHAR,JAMUI,BARHAT,safe
1155,BIHAR,JAMUI,CHAKAI,safe
1156,BIHAR,JAMUI,GIDHAUR,safe
1157,BIHAR,JAMUI,ISLAMNAGAR ALIGANJ,safe
1158,BIHAR,JAMUI,JAMUI,safe
1159,BIHAR,JAMUI,JHAJHA,safe
1160,BIHAR,JAMUI,KHAIRA,safe
1161,BIHAR,JAMUI,LAXMIPUR,safe
1162,BIHAR,JAMUI,SIKANDRA,safe
1163,BIHAR,JAMUI,SONO,safe
1164,BIHAR,JEHANABAD,GHOSHI,semi_critical
1165,BIHAR,JEHANABAD,HULASGUNJ,safe
1166,BIHAR,JEHANABAD,JEHANABAD,semi_critical
1167,BIHAR,JEHANABAD,KAKO,critical
1168,BIHAR,JEHANABAD,MAKHDUMPUR,semi_critical
1169,BIHAR,JEHANABAD,MODANGANJ,semi_critical
1170,BIHAR,JEHANABAD,RATNI FARIDPUR,over_exploited
1171,BIHAR,KAIMUR,ADHAURA,safe
1172,BIHAR,KAIMUR,BHABHUA,safe
1173,BIHAR,KAIMUR,BHAGWANPUR,semi_critical
1174,BIHAR,KAIMUR,CHAINPUR,safe
1175,BIHAR,KAIMUR,CHAND,safe
1176,BIHAR,KAIMUR,DURGAWATI,safe
1177,BIHAR,KAIMUR,KUDRA,safe
1178,BIHAR,KAIMUR,MOHANIA,safe
1179,BIHAR,KAIMUR,NUAON,safe
1180,BIHAR,KAIMUR,RAMGARH,safe
1181,BIHAR,KAIMUR,RAMPUR,safe
1182,BIHAR,KATIHAR,AMDABAD,safe
1183,BIHAR,KATIHAR,AZAMNAGAR,safe
1184,BIHAR,KATIHAR,BALRAMPUR,safe
1185,BIHAR,KATIHAR,BARARI,safe
1186,BIHAR,KATIHAR,BARSOI,safe
1187,BIHAR,KATIHAR,DANDKHORA,safe
1188,BIHAR,KATIHAR,FALKA,safe
1189,BIHAR,KATIHAR,HASANGANJ,safe
1190,BIHAR,KATIHAR,KADWA,safe
1191,BIHAR,KATIHAR,KATIHAR,safe
1192,BIHAR,KATIHAR,KORHA,safe
1193,BIHAR,KATIHAR,KURSELA,safe
1194,BIHAR,KATIHAR,MANIHARI,safe
1195,BIHAR,KATIHAR,MANSAHI,safe
1196,BIHAR,KATIHAR,PRANPUR,safe
1197,BIHAR,KATIHAR,SAMELI,safe
1198,BIHAR,KHAGARIA,ALAULI,safe
1199,BIHAR,KHAGARIA,BELDAUR,safe
1200,BIHAR,KHAGARIA,CHAUTHAM,safe
1201,BIHAR,KHAGARIA,GOGRI,safe
1202,BIHAR,KHAGARIA,KHAGARIA,safe
1203,BIHAR,KHAGARIA,MANSI,safe
1204,BIHAR,KHAGARIA,PARBATTA,safe
1205,BIHAR,KISHANGANJ,BAHADURGANJ,safe
1206,BIHAR,KISHANGANJ,DIGHALBANK,safe
1207,BIHAR,KISHANGANJ,KISHANGANJ,safe
1208,BIHAR,KISHANGANJ,KOCHADHAMAN,safe
1209,BIHAR,KISHANGANJ,POTHIA,safe
1210,BIHAR,KISHANGANJ,TERHAGACHH,safe
1211,BIHAR,KISHANGANJ,THAKURGANJ,safe
1212,BIHAR,LAKHISARAI,BARAHIA,safe
1213,BIHAR,LAKHISARAI,CHANNAN,safe
1214,BIHAR,LAKHISARAI,HALSI,safe
1215,BIHAR,LAKHISARAI,LAKHISARAI,safe
1216,BIHAR,LAKHISARAI,PIPARIA,safe
1217,BIHAR,LAKHISARAI,RAMGARH CHOWK,safe
1218,BIHAR,LAKHISARAI,SURAJGARHA,safe
1219,BIHAR,MADHEPURA,ALAMNAGAR,safe
1220,BIHAR,MADHEPURA,BIHARIGANJ,safe
1221,BIHAR,MADHEPURA,CHAUSA,safe
1222,BIHAR,MADHEPURA,GAMHARIA,safe
1223,BIHAR,MADHEPURA,GHELADH,safe
1224,BIHAR,MADHEPURA,GWALPARA,safe
1225,BIHAR,MADHEPURA,KUMARKHAND,safe
1226,BIHAR,MADHEPURA,MADHEPURA,safe
1227,BIHAR,MADHEPURA,MURLIGANJ,safe
1228,BIHAR,MADHEPURA,PURAINI,safe
1229,BIHAR,MADHEPURA,SHANKARPUR,safe
1230,BIHAR,MADHEPURA,SIGHESHWARSTHAN,safe
1231,BIHAR,MADHEPURA,UDA KISHANGANJ,safe
1232,BIHAR,MADHUBANI,ANDHARATHARI,safe
1233,BIHAR,MADHUBANI,BABUBARHI,safe
1234,BIHAR,MADHUBANI,BASOPATTI,safe
1235,BIHAR,MADHUBANI,BENIPATTI,safe
1236,BIHAR,MADHUBANI,BISFI,safe
1237,BIHAR,MADHUBANI,GHOGHARDIHA,safe
1238,BIHAR,MADHUBANI,HARLAKHI,safe
1239,BIHAR,MADHUBANI,JAINAGAR,safe
1240,BIHAR,MADHUBANI,JHANJHARPUR,safe
1241,BIHAR,MADHUBANI,KALUAHI,safe
1242,BIHAR,MADHUBANI,KHAJAULI,safe
1243,BIHAR,MADHUBANI,KHUTAUNA,safe
1244,BIHAR,MADHUBANI,LADANIA,safe
1245,BIHAR,MADHUBANI,LAKHANAUR,safe
1246,BIHAR,MADHUBANI,LAUKAHI,safe
1247,BIHAR,MADHUBANI,MADHEPUR,safe
1248,BIHAR,MADHUBANI,MADHWAPUR,safe
1249,BIHAR,MADHUBANI,PANDAUL,safe
1250,BIHAR,MADHUBANI,PHULPARAS,safe
1251,BIHAR,MADHUBANI,RAHIKA,safe
1252,BIHAR,MADHUBANI,RAJNAGAR,safe
1253,BIHAR,MUNGER,ASARGANJ,safe
1254,BIHAR,MUNGER,BARIYARPUR,safe
1255,BIHAR,MUNGER,DHARAHARA,safe
1256,BIHAR,MUNGER,HAVELI KHARAGPUR,safe
1257,BIHAR,MUNGER,JAMALPUR,safe
1258,BIHAR,MUNGER,MUNGER SADAR,safe
1259,BIHAR,MUNGER,SANGRAMPUR,safe
1260,BIHAR,MUNGER,TARAPURA,safe
1261,BIHAR,MUNGER,TETIYABAMBAR,safe
1262,BIHAR,MUZAFFARPUR,AURAI,safe
1263,BIHAR,MUZAFFARPUR,BANDRA,semi_critical
1264,BIHAR,MUZAFFARPUR,BOCHAHAN,semi_critical
1265,BIHAR,MUZAFFARPUR,GAIGHAT,safe
1266,BIHAR,MUZAFFARPUR,KANTI,safe
1267,BIHAR,MUZAFFARPUR,KATRA,safe
1268,BIHAR,MUZAFFARPUR,KURHANI,semi_critical
1269,BIHAR,MUZAFFARPUR,MARWAN,safe
1270,BIHAR,MUZAFFARPUR,MINAPUR,semi_critical
1271,BIHAR,MUZAFFARPUR,MOTIPUR,safe
1272,BIHAR,MUZAFFARPUR,MURAUL (DHOLI),safe
1273,BIHAR,MUZAFFARPUR,MUSHAHARI,critical
1274,BIHAR,MUZAFFARPUR,PAROO,safe
1275,BIHAR,MUZAFFARPUR,SAHEBGANJ,safe
1276,BIHAR,MUZAFFARPUR,SAKRA,semi_critical
1277,BIHAR,MUZAFFARPUR,SARAIYA,safe
1278,BIHAR,NALANDA,ASTHAWAN,semi_critical
1279,BIHAR,NALANDA,BEN,safe
1280,BIHAR,NALANDA,BIHARSHARIF,semi_critical
1281,BIHAR,NALANDA,BIND,semi_critical
1282,BIHAR,NALANDA,CHANDI,semi_critical
1283,BIHAR,NALANDA,EKANGARSARAI,semi_critical
1284,BIHAR,NALANDA,GIRIYAK,critical
1285,BIHAR,NALANDA,HARNAUT,semi_critical
1286,BIHAR,NALANDA,HILSA,safe
1287,BIHAR,NALANDA,ISLAMPUR,safe
1288,BIHAR,NALANDA,KARAI PARSARAI,semi_critical
1289,BIHAR,NALANDA,KATRISARAI,safe
1290,BIHAR,NALANDA,NAGARNAUSA,over_exploited
1291,BIHAR,NALANDA,NOORSARAI,semi_critical
1292,BIHAR,NALANDA,PARWALPUR,safe
1293,BIHAR,NALANDA,RAHUI,semi_critical
1294,BIHAR,NALANDA,RAJGIR,semi_critical
1295,BIHAR,NALANDA,SARMERA,semi_critical
1296,BIHAR,NALANDA,SILAO,safe
1297,BIHAR,NALANDA,THARTHARI,safe
1298,BIHAR,NAWADA,AKBARPUR,semi_critical
1299,BIHAR,NAWADA,GOVINDPUR,safe
1300,BIHAR,NAWADA,HISUA,critical
1301,BIHAR,NAWADA,KASHICHAK,safe
1302,BIHAR,NAWADA,KAWAKOLE,safe
1303,BIHAR,NAWADA,MESKAUR,critical
1304,BIHAR,NAWADA,NARDIGANJ,semi_critical
1305,BIHAR,NAWADA,NARHAT,safe
1306,BIHAR,NAWADA,NAWADA,safe
1307,BIHAR,NAWADA,PAKARIBARAWAN,safe
1308,BIHAR,NAWADA,RAJAULI,safe
1309,BIHAR,NAWADA,ROH,safe
1310,BIHAR,NAWADA,SIRDALA,safe
1311,BIHAR,NAWADA,WARISALIGANJ,safe
1312,BIHAR,PATNA,ATHMALGOLA,semi_critical
1313,BIHAR,PATNA,BAKHTIYARPUR,safe
1314,BIHAR,PATNA,BARH,safe
1315,BIHAR,PATNA,BELCHHIA,safe
1316,BIHAR,PATNA,BIHTA,safe
1317,BIHAR,PATNA,BIKRAM,safe
1318,BIHAR,PATNA,DANAPUR,safe
1319,BIHAR,PATNA,DANIYAWAN,safe
1320,BIHAR,PATNA,DHANARUA,safe
1321,BIHAR,PATNA,DULHIN BAZAR,safe
1322,BIHAR,PATNA,FATUHA,semi_critical
1323,BIHAR,PATNA,GHOSWARI,safe
1324,BIHAR,PATNA,KHUSRUPUR,safe
1325,BIHAR,PATNA,MANER,safe
1326,BIHAR,PATNA,MASAURHI,semi_critical
1327,BIHAR,PATNA,MOKAMA,safe
1328,BIHAR,PATNA,NAUBATPUR,safe
1329,BIHAR,PATNA,PALIGANJ,safe
1330,BIHAR,PATNA,PANDARAK,safe
1331,BIHAR,PATNA,PATNA SADAR,safe
1332,BIHAR,PATNA,PATNA URBAN,over_exploited
1333,BIHAR,PATNA,PHULWARI SHARIF,semi_critical
1334,BIHAR,PATNA,PUNPUN,semi_critical
1335,BIHAR,PATNA,SAMPATCHAK,semi_critical
1336,BIHAR,PURNEA,AMOUR,safe
1337,BIHAR,PURNEA,BAISA,safe
1338,BIHAR,PURNEA,BAISI,safe
1339,BIHAR,PURNEA,BANMANKHI,safe
1340,BIHAR,PURNEA,BARHARA KOTHI,safe
1341,BIHAR,PURNEA,BHAWANIPUR,safe
1342,BIHAR,PURNEA,DAGARUA,safe
1343,BIHAR,PURNEA,DHAMDAHA,safe
1344,BIHAR,PURNEA,JALALGARH,safe
1345,BIHAR,PURNEA,KASBA,safe
1346,BIHAR,PURNEA,KRITYANANDNAGAR,safe
1347,BIHAR,PURNEA,PURNEA,safe
1348,BIHAR,PURNEA,RUPAULI,safe
1349,BIHAR,PURNEA,SRINAGAR,safe
1350,BIHAR,ROHTAS,AKORHIGOLA,safe
1351,BIHAR,ROHTAS,BIKRAMGANJ,safe
1352,BIHAR,ROHTAS,CHENARI,safe
1353,BIHAR,ROHTAS,DAWATH,safe
1354,BIHAR,ROHTAS,DEHRI,semi_critical
1355,BIHAR,ROHTAS,DINARA,safe
1356,BIHAR,ROHTAS,KARAKAT,safe
1357,BIHAR,ROHTAS,KARGAHAR,safe
1358,BIHAR,ROHTAS,KOCHAS,semi_critical
1359,BIHAR,ROHTAS,NASRIGANJ,safe
1360,BIHAR,ROHTAS,NAUHATTA,safe
1361,BIHAR,ROHTAS,NOKHA,safe
1362,BIHAR,ROHTAS,RAJPUR,safe
1363,BIHAR,ROHTAS,ROHTAS,safe
1364,BIHAR,ROHTAS,SANJHAULI,safe
1365,BIHAR,ROHTAS,SASARAM,safe
1366,BIHAR,ROHTAS,SHEOSAGAR,safe
1367,BIHAR,ROHTAS,SURAJPURA,safe
1368,BIHAR,ROHTAS,TILOUTHU,safe
1369,BIHAR,SAHARSA,BANMA ITAHRI,safe
1370,BIHAR,SAHARSA,KAHARA,safe
1371,BIHAR,SAHARSA,MAHISHI,safe
1372,BIHAR,SAHARSA,NAUHATTA,safe
1373,BIHAR,SAHARSA,PATARGHAT,safe
1374,BIHAR,SAHARSA,SALKHUA,safe
1375,BIHAR,SAHARSA,SATTAR KATAIYA,safe
1376,BIHAR,SAHARSA,SIMRI BAKHTIYARPUR,safe
1377,BIHAR,SAHARSA,SONBARSA,safe
1378,BIHAR,SAHARSA,SOUR BAZAR,safe
1379,BIHAR,SAMASTIPUR,BIBHUTIPUR,semi_critical
1380,BIHAR,SAMASTIPUR,BITHAN,safe
1381,BIHAR,SAMASTIPUR,DALSINGSARAI,critical
1382,BIHAR,SAMASTIPUR,HASANPUR,safe
1383,BIHAR,SAMASTIPUR,KALYANPUR,safe
1384,BIHAR,SAMASTIPUR,KHANPUR,safe
1385,BIHAR,SAMASTIPUR,MOHANPUR,safe
1386,BIHAR,SAMASTIPUR,MOHIUDDIN NAGAR,semi_critical
1387,BIHAR,SAMASTIPUR,MORWA,semi_critical
1388,BIHAR,SAMASTIPUR,PATORI,safe
1389,BIHAR,SAMASTIPUR,PUSA,safe
1390,BIHAR,SAMASTIPUR,ROSERA,safe
1391,BIHAR,SAMASTIPUR,SAMASTIPUR,safe
1392,BIHAR,SAMASTIPUR,SARAIRANJAN,safe
1393,BIHAR,SAMASTIPUR,SHIVAJINAGAR,safe
1394,BIHAR,SAMASTIPUR,SINGHIYA,safe
1395,BIHAR,SAMASTIPUR,TAJPUR,critical
1396,BIHAR,SAMASTIPUR,UJIYARPUR,semi_critical
1397,BIHAR,SAMASTIPUR,VIDYAPATINAGAR,safe
1398,BIHAR,SAMASTIPUR,WARISNAGAR,safe
1399,BIHAR,SARAN,AMNOUR,safe
1400,BIHAR,SARAN,BANIYAPUR,safe
1401,BIHAR,SARAN,CHAPRA SADAR,safe
1402,BIHAR,SARAN,DARIYAPUR,safe
1403,BIHAR,SARAN,DIGHWARA,safe
1404,BIHAR,SARAN,EKMA,safe
1405,BIHAR,SARAN,GARKHA,safe
1406,BIHAR,SARAN,ISUAPUR,safe
1407,BIHAR,SARAN,JALALPUR,safe
1408,BIHAR,SARAN,LAHLADPUR,safe
1409,BIHAR,SARAN,MAKER,safe
1410,BIHAR,SARAN,MANJHI,safe
1411,BIHAR,SARAN,MARHAURA,safe
1412,BIHAR,SARAN,MASHRAKH,safe
1413,BIHAR,SARAN,NAGRA,safe
1414,BIHAR,SARAN,PANAPUR,safe
1415,BIHAR,SARAN,PARSA,safe
1416,BIHAR,SARAN,RIVILGANJ,safe
1417,BIHAR,SARAN,SONEPUR,safe
1418,BIHAR,SARAN,TARAIYA,safe
1419,BIHAR,SHEIKHPURA,ARIYARI,safe
1420,BIHAR,SHEIKHPURA,BARBIGHA,critical
1421,BIHAR,SHEIKHPURA,CHEWARA,safe
1422,BIHAR,SHEIKHPURA,GHAT KUSUMBA,safe
1423,BIHAR,SHEIKHPURA,SHEIKHOPUR SARAI,safe
1424,BIHAR,SHEIKHPURA,SHEIKHPURA,safe
1425,BIHAR,SHEOHAR,DUMRI KATSARI,safe
1426,BIHAR,SHEOHAR,PIPRAHI,safe
1427,BIHAR,SHEOHAR,PURNAHIYA,safe
1428,BIHAR,SHEOHAR,SHEOHAR,safe
1429,BIHAR,SHEOHAR,TARIYANI,safe
1430,BIHAR,SITAMARHI,BAIRGANIA,safe
1431,BIHAR,SITAMARHI,BAJPATTI,safe
1432,BIHAR,SITAMARHI,BATHNAHA,safe
1433,BIHAR,SITAMARHI,BELSAND,safe
1434,BIHAR,SITAMARHI,BOKHRA,safe
1435,BIHAR,SITAMARHI,CHORAUT,safe
1436,BIHAR,SITAMARHI,DUMRA,safe
1437,BIHAR,SITAMARHI,MAJORGANJ,safe
1438,BIHAR,SITAMARHI,NANPUR,safe
1439,BIHAR,SITAMARHI,PARIHAR,safe
1440,BIHAR,SITAMARHI,PARSAUNI,safe
1441,BIHAR,SITAMARHI,PUPRI,safe
1442,BIHAR,SITAMARHI,RIGA,safe
1443,BIHAR,SITAMARHI,RUNNI SAIDPUR,safe
1444,BIHAR,SITAMARHI,SONBARSA,safe
1445,BIHAR,SITAMARHI,SUPPI,safe
1446,BIHAR,SITAMARHI,SURSAND,safe
1447,BIHAR,SIWAN,ANDAR,safe
1448,BIHAR,SIWAN,BARHARIA,safe
1449,BIHAR,SIWAN,BASANTPUR,safe
1450,BIHAR,SIWAN,BHAGWANPUR,safe
1451,BIHAR,SIWAN,DARAULI,safe
1452,BIHAR,SIWAN,DARAUNDHA,safe
1453,BIHAR,SIWAN,GORIAKOTHI,safe
1454,BIHAR,SIWAN,GUTHANI,safe
1455,BIHAR,SIWAN,HASANPURA,safe
1456,BIHAR,SIWAN,HUSSAINGANJ,safe
1457,BIHAR,SIWAN,LAKRI NABIGANJ,safe
1458,BIHAR,SIWAN,MAHARAJGANJ,safe
1459,BIHAR,SIWAN,MAIRWA,safe
1460,BIHAR,SIWAN,NAUTAN,safe
1461,BIHAR,SIWAN,PACHRUKHI,safe
1462,BIHAR,SIWAN,RAGHUNATHPUR,safe
1463,BIHAR,SIWAN,SISWAN,safe
1464,BIHAR,SIWAN,SIWAN SADAR,safe
1465,BIHAR,SIWAN,ZIRADEI,safe
1466,BIHAR,SUPAUL,BASANTPUR,safe
1467,BIHAR,SUPAUL,CHHATAPUR,safe
1468,BIHAR,SUPAUL,KISHANPUR,safe
1469,BIHAR,SUPAUL,MARAUNA,safe
1470,BIHAR,SUPAUL,NIRMALI,safe
1471,BIHAR,SUPAUL,PIPRA,safe
1472,BIHAR,SUPAUL,PRATAPGANJ,safe
1473,BIHAR,SUPAUL,RAGHOPUR,safe
1474,BIHAR,SUPAUL,SARAIGARH-BHAPTIYAHI,safe
1475,BIHAR,SUPAUL,SUPAUL,safe
1476,BIHAR,SUPAUL,TRIVENGANJ,safe
1477,BIHAR,VAISHALI,BHAGWANPUR,safe
1478,BIHAR,VAISHALI,BIDUPUR,semi_critical
1479,BIHAR,VAISHALI,CHEHRA KALAN,safe
1480,BIHAR,VAISHALI,DESRI,semi_critical
1481,BIHAR,VAISHALI,GORAUL,safe
1482,BIHAR,VAISHALI,HAJIPUR,critical
1483,BIHAR,VAISHALI,JANDAHA,critical
1484,BIHAR,VAISHALI,LALGANJ,safe
1485,BIHAR,VAISHALI,MAHNAR,semi_critical
1486,BIHAR,VAISHALI,MAHUA,safe
1487,BIHAR,VAISHALI,PATEHRI BELSAR,safe
1488,BIHAR,VAISHALI,PATEPUR,critical
1489,BIHAR,VAISHALI,RAGHOPUR,safe
1490,BIHAR,VAISHALI,RAJA PAKAR,critical
1491,BIHAR,VAISHALI,SAHDAI,safe
1492,BIHAR,VAISHALI,VAISHALI,safe
1493,BIHAR,WEST CHAMPARAN,BAGAHA 1,safe
1494,BIHAR,WEST CHAMPARAN,BAGAHA 2,safe
1495,BIHAR,WEST CHAMPARAN,BAIRIYA,safe
1496,BIHAR,WEST CHAMPARAN,BETTIAH,safe
1497,BIHAR,WEST CHAMPARAN,BHITAHA,safe
1498,BIHAR,WEST CHAMPARAN,CHANPATIA,safe
1499,BIHAR,WEST CHAMPARAN,GAUNAHA,safe
1500,BIHAR,WEST CHAMPARAN,LAURIYA,safe
1501,BIHAR,WEST CHAMPARAN,MADHUBANI,safe
1502,BIHAR,WEST CHAMPARAN,MAINATAND,safe
1503,BIHAR,WEST CHAMPARAN,MAJHAULIA,safe
1504,BIHAR,WEST CHAMPARAN,NARKATIAGANJ,safe
1505,BIHAR,WEST CHAMPARAN,NAUTAN,safe
1506,BIHAR,WEST CHAMPARAN,PIPRASI,safe
1507,BIHAR,WEST CHAMPARAN,RAMNAGAR,safe
1508,BIHAR,WEST CHAMPARAN,SIKTA,safe
1509,BIHAR,WEST CHAMPARAN,THAKARAHA,safe
1510,BIHAR,WEST CHAMPARAN,YOGAPATTI,safe
1511,CHANDIGARH,CHANDIGARH,CHANDIGARH,safe
1512,CHHATTISGARH,BALOD,BALOD,semi_critical
1513,CHHATTISGARH,BALOD,DOUNDI,safe
1514,CHHATTISGARH,BALOD,DOUNDI LOHARA,safe
1515,CHHATTISGARH,BALOD,GUNDERDEHI,semi_critical
1516,CHHATTISGARH,BALOD,GURUR,critical
1517,CHHATTISGARH,BALODA BAZAR,BALODA BAZAR,safe
1518,CHHATTISGARH,BALODA BAZAR,BHATAPARA,safe
1519,CHHATTISGARH,BALODA BAZAR,KASDOL,safe
1520,CHHATTISGARH,BALODA BAZAR,PALARI,safe
1521,CHHATTISGARH,BALODA BAZAR,SIMGA,safe
1522,CHHATTISGARH,BALRAMPUR,BALRAMPUR,safe
1523,CHHATTISGARH,BALRAMPUR,KUSMI,safe
1524,CHHATTISGARH,BALRAMPUR,RAJPUR,safe
1525,CHHATTISGARH,BALRAMPUR,RAMCHANDRAPUR,safe
1526,CHHATTISGARH,BALRAMPUR,SHANKARGARH,safe
1527,CHHATTISGARH,BALRAMPUR,WADRAFNAGAR,safe
1528,CHHATTISGARH,BASTAR,BAKAWAND,safe
1529,CHHATTISGARH,BASTAR,BASTANAR,safe
1530,CHHATTISGARH,BASTAR,BASTAR,safe
1531,CHHATTISGARH,BASTAR,DARBHA,safe
1532,CHHATTISGARH,BASTAR,JAGDALPUR,safe
1533,CHHATTISGARH,BASTAR,LOHANDIGUDA,safe
1534,CHHATTISGARH,BASTAR,TOKAPAL,safe
1535,CHHATTISGARH,BEMETARA,BEMETARA,critical
1536,CHHATTISGARH,BEMETARA,BERLA,critical
1537,CHHATTISGARH,BEMETARA,NAWAGARH,critical
1538,CHHATTISGARH,BEMETARA,SAJA,semi_critical
1539,CHHATTISGARH,BIJAPUR,BHAIRAMGARH,safe
1540,CHHATTISGARH,BIJAPUR,BHOPALPATTNAM,safe
1541,CHHATTISGARH,BIJAPUR,BIJAPUR,safe
1542,CHHATTISGARH,BIJAPUR,USOOR,safe
1543,CHHATTISGARH,BILASPUR,BELHA,semi_critical
1544,CHHATTISGARH,BILASPUR,KOTA,safe
1545,CHHATTISGARH,BILASPUR,MASTURI,safe
1546,CHHATTISGARH,BILASPUR,TAKHATPUR,semi_critical
1547,CHHATTISGARH,DANTEWADA,DANTEWADA,safe
1548,CHHATTISGARH,DANTEWADA,GEEDAM,safe
1549,CHHATTISGARH,DANTEWADA,KATEKALYAN,safe
1550,CHHATTISGARH,DANTEWADA,KUAKONDA,safe
1551,CHHATTISGARH,DHAMTARI,DHAMTARI,semi_critical
1552,CHHATTISGARH,DHAMTARI,KURUD,semi_critical
1553,CHHATTISGARH,DHAMTARI,MAGARLOD,safe
1554,CHHATTISGARH,DHAMTARI,NAGRI,safe
1555,CHHATTISGARH,DURG,DHAMDHA,semi_critical
1556,CHHATTISGARH,DURG,DURG,semi_critical
1557,CHHATTISGARH,DURG,PATAN,safe
1558,CHHATTISGARH,GARIABAND,CHHURA,safe
1559,CHHATTISGARH,GARIABAND,DEOBHOG,safe
1560,CHHATTISGARH,GARIABAND,GARIABAND,safe
1561,CHHATTISGARH,GARIABAND,MAINPUR,safe
1562,CHHATTISGARH,GARIABAND,RAJIM/FINGESHWAR,semi_critical
1563,CHHATTISGARH,GOURELA-PENDRA-MARWAHI,GAURELA,safe
1564,CHHATTISGARH,GOURELA-PENDRA-MARWAHI,MARWAHI,safe
1565,CHHATTISGARH,GOURELA-PENDRA-MARWAHI,PENDRA,safe
1566,CHHATTISGARH,JANJGIR-CHAMPA,AKALTARA,safe
1567,CHHATTISGARH,JANJGIR-CHAMPA,BALODA,safe
1568,CHHATTISGARH,JANJGIR-CHAMPA,BAMHANIDIH,safe
1569,CHHATTISGARH,JANJGIR-CHAMPA,JANJGIR (NAWAGARH),safe
1570,CHHATTISGARH,JANJGIR-CHAMPA,PAMGARH,safe
1571,CHHATTISGARH,JASHPUR,BAGICHA,safe
1572,CHHATTISGARH,JASHPUR,DULDULA,safe
1573,CHHATTISGARH,JASHPUR,JASHPUR,safe
1574,CHHATTISGARH,JASHPUR,KANSABEL,safe
1575,CHHATTISGARH,JASHPUR,KUNKURI,safe
1576,CHHATTISGARH,JASHPUR,MANORA,safe
1577,CHHATTISGARH,JASHPUR,PATHALGAON,safe
1578,CHHATTISGARH,JASHPUR,PHARSABAHAR,safe
1579,CHHATTISGARH,KABIRDHAM,BODLA,safe
1580,CHHATTISGARH,KABIRDHAM,KAWARDHA,safe
1581,CHHATTISGARH,KABIRDHAM,PANDARIYA,semi_critical
1582,CHHATTISGARH,KABIRDHAM,SAHASPUR LOHARA,safe
1583,CHHATTISGARH,KANKER,ANTAGARH,safe
1584,CHHATTISGARH,KANKER,BHANUPRATAPUR,safe
1585,CHHATTISGARH,KANKER,CHARAMA,semi_critical
1586,CHHATTISGARH,KANKER,DURGUKONDAL,safe
1587,CHHATTISGARH,KANKER,KANKER,safe
1588,CHHATTISGARH,KANKER,KOYALIBEDA,safe
1589,CHHATTISGARH,KANKER,NARHARPUR,safe
1590,CHHATTISGARH,KHAIRAGARH-CHHUIKHADAN_GANDAI,CHHUIKHADAN,safe
1591,CHHATTISGARH,KHAIRAGARH-CHHUIKHADAN_GANDAI,KHAIRAGARH,semi_critical
1592,CHHATTISGARH,KONDAGAON,BADERAJPUR,safe
1593,CHHATTISGARH,KONDAGAON,KESHKAL,safe
1594,CHHATTISGARH,KONDAGAON,KONDAGAON,safe
1595,CHHATTISGARH,KONDAGAON,MAKDI,safe
1596,CHHATTISGARH,KONDAGAON,PHARASGAON,safe
1597,CHHATTISGARH,KORBA,KARTALA,safe
1598,CHHATTISGARH,KORBA,KATGHORA,safe
1599,CHHATTISGARH,KORBA,KORBA,safe
1600,CHHATTISGARH,KORBA,PALI,safe
1601,CHHATTISGARH,KORBA,PODI UPRORA,safe
1602,CHHATTISGARH,KOREA,BAIKUNTHPUR,safe
1603,CHHATTISGARH,KOREA,SONHAT,safe
1604,CHHATTISGARH,MAHASAMUND,BAGBAHARA,safe
1605,CHHATTISGARH,MAHASAMUND,BASNA,semi_critical
1606,CHHATTISGARH,MAHASAMUND,MAHASAMUND,safe
1607,CHHATTISGARH,MAHASAMUND,PITHORA,semi_critical
1608,CHHATTISGARH,MAHASAMUND,SARAIPALI,safe
1609,CHHATTISGARH,MANENDRAGARH-CHIRMIRI_BHARATPUR,BHARATPUR,safe
1610,CHHATTISGARH,MANENDRAGARH-CHIRMIRI_BHARATPUR,KHADGAWAN,safe
1611,CHHATTISGARH,MANENDRAGARH-CHIRMIRI_BHARATPUR,MANENDRAGARH,safe
1612,CHHATTISGARH,MOHLA-MANPUR_AMBAGARHCHOWKI,AMBAGARH CHOWKI,safe
1613,CHHATTISGARH,MOHLA-MANPUR_AMBAGARHCHOWKI,MANPUR,safe
1614,CHHATTISGARH,MOHLA-MANPUR_AMBAGARHCHOWKI,MOHLA,safe
1615,CHHATTISGARH,MUNGELI,LORMI,safe
1616,CHHATTISGARH,MUNGELI,MUNGELI,safe
1617,CHHATTISGARH,MUNGELI,PATHARIA,safe
1618,CHHATTISGARH,NARAYANPUR,NARAYANPUR,safe
1619,CHHATTISGARH,NARAYANPUR,ORCHHA,safe
1620,CHHATTISGARH,RAIGARH,DHARAMJAIGARH,safe
1621,CHHATTISGARH,RAIGARH,GHARGHODA,safe
1622,CHHATTISGARH,RAIGARH,KHARSIYA,safe
1623,CHHATTISGARH,RAIGARH,LAILUNGA,safe
1624,CHHATTISGARH,RAIGARH,PUSAUR,semi_critical
1625,CHHATTISGARH,RAIGARH,RAIGARH,safe
1626,CHHATTISGARH,RAIGARH,TAMNAR,safe
1627,CHHATTISGARH,RAIPUR,ABHANPUR,safe
1628,CHHATTISGARH,RAIPUR,ARANG,safe
1629,CHHATTISGARH,RAIPUR,DHARSIWA,critical
1630,CHHATTISGARH,RAIPUR,TILDA,safe
1631,CHHATTISGARH,RAJNANDGAON,CHHURIYA,safe
1632,CHHATTISGARH,RAJNANDGAON,DONGARGAON,semi_critical
1633,CHHATTISGARH,RAJNANDGAON,DONGARGARH,semi_critical
1634,CHHATTISGARH,RAJNANDGAON,RAJNANDGAON,semi_critical
1635,CHHATTISGARH,SAKTI,DABHARA,safe
1636,CHHATTISGARH,SAKTI,JAIJAIPUR,safe
1637,CHHATTISGARH,SAKTI,MALKHARODA,safe
1638,CHHATTISGARH,SAKTI,SAKTI,safe
1639,CHHATTISGARH,SARANGARH-BILAIRAGH,BARAMKELA,semi_critical
1640,CHHATTISGARH,SARANGARH-BILAIRAGH,BILAIGARH,safe
1641,CHHATTISGARH,SARANGARH-BILAIRAGH,SARANGARH,safe
1642,CHHATTISGARH,SUKMA,CHHINDGARH,safe
1643,CHHATTISGARH,SUKMA,KONTA,safe
1644,CHHATTISGARH,SUKMA,SUKMA,safe
1645,CHHATTISGARH,SURAJPUR,BHAIYATHAN,safe
1646,CHHATTISGARH,SURAJPUR,ODGI,safe
1647,CHHATTISGARH,SURAJPUR,PRATAPPUR,safe
1648,CHHATTISGARH,SURAJPUR,PREMNAGAR,safe
1649,CHHATTISGARH,SURAJPUR,RAMANUJNAGAR,safe
1650,CHHATTISGARH,SURAJPUR,SURAJPUR,semi_critical
1651,CHHATTISGARH,SURGUJA,AMBIKAPUR,safe
1652,CHHATTISGARH,SURGUJA,BATAULI,safe
1653,CHHATTISGARH,SURGUJA,LAKHANPUR,safe
1654,CHHATTISGARH,SURGUJA,LUNDRA,safe
1655,CHHATTISGARH,SURGUJA,MAINPAT,safe
1656,CHHATTISGARH,SURGUJA,SITAPUR,safe
1657,CHHATTISGARH,SURGUJA,UDAIPUR,safe
1658,DADRA AND NAGAR HAVELI AND DAMAN AND DIU,DADRA AND NAGAR HAVELI,DADRA NAGAR HAVELI,safe
1659,DADRA AND NAGAR HAVELI AND DAMAN AND DIU,DAMAN,DAMAN,safe
1660,DADRA AND NAGAR HAVELI AND DAMAN AND DIU,DIU,DIU,safe
1661,DELHI,CENTRAL,CIVIL LINES,safe
1662,DELHI,CENTRAL,KAROL BAGH,critical
1663,DELHI,CENTRAL,KOTWALI,critical
1664,DELHI,EAST,GANDHI NAGAR,critical
1665,DELHI,EAST,MAYUR VIHAR,over_exploited
1666,DELHI,EAST,PREET VIHAR,critical
1667,DELHI,NAZUL LAND,NAZUR LAND,safe
1668,DELHI,NEW DELHI,CHANAKYAPURI,critical
1669,DELHI,NEW DELHI,DELHI CANTONMENT,over_exploited
1670,DELHI,NEW DELHI,VASANT VIHAR,over_exploited
1671,DELHI,NORTH,ALIPUR,semi_critical
1672,DELHI,NORTH,MODEL TOWN,safe
1673,DELHI,NORTH,NARELA,critical
1674,DELHI,NORTH EAST,KARAWAL NAGAR,over_exploited
1675,DELHI,NORTH EAST,SEELAMPUR,semi_critical
1676,DELHI,NORTH EAST,YAMUNA VIHAR,over_exploited
1677,DELHI,NORTH WEST,KANJHAWALA,safe
1678,DELHI,NORTH WEST,ROHINI,safe
1679,DELHI,NORTH WEST,SARASWATI VIHAR,safe
1680,DELHI,SHAHDARA,SEEMAPURI,critical
1681,DELHI,SHAHDARA,SHAHDARA,over_exploited
1682,DELHI,SHAHDARA,VIVEK VIHAR,over_exploited
1683,DELHI,SOUTH,HAUZ KHAS,semi_critical
1684,DELHI,SOUTH,MEHRAULI,over_exploited
1685,DELHI,SOUTH,SAKET,over_exploited
1686,DELHI,SOUTH EAST,DEFENCE COLONY,semi_critical
1687,DELHI,SOUTH EAST,KALKAJI,critical
1688,DELHI,SOUTH EAST,SARITA VIHAR,semi_critical
1689,DELHI,SOUTH WEST,DWARKA,critical
1690,DELHI,SOUTH WEST,KAPASHERA,critical
1691,DELHI,SOUTH WEST,NAJAFGARH,safe
1692,DELHI,WEST,PATEL NAGAR,critical
1693,DELHI,WEST,PUNJABI BAGH,semi_critical
1694,DELHI,WEST,RAJOURI GARDEN,over_exploited
1695,GOA,GOA NORTH,BARDEZ,safe
1696,GOA,GOA NORTH,BICHOLIM,safe
1697,GOA,GOA NORTH,PERNEM,safe
1698,GOA,GOA NORTH,SATARI,safe
1699,GOA,GOA NORTH,TISWADI,safe
1700,GOA,SOUTH GOA,CANCONA,safe
1701,GOA,SOUTH GOA,DHARBANDORA,safe
1702,GOA,SOUTH GOA,MARMUGAO,safe
1703,GOA,SOUTH GOA,PONDA,safe
1704,GOA,SOUTH GOA,QUEPEM,safe
1705,GOA,SOUTH GOA,SALCETE,safe
1706,GOA,SOUTH GOA,SANGUEM,safe
1707,GUJARAT,AHMEDABAD,AHMEDABAD CITY & DAS,over_exploited
1708,GUJARAT,AHMEDABAD,AHMEDABAD URBAN,over_exploited
1709,GUJARAT,AHMEDABAD,BAVLA,safe
1710,GUJARAT,AHMEDABAD,DETROJ-RAMPURA,safe
1713,GUJARAT,AHMEDABAD,DHOLKA,safe
1714,GUJARAT,AHMEDABAD,MANDAL,safe
1715,GUJARAT,AHMEDABAD,SANAND,safe
1716,GUJARAT,AHMEDABAD,VIRAMGAM,safe
1717,GUJARAT,AMRELI,AMRELI,safe
1718,GUJARAT,AMRELI,BABRA,safe
1719,GUJARAT,AMRELI,BAGASARA,semi_critical
1720,GUJARAT,AMRELI,DHARI,safe
1721,GUJARAT,AMRELI,JAFRABAD,safe
1722,GUJARAT,AMRELI,KHAMBHA,safe
1723,GUJARAT,AMRELI,KUNKAVAV VADIA,safe
1724,GUJARAT,AMRELI,LATHI,safe
1725,GUJARAT,AMRELI,LILIA,semi_critical
1726,GUJARAT,AMRELI,RAJULA,semi_critical
1727,GUJARAT,AMRELI,SAVAR KUNDLA,safe
1728,GUJARAT,ANAND,ANAND,safe
1729,GUJARAT,ANAND,ANKLAV,safe
1730,GUJARAT,ANAND,BORSAD,safe
1731,GUJARAT,ANAND,KHAMBHAT,safe
1732,GUJARAT,ANAND,PETLAD,safe
1733,GUJARAT,ANAND,SOJITRA,safe
1734,GUJARAT,ANAND,TARAPUR,safe
1735,GUJARAT,ANAND,UMRETH,safe
1736,GUJARAT,ARVALLI,BAYAD,safe
1737,GUJARAT,ARVALLI,BHILODA,safe
1738,GUJARAT,ARVALLI,DHANSURA,safe
1739,GUJARAT,ARVALLI,MALPUR,semi_critical
1740,GUJARAT,ARVALLI,MEGHRAJ,safe
1741,GUJARAT,ARVALLI,MODASA,safe
1742,GUJARAT,BANASKANTHA,AMIRGADH,safe
1744,GUJARAT,BANASKANTHA,DANTA,safe
1745,GUJARAT,BANASKANTHA,DANTIWADA,over_exploited
1746,GUJARAT,BANASKANTHA,DEESA,over_exploited
1747,GUJARAT,BANASKANTHA,DEODAR,over_exploited
1748,GUJARAT,BANASKANTHA,DHANERA,over_exploited
1749,GUJARAT,BANASKANTHA,KANKREJ,over_exploited
1750,GUJARAT,BANASKANTHA,LAKHANI,over_exploited
1751,GUJARAT,BANASKANTHA,PALANPUR,over_exploited
1753,GUJARAT,BANASKANTHA,THARAD,over_exploited
1754,GUJARAT,BANASKANTHA,VADGAM,critical
1756,GUJARAT,BHARUCH,AMOD,safe
1757,GUJARAT,BHARUCH,ANKLESVAR,safe
1758,GUJARAT,BHARUCH,BHARUCH,safe
1759,GUJARAT,BHARUCH,HANSOT,safe
1760,GUJARAT,BHARUCH,JAMBUSAR,safe
1761,GUJARAT,BHARUCH,JHAGADIA,safe
1762,GUJARAT,BHARUCH,NETRANG,safe
1763,GUJARAT,BHARUCH,VAGRA,safe
1764,GUJARAT,BHARUCH,VALIA,safe
1765,GUJARAT,BHAVNAGAR,BHAVNAGAR,safe
1766,GUJARAT,BHAVNAGAR,GARIADHAR,safe
1767,GUJARAT,BHAVNAGAR,GHOGHA,safe
1768,GUJARAT,BHAVNAGAR,JESAR,safe
1769,GUJARAT,BHAVNAGAR,MAHUVA,safe
1770,GUJARAT,BHAVNAGAR,PALITANA,safe
1771,GUJARAT,BHAVNAGAR,SIHOR,safe
1772,GUJARAT,BHAVNAGAR,TALAJA,safe
1773,GUJARAT,BHAVNAGAR,UMRALA,safe
1774,GUJARAT,BHAVNAGAR,VALLABHIPUR,safe
1775,GUJARAT,BOTAD,BARWALA,safe
1776,GUJARAT,BOTAD,BOTAD,safe
1777,GUJARAT,BOTAD,GADHADA,semi_critical
1778,GUJARAT,BOTAD,RANPUR,safe
1779,GUJARAT,CHHOTA UDEPUR,BODELI,safe
1780,GUJARAT,CHHOTA UDEPUR,CHHOTA UDAIPUR,safe
1781,GUJARAT,CHHOTA UDEPUR,JETPUR PAVI,safe
1782,GUJARAT,CHHOTA UDEPUR,KAVANT,safe
1783,GUJARAT,CHHOTA UDEPUR,NASVADI,safe
1784,GUJARAT,CHHOTA UDEPUR,SANKHEDA,safe
1785,GUJARAT,DAHOD,DAHOD,safe
1786,GUJARAT,DAHOD,DEVGADH BARIA,safe
1787,GUJARAT,DAHOD,DHANPUR,safe
1788,GUJARAT,DAHOD,FATEPURA,safe
1789,GUJARAT,DAHOD,GARBADA,safe
1790,GUJARAT,DAHOD,LIMKHEDA,safe
1791,GUJARAT,DAHOD,SANJELI,safe
1792,GUJARAT,DAHOD,SINGVAD,safe
1793,GUJARAT,DAHOD,ZALOD,safe
1794,GUJARAT,DANG,AHWA,safe
1795,GUJARAT,DANG,SUBIR,safe
1796,GUJARAT,DANG,WAGHAI,safe
1797,GUJARAT,DEVBHUMI DWARKA,BHANVAD,semi_critical
1798,GUJARAT,DEVBHUMI DWARKA,KALYANPUR,safe
1799,GUJARAT,DEVBHUMI DWARKA,KHAMBHALIA,semi_critical
1800,GUJARAT,DEVBHUMI DWARKA,OKHAMANDAL,safe
1801,GUJARAT,GANDHINAGAR,DEHGAM,over_exploited
1802,GUJARAT,GANDHINAGAR,GANDHINAGAR,over_exploited
1803,GUJARAT,GANDHINAGAR,KALOL,safe
1804,GUJARAT,GANDHINAGAR,MANSA,semi_critical
1805,GUJARAT,GIR SOMNATH,GIR GADHDA,safe
1806,GUJARAT,GIR SOMNATH,KODINAR,safe
1807,GUJARAT,GIR SOMNATH,PATAN-VERAVAL,safe
1808,GUJARAT,GIR SOMNATH,SUTRAPADA,safe
1809,GUJARAT,GIR SOMNATH,TALALA,safe
1810,GUJARAT,GIR SOMNATH,UNA,safe
1811,GUJARAT,JAMNAGAR,DHROL,semi_critical
1812,GUJARAT,JAMNAGAR,JAMJODHPUR,safe
1813,GUJARAT,JAMNAGAR,JAMNAGAR,safe
1814,GUJARAT,JAMNAGAR,JODIYA,safe
1815,GUJARAT,JAMNAGAR,KALAVAD,safe
1816,GUJARAT,JAMNAGAR,LALPUR,safe
1817,GUJARAT,JUNAGADH,BHESAN,semi_critical
1818,GUJARAT,JUNAGADH,JUNAGADH CITY & JUNA,safe
1819,GUJARAT,JUNAGADH,KESHOD,safe
1820,GUJARAT,JUNAGADH,MALIA,safe
1821,GUJARAT,JUNAGADH,MANAVADAR,safe
1822,GUJARAT,JUNAGADH,MANGROL,safe
1823,GUJARAT,JUNAGADH,MENDARDA,safe
1824,GUJARAT,JUNAGADH,VANTHALI,safe
1825,GUJARAT,JUNAGADH,VISAVADAR,safe
1826,GUJARAT,KACHCHH,ABDASA,safe
1827,GUJARAT,KACHCHH,ANJAR,safe
1828,GUJARAT,KACHCHH,BHACHAU,safe
1829,GUJARAT,KACHCHH,BHUJ,over_exploited
1831,GUJARAT,KACHCHH,LAKHPAT,safe
1832,GUJARAT,KACHCHH,MANDVI,semi_critical
1833,GUJARAT,KACHCHH,MUNDRA,safe
1834,GUJARAT,KACHCHH,NAKHATRANA,safe
1835,GUJARAT,KACHCHH,RAPAR,safe
1836,GUJARAT,KHEDA,GALTESHWAR,safe
1837,GUJARAT,KHEDA,KAPADVANJ,safe
1838,GUJARAT,KHEDA,KATHLAL,safe
1839,GUJARAT,KHEDA,KHEDA,safe
1840,GUJARAT,KHEDA,MAHUDHA,safe
1841,GUJARAT,KHEDA,MATAR,safe
1842,GUJARAT,KHEDA,MEHMEDABAD,semi_critical
1843,GUJARAT,KHEDA,NADIAD,safe
1844,GUJARAT,KHEDA,THASRA,safe
1845,GUJARAT,KHEDA,VASO,safe
1846,GUJARAT,MAHESANA,BECHARAJI,safe
1847,GUJARAT,MAHESANA,JOTANA,over_exploited
1848,GUJARAT,MAHESANA,KADI,semi_critical
1849,GUJARAT,MAHESANA,KHERALU,over_exploited
1850,GUJARAT,MAHESANA,MAHESANA,over_exploited
1851,GUJARAT,MAHESANA,SATLASANA,over_exploited
1852,GUJARAT,MAHESANA,UNJHA,semi_critical
1853,GUJARAT,MAHESANA,VADNAGAR,over_exploited
1854,GUJARAT,MAHESANA,VIJAPUR,over_exploited
1855,GUJARAT,MAHESANA,VISNAGAR,semi_critical
1856,GUJARAT,MAHISAGAR,BALASINOR,safe
1857,GUJARAT,MAHISAGAR,KADANA,safe
1858,GUJARAT,MAHISAGAR,KHANPUR,safe
1859,GUJARAT,MAHISAGAR,LUNAWADA,safe
1860,GUJARAT,MAHISAGAR,SANTRAMPUR,safe
1861,GUJARAT,MAHISAGAR,VIRPUR,semi_critical
1862,GUJARAT,MORBI,HALVAD,safe
1864,GUJARAT,MORBI,MORBI,safe
1865,GUJARAT,MORBI,TANKARA,safe
1866,GUJARAT,MORBI,WANKANER,safe
1867,GUJARAT,NARMADA,DEDIAPADA,safe
1868,GUJARAT,NARMADA,GARUDESHWAR,safe
1869,GUJARAT,NARMADA,NANDOD,semi_critical
1870,GUJARAT,NARMADA,SAGBARA,safe
1871,GUJARAT,NARMADA,TILAKWADA,safe
1872,GUJARAT,NAVSARI,BANSDA,safe
1873,GUJARAT,NAVSARI,CHIKHLI,safe
1874,GUJARAT,NAVSARI,GANDEVI,safe
1875,GUJARAT,NAVSARI,JALALPORE,safe
1876,GUJARAT,NAVSARI,KHERGAM,safe
1877,GUJARAT,NAVSARI,NAVSARI,safe
1878,GUJARAT,PANCHMAHAL,GHOGHAMBA,safe
1879,GUJARAT,PANCHMAHAL,GODHRA,safe
1880,GUJARAT,PANCHMAHAL,HALOL,safe
1881,GUJARAT,PANCHMAHAL,JAMBUGHODA,safe
1882,GUJARAT,PANCHMAHAL,KALOL,safe
1883,GUJARAT,PANCHMAHAL,MORWA HADAF,safe
1884,GUJARAT,PANCHMAHAL,SHEHRA,safe
1885,GUJARAT,PATAN,CHANASMA,critical
1887,GUJARAT,PATAN,PATAN,over_exploited
1892,GUJARAT,PATAN,SARSVATI(PATAN),over_exploited
1893,GUJARAT,PATAN,SIDHPUR,over_exploited
1894,GUJARAT,PORBANDAR,KUTIYANA,safe
1895,GUJARAT,PORBANDAR,PORBANDAR,safe
1896,GUJARAT,PORBANDAR,RANAVAV,safe
1897,GUJARAT,RAJKOT,DHORAJI,semi_critical
1898,GUJARAT,RAJKOT,GONDAL,safe
1899,GUJARAT,RAJKOT,JAMKANDORNA,safe
1900,GUJARAT,RAJKOT,JASDAN,semi_critical
1901,GUJARAT,RAJKOT,JETPUR,semi_critical
1902,GUJARAT,RAJKOT,KOTADA SANGANI,safe
1903,GUJARAT,RAJKOT,LODHIKA,safe
1904,GUJARAT,RAJKOT,PADDHARI,semi_critical
1905,GUJARAT,RAJKOT,RAJKOT,safe
1906,GUJARAT,RAJKOT,RAJKOT URBAN,safe
1907,GUJARAT,RAJKOT,UPLETA,semi_critical
1908,GUJARAT,RAJKOT,VINCHCHIYA,semi_critical
1909,GUJARAT,SABARKANTHA,HIMATNAGAR,semi_critical
1910,GUJARAT,SABARKANTHA,IDAR,semi_critical
1911,GUJARAT,SABARKANTHA,KHEDBRAHMA,safe
1912,GUJARAT,SABARKANTHA,POSHINA,safe
1913,GUJARAT,SABARKANTHA,PRANTIJ,over_exploited
1914,GUJARAT,SABARKANTHA,TALOD,safe
1915,GUJARAT,SABARKANTHA,VADALI,critical
1916,GUJARAT,SABARKANTHA,VIJAYNAGAR,safe
1917,GUJARAT,SURAT,BARDOLI,safe
1918,GUJARAT,SURAT,KAMREJ,safe
1919,GUJARAT,SURAT,MAHUVA,safe
1920,GUJARAT,SURAT,MANDVI,safe
1921,GUJARAT,SURAT,MANGROL,safe
1922,GUJARAT,SURAT,OLPAD,safe
1923,GUJARAT,SURAT,PALSANA,safe
1924,GUJARAT,SURAT,SURAT CITY & CHORASI,safe
1925,GUJARAT,SURAT,SURAT URBAN,over_exploited
1926,GUJARAT,SURAT,UMARPADA,safe
1927,GUJARAT,SURENDRANAGAR,CHOTILA,safe
1928,GUJARAT,SURENDRANAGAR,CHUDA,semi_critical
1929,GUJARAT,SURENDRANAGAR,DASADA,safe
1930,GUJARAT,SURENDRANAGAR,DHRANGADHRA,safe
1931,GUJARAT,SURENDRANAGAR,LAKHTAR,safe
1932,GUJARAT,SURENDRANAGAR,LIMBDI,safe
1933,GUJARAT,SURENDRANAGAR,MULI,safe
1934,GUJARAT,SURENDRANAGAR,SAYLA,safe
1935,GUJARAT,SURENDRANAGAR,THANGADH,semi_critical
1936,GUJARAT,SURENDRANAGAR,WADHWAN,safe
1937,GUJARAT,TAPI,DOLVAN,safe
1938,GUJARAT,TAPI,KUKARMUNDA,semi_critical
1939,GUJARAT,TAPI,NIZAR,safe
1940,GUJARAT,TAPI,SONGADH,safe
1941,GUJARAT,TAPI,UCHCHHAL,safe
1942,GUJARAT,TAPI,VALOD,safe
1943,GUJARAT,TAPI,VYARA,safe
1944,GUJARAT,VADODARA,DABHOI,safe
1945,GUJARAT,VADODARA,DESAR,safe
1946,GUJARAT,VADODARA,KARJAN,safe
1947,GUJARAT,VADODARA,PADRA,semi_critical
1948,GUJARAT,VADODARA,SAVLI,safe
1949,GUJARAT,VADODARA,SINOR,semi_critical
1950,GUJARAT,VADODARA,VADODARA,over_exploited
1951,GUJARAT,VADODARA,VADODARA URBAN,semi_critical
1952,GUJARAT,VADODARA,VAGHODIA,safe
1953,GUJARAT,VALSAD,DHARAMPUR,safe
1954,GUJARAT,VALSAD,KAPRADA,safe
1955,GUJARAT,VALSAD,PARDI,safe
1956,GUJARAT,VALSAD,UMERGAM,safe
1957,GUJARAT,VALSAD,VALSAD,safe
1958,GUJARAT,VALSAD,VAPI,safe
1959,HARYANA,AMBALA,AMBALA-I,over_exploited
1960,HARYANA,AMBALA,AMBALA-II,critical
1961,HARYANA,AMBALA,BARARA,over_exploited
1962,HARYANA,AMBALA,NARAINGARH,over_exploited
1963,HARYANA,AMBALA,SAHA,over_exploited
1964,HARYANA,AMBALA,SHAHZADPUR,semi_critical
1965,HARYANA,BHIWANI,BAWANI KHERA,safe
1966,HARYANA,BHIWANI,BEHAL,over_exploited
1967,HARYANA,BHIWANI,BHIWANI,safe
1968,HARYANA,BHIWANI,KAIRU,over_exploited
1969,HARYANA,BHIWANI,LOHARU,over_exploited
1970,HARYANA,BHIWANI,SIWANI,safe
1971,HARYANA,BHIWANI,TOSHAM,over_exploited
1972,HARYANA,CHARKHI DADRI,BADHRA,over_exploited
1973,HARYANA,CHARKHI DADRI,BAUND,safe
1974,HARYANA,CHARKHI DADRI,CHARKHI DADRI,safe
1975,HARYANA,CHARKHI DADRI,JHOJHU,over_exploited
1976,HARYANA,FARIDABAD,BALLABGARH,over_exploited
1977,HARYANA,FARIDABAD,FARIDABAD,over_exploited
1978,HARYANA,FARIDABAD,FARIDABAD_URBAN,over_exploited
1979,HARYANA,FARIDABAD,TIGAON,semi_critical
1980,HARYANA,FATEHABAD,BHATTU KALAN,semi_critical
1981,HARYANA,FATEHABAD,BHUNA,over_exploited
1982,HARYANA,FATEHABAD,FATEHABAD,over_exploited
1983,HARYANA,FATEHABAD,JAKHAL,over_exploited
1984,HARYANA,FATEHABAD,NAGPUR,over_exploited
1985,HARYANA,FATEHABAD,RATIA,over_exploited
1986,HARYANA,FATEHABAD,TOHANA,over_exploited
1987,HARYANA,GURGAON,FARRUKH NAGAR,over_exploited
1988,HARYANA,GURGAON,GURGAON,over_exploited
1989,HARYANA,GURGAON,GURGAON_URBAN,over_exploited
1990,HARYANA,GURGAON,PATAUDI,over_exploited
1991,HARYANA,GURGAON,SOHNA,over_exploited
1992,HARYANA,HISAR,ADAMPUR,safe
1993,HARYANA,HISAR,AGROHA,semi_critical
1994,HARYANA,HISAR,BARWALA,semi_critical
1995,HARYANA,HISAR,HANSI,safe
1996,HARYANA,HISAR,HANSI-II,safe
1997,HARYANA,HISAR,HISAR-I,safe
1998,HARYANA,HISAR,HISAR-II,safe
1999,HARYANA,HISAR,NARNAUND,over_exploited
2000,HARYANA,HISAR,UKLANA,safe
2001,HARYANA,JHAJJAR,BADLI,safe
2002,HARYANA,JHAJJAR,BAHADURGARH,safe
2003,HARYANA,JHAJJAR,BERI,safe
2004,HARYANA,JHAJJAR,JHAJJAR,semi_critical
2005,HARYANA,JHAJJAR,MACHHRAULI,safe
2006,HARYANA,JHAJJAR,MATANNAIL,safe
2007,HARYANA,JHAJJAR,SALHAWAS,safe
2008,HARYANA,JIND,ALEWA,over_exploited
2009,HARYANA,JIND,JIND,over_exploited
2010,HARYANA,JIND,JULANA,semi_critical
2011,HARYANA,JIND,NARWANA,semi_critical
2012,HARYANA,JIND,PILLUKHERA,semi_critical
2013,HARYANA,JIND,SAFIDON,over_exploited
2014,HARYANA,JIND,UCHANA,over_exploited
2015,HARYANA,JIND,UJHANA,over_exploited
2016,HARYANA,KAITHAL,DHAND,over_exploited
2017,HARYANA,KAITHAL,GUHLA,over_exploited
2018,HARYANA,KAITHAL,KAITHAL,over_exploited
2019,HARYANA,KAITHAL,KALAYAT,over_exploited
2020,HARYANA,KAITHAL,PUNDRI,over_exploited
2021,HARYANA,KAITHAL,RAJOUND,over_exploited
2022,HARYANA,KAITHAL,SIWAN,over_exploited
2023,HARYANA,KARNAL,ASSANDH,over_exploited
2024,HARYANA,KARNAL,GHARAUNDA (PART),over_exploited
2025,HARYANA,KARNAL,INDRI,over_exploited
2026,HARYANA,KARNAL,KARNAL,over_exploited
2027,HARYANA,KARNAL,KUNJPURA,over_exploited
2028,HARYANA,KARNAL,MUNAK,over_exploited
2029,HARYANA,KARNAL,NILOKHERI,over_exploited
2030,HARYANA,KARNAL,NISSING AT CHIRAO,over_exploited
2031,HARYANA,KURUKSHETRA,BABAIN,over_exploited
2032,HARYANA,KURUKSHETRA,ISMAILABAD,over_exploited
2033,HARYANA,KURUKSHETRA,LADWA,over_exploited
2034,HARYANA,KURUKSHETRA,PEHOWA,over_exploited
2035,HARYANA,KURUKSHETRA,PIPLI,over_exploited
2036,HARYANA,KURUKSHETRA,SHAHBAD,over_exploited
2037,HARYANA,KURUKSHETRA,THANESAR,over_exploited
2038,HARYANA,MAHENDRAGARH,ATELI NANGAL,over_exploited
2039,HARYANA,MAHENDRAGARH,KANINA,over_exploited
2040,HARYANA,MAHENDRAGARH,MAHENDRAGARH,over_exploited
2041,HARYANA,MAHENDRAGARH,NANGAL CHAUDHRY,over_exploited
2042,HARYANA,MAHENDRAGARH,NARNAUL,over_exploited
2043,HARYANA,MAHENDRAGARH,NIZAMPUR,over_exploited
2044,HARYANA,MAHENDRAGARH,SATNALI,over_exploited
2045,HARYANA,MAHENDRAGARH,SIHMA,over_exploited
2046,HARYANA,MEWAT,FEROZEPUR JHIRKA,semi_critical
2047,HARYANA,MEWAT,INDRI,safe
2048,HARYANA,MEWAT,NAGINA,safe
2049,HARYANA,MEWAT,NUH,safe
2050,HARYANA,MEWAT,PINGWAN,safe
2051,HARYANA,MEWAT,PUNAHANA,critical
2052,HARYANA,MEWAT,TAORU,over_exploited
2053,HARYANA,PALWAL,BADOLI,over_exploited
2054,HARYANA,PALWAL,HASSANPUR,critical
2055,HARYANA,PALWAL,HATHIN,safe
2056,HARYANA,PALWAL,HODAL,semi_critical
2057,HARYANA,PALWAL,PALWAL,safe
2058,HARYANA,PALWAL,PRITHLA,over_exploited
2059,HARYANA,PANCHKULA,BARWALA,safe
2060,HARYANA,PANCHKULA,PINJORE,safe
2061,HARYANA,PANCHKULA,RAIPUR RANI,critical
2062,HARYANA,PANIPAT,BAPOLI,over_exploited
2063,HARYANA,PANIPAT,ISRANA,over_exploited
2064,HARYANA,PANIPAT,MADLAUDA,over_exploited
2065,HARYANA,PANIPAT,PANIPAT,over_exploited
2066,HARYANA,PANIPAT,SAMALKHA,over_exploited
2067,HARYANA,PANIPAT,SANAULI KHURD,over_exploited
2068,HARYANA,REWARI,BAWAL,over_exploited
2069,HARYANA,REWARI,DAHINA,critical
2070,HARYANA,REWARI,DHARUHERA,over_exploited
2071,HARYANA,REWARI,JATUSANA,over_exploited
2072,HARYANA,REWARI,KHOL AT REWARI,over_exploited
2073,HARYANA,REWARI,NAHAR,over_exploited
2074,HARYANA,REWARI,REWARI,over_exploited
2075,HARYANA,ROHTAK,KALANAUR,safe
2076,HARYANA,ROHTAK,LAKHAN MAJRA,semi_critical
2077,HARYANA,ROHTAK,MAHAM,safe
2078,HARYANA,ROHTAK,ROHTAK,safe
2079,HARYANA,ROHTAK,SAMPLA,safe
2080,HARYANA,SIRSA,BARAGUDHA,semi_critical
2081,HARYANA,SIRSA,DABWALI,over_exploited
2082,HARYANA,SIRSA,ELLENABAD,over_exploited
2083,HARYANA,SIRSA,NATHUSARI CHOPTA,over_exploited
2084,HARYANA,SIRSA,ODHAN,over_exploited
2085,HARYANA,SIRSA,RANIA,over_exploited
2086,HARYANA,SIRSA,SIRSA,over_exploited
2087,HARYANA,SONIPAT,GANAUR,over_exploited
2088,HARYANA,SONIPAT,GOHANA,safe
2089,HARYANA,SONIPAT,KATHURA,semi_critical
2090,HARYANA,SONIPAT,KHARKHODA,safe
2091,HARYANA,SONIPAT,MUNDLANA,over_exploited
2092,HARYANA,SONIPAT,MURTHAL,over_exploited
2093,HARYANA,SONIPAT,RAI,over_exploited
2094,HARYANA,SONIPAT,SONIPAT,over_exploited
2095,HARYANA,YAMUNA NAGAR,BILASPUR,over_exploited
2096,HARYANA,YAMUNA NAGAR,CHHACHHRAULI,semi_critical
2097,HARYANA,YAMUNA NAGAR,JAGADHRI,over_exploited
2098,HARYANA,YAMUNA NAGAR,KHIZRABAD,critical
2099,HARYANA,YAMUNA NAGAR,MUSTAFABAD,over_exploited
2100,HARYANA,YAMUNA NAGAR,RADAUR,over_exploited
2101,HARYANA,YAMUNA NAGAR,SADAURA (PART),over_exploited
2102,Himachal Pradesh,Kangra,Baijnath,safe
2103,Himachal Pradesh,Kangra,Bhawarna,safe
2104,Himachal Pradesh,Kangra,Dehra,safe
2105,Himachal Pradesh,Kangra,Dharmsala,safe
2106,Himachal Pradesh,Kangra,Fatehpur,safe
2107,Himachal Pradesh,Kangra,Indora,safe
2108,Himachal Pradesh,Kangra,Kangra,safe
2109,Himachal Pradesh,Kangra,Nagrota Bagwan,safe
2110,Himachal Pradesh,Kangra,Nagrota Surian,safe
2111,Himachal Pradesh,Kangra,Nurpur,safe
2112,Himachal Pradesh,Kangra,Panchrukhi,safe
2113,Himachal Pradesh,Kangra,Rait,safe
2114,Himachal Pradesh,Kangra,Sulah,safe
2115,Himachal Pradesh,Mandi,Balh,safe
2116,Himachal Pradesh,Mandi,Chauntra,safe
2117,Himachal Pradesh,Mandi,Drang,safe
2118,Himachal Pradesh,Mandi,Sundarnagar,safe
2119,Himachal Pradesh,Sirmour,Nahan,safe
2120,Himachal Pradesh,Sirmour,Paonta Sahib,safe
2121,Himachal Pradesh,Solan,Dharampur,safe
2122,Himachal Pradesh,Solan,Nalagarh,safe
2123,Himachal Pradesh,Una,Amb,safe
2124,Himachal Pradesh,Una,Bangana,safe
2125,Himachal Pradesh,Una,Gagret,safe
2126,Himachal Pradesh,Una,Haroli,safe
2127,Himachal Pradesh,Una,Una,safe
2128,JAMMU AND KASHMIR,Anantnag,Achabal,safe
2129,JAMMU AND KASHMIR,Anantnag,Anantnag,safe
2130,JAMMU AND KASHMIR,Anantnag,Bijbehara,safe
2131,JAMMU AND KASHMIR,Anantnag,Breng,safe
2132,JAMMU AND KASHMIR,Anantnag,Chhathergul,safe
2133,JAMMU AND KASHMIR,Anantnag,Dachnipora,safe
2134,JAMMU AND KASHMIR,Anantnag,Hillar Shahabad,safe
2135,JAMMU AND KASHMIR,Anantnag,Khoveripora,safe
2136,JAMMU AND KASHMIR,Anantnag,Pahalgam,safe
2137,JAMMU AND KASHMIR,Anantnag,Qazigund,safe
2138,JAMMU AND KASHMIR,Anantnag,Sagam,safe
2139,JAMMU AND KASHMIR,Anantnag,Shahabad,safe
2140,JAMMU AND KASHMIR,Anantnag,Shangas,safe
2141,JAMMU AND KASHMIR,Anantnag,Vessu,safe
2142,JAMMU AND KASHMIR,Bandipora,Aloosa,safe
2143,JAMMU AND KASHMIR,Bandipora,Bandipora,safe
2144,JAMMU AND KASHMIR,Bandipora,Hajin,safe
2145,JAMMU AND KASHMIR,Bandipora,Naidkhay,safe
2146,JAMMU AND KASHMIR,Bandipora,Nowgam,safe
2147,JAMMU AND KASHMIR,Bandipora,Sumbal,safe
2148,JAMMU AND KASHMIR,Baramulla,Baramula,safe
2149,JAMMU AND KASHMIR,Baramulla,Hardaboora,safe
2150,JAMMU AND KASHMIR,Baramulla,Kandi Rafiabad,safe
2151,JAMMU AND KASHMIR,Baramulla,Kunzer,safe
2152,JAMMU AND KASHMIR,Baramulla,Lalpora,safe
2153,JAMMU AND KASHMIR,Baramulla,Nadihal,safe
2154,JAMMU AND KASHMIR,Baramulla,Pattan,safe
2155,JAMMU AND KASHMIR,Baramulla,Rafiabad,safe
2156,JAMMU AND KASHMIR,Baramulla,Sangrama,safe
2157,JAMMU AND KASHMIR,Baramulla,Sheerabad Khore,safe
2158,JAMMU AND KASHMIR,Baramulla,Singhpora,safe
2159,JAMMU AND KASHMIR,Baramulla,Sopore,safe
2160,JAMMU AND KASHMIR,Baramulla,Tujjer Sharief,safe
2161,JAMMU AND KASHMIR,Baramulla,Wagoora,safe
2162,JAMMU AND KASHMIR,Baramulla,Wailoo,safe
2163,JAMMU AND KASHMIR,Baramulla,Zaingeer,safe
2164,JAMMU AND KASHMIR,Budgam,B K Pora,safe
2165,JAMMU AND KASHMIR,Budgam,Badgam,safe
2166,JAMMU AND KASHMIR,Budgam,Beerwah,safe
2167,JAMMU AND KASHMIR,Budgam,Chadoora,safe
2168,JAMMU AND KASHMIR,Budgam,Charisharief,safe
2169,JAMMU AND KASHMIR,Budgam,Nagam,safe
2170,JAMMU AND KASHMIR,Budgam,Narbal,safe
2171,JAMMU AND KASHMIR,Budgam,Pakherpora,safe
2172,JAMMU AND KASHMIR,Budgam,Parnewa,safe
2173,JAMMU AND KASHMIR,Budgam,Rathsun,safe
2174,JAMMU AND KASHMIR,Budgam,Soibugh,safe
2175,JAMMU AND KASHMIR,Budgam,Sukhnag Hard Panzoo,safe
2176,JAMMU AND KASHMIR,Budgam,Surasyar,safe
2177,JAMMU AND KASHMIR,Budgam,Waterhail,safe
2178,JAMMU AND KASHMIR,Doda,Bhaderwah,safe
2179,JAMMU AND KASHMIR,Ganderbal,Ganderbal,safe
2180,JAMMU AND KASHMIR,Ganderbal,Kangan,safe
2181,JAMMU AND KASHMIR,Ganderbal,Safapora,safe
2182,JAMMU AND KASHMIR,Jammu,Akhnoor,safe
2183,JAMMU AND KASHMIR,Jammu,Arnia,safe
2184,JAMMU AND KASHMIR,Jammu,Bhalwal,safe
2185,JAMMU AND KASHMIR,Jammu,Bhalwal Brahmana,safe
2186,JAMMU AND KASHMIR,Jammu,Bishnah,safe
2187,JAMMU AND KASHMIR,Jammu,Jammu UA,safe
2188,JAMMU AND KASHMIR,Jammu,Khour,safe
2189,JAMMU AND KASHMIR,Jammu,Mandal Phallain,safe
2190,JAMMU AND KASHMIR,Jammu,Marh,safe
2191,JAMMU AND KASHMIR,Jammu,Miran Sahib,safe
2192,JAMMU AND KASHMIR,Jammu,Nagrota,safe
2193,JAMMU AND KASHMIR,Jammu,Pargwal,safe
2194,JAMMU AND KASHMIR,Jammu,R.S PURA,safe
2195,JAMMU AND KASHMIR,Jammu,Suchetgarh,safe
2196,JAMMU AND KASHMIR,Kathua,Barnoti,safe
2197,JAMMU AND KASHMIR,Kathua,Billawar,safe
2198,JAMMU AND KASHMIR,Kathua,Dinga Amb,safe
2199,JAMMU AND KASHMIR,Kathua,Hiranagar,safe
2200,JAMMU AND KASHMIR,Kathua,Kathua,safe
2201,JAMMU AND KASHMIR,Kathua,Keerian Gangyal,safe
2202,JAMMU AND KASHMIR,Kathua,Mandli,safe
2203,JAMMU AND KASHMIR,Kathua,Marheen,safe
2204,JAMMU AND KASHMIR,Kathua,Nagri,safe
2205,JAMMU AND KASHMIR,Kathua,Nagrota Gujroo,safe
2206,JAMMU AND KASHMIR,Kishtwar,Kishtwar,safe
2207,JAMMU AND KASHMIR,Kishtwar,Padder,safe
2208,JAMMU AND KASHMIR,Kulgam,Behibagh,safe
2209,JAMMU AND KASHMIR,Kulgam,Devsar,safe
2210,JAMMU AND KASHMIR,Kulgam,Frisal,safe
2211,JAMMU AND KASHMIR,Kulgam,Kulgam,safe
2212,JAMMU AND KASHMIR,Kulgam,Manzgam,safe
2213,JAMMU AND KASHMIR,Kulgam,Pombay,safe
2214,JAMMU AND KASHMIR,Kulgam,Qaimoh,safe
2215,JAMMU AND KASHMIR,Kupwarar,Drugmulla,safe
2216,JAMMU AND KASHMIR,Kupwarar,Handwara,safe
2217,JAMMU AND KASHMIR,Kupwarar,Hayhama,safe
2218,JAMMU AND KASHMIR,Kupwarar,Kalarooch,safe
2219,JAMMU AND KASHMIR,Kupwarar,Kupwara,safe
2220,JAMMU AND KASHMIR,Kupwarar,Langet,safe
2221,JAMMU AND KASHMIR,Kupwarar,Nutnoosa,safe
2222,JAMMU AND KASHMIR,Kupwarar,Qadirabad,safe
2223,JAMMU AND KASHMIR,Kupwarar,Qaziabad Supernagama,safe
2224,JAMMU AND KASHMIR,Poonch,Mandi,safe
2225,JAMMU AND KASHMIR,Poonch,Nanglai sahib,safe
2226,JAMMU AND KASHMIR,Poonch,Poonch,safe
2227,JAMMU AND KASHMIR,Poonch,Surankote,safe
2228,JAMMU AND KASHMIR,Pulwama,Awantipora,safe
2229,JAMMU AND KASHMIR,Pulwama,Dadsara,safe
2230,JAMMU AND KASHMIR,Pulwama,Ichegoza,safe
2231,JAMMU AND KASHMIR,Pulwama,Kakapora,safe
2232,JAMMU AND KASHMIR,Pulwama,Litter,safe
2233,JAMMU AND KASHMIR,Pulwama,Newa,safe
2234,JAMMU AND KASHMIR,Pulwama,Pampore,safe
2235,JAMMU AND KASHMIR,Pulwama,Pulwama,safe
2236,JAMMU AND KASHMIR,Pulwama,Shadimarg,safe
2237,JAMMU AND KASHMIR,Pulwama,Tral,safe
2238,JAMMU AND KASHMIR,Rajouri,Kalakote,safe
2239,JAMMU AND KASHMIR,Rajouri,Khawas,safe
2240,JAMMU AND KASHMIR,Rajouri,Lamberi,safe
2241,JAMMU AND KASHMIR,Rajouri,Nowshera,safe
2242,JAMMU AND KASHMIR,Rajouri,Planger,safe
2243,JAMMU AND KASHMIR,Rajouri,Rajouri,safe
2244,JAMMU AND KASHMIR,Rajouri,Seri,safe
2245,JAMMU AND KASHMIR,Rajouri,Siot,safe
2246,JAMMU AND KASHMIR,Rajouri,Sunderbani,safe
2247,JAMMU AND KASHMIR,Ramban,Banihal,safe
2248,JAMMU AND KASHMIR,Ramban,Ramban,safe
2249,JAMMU AND KASHMIR,Ramban,Sangaldan,safe
2250,JAMMU AND KASHMIR,Reasi,Katra,safe
2251,JAMMU AND KASHMIR,Reasi,Panthal,safe
2252,JAMMU AND KASHMIR,Reasi,Pouni,safe
2253,JAMMU AND KASHMIR,Reasi,Reasi,safe
2254,JAMMU AND KASHMIR,Samba,Bari Brahmana,safe
2255,JAMMU AND KASHMIR,Samba,Ghagwal,safe
2256,JAMMU AND KASHMIR,Samba,Nud,safe
2257,JAMMU AND KASHMIR,Samba,Purmandal,safe
2258,JAMMU AND KASHMIR,Samba,Raj Pura,safe
2259,JAMMU AND KASHMIR,Samba,Ramgarh,safe
2260,JAMMU AND KASHMIR,Samba,Samba,safe
2261,JAMMU AND KASHMIR,Samba,Sumb,safe
2262,JAMMU AND KASHMIR,Samba,Vijaypur,safe
2263,JAMMU AND KASHMIR,Shopian,Chitragam,safe
2264,JAMMU AND KASHMIR,Shopian,Harman,safe
2265,JAMMU AND KASHMIR,Shopian,Imamsahib,safe
2266,JAMMU AND KASHMIR,Shopian,Kanji Ullar,safe
2267,JAMMU AND KASHMIR,Shopian,Kaprin,safe
2268,JAMMU AND KASHMIR,Shopian,Keller,safe
2269,JAMMU AND KASHMIR,Shopian,Ramnagri,safe
2270,JAMMU AND KASHMIR,Shopian,Shopian,safe
2271,JAMMU AND KASHMIR,Shopian,Zainpora,safe
2272,JAMMU AND KASHMIR,Srinagar,Srinagar UA,safe
2273,JAMMU AND KASHMIR,Udhampur,Khoon,safe
2274,JAMMU AND KASHMIR,Udhampur,Majalta,safe
2275,JAMMU AND KASHMIR,Udhampur,Tikri,safe
2276,JAMMU AND KASHMIR,Udhampur,Udhampur,safe
2277,JHARKHAND,BOKARO,BERMO,over_exploited
2278,JHARKHAND,BOKARO,CHANDAN KIYARI,safe
2279,JHARKHAND,BOKARO,CHANDRAPURA,safe
2280,JHARKHAND,BOKARO,CHAS,safe
2281,JHARKHAND,BOKARO,GUMIA,safe
2282,JHARKHAND,BOKARO,JARIDIH,safe
2283,JHARKHAND,BOKARO,KASMAR,safe
2284,JHARKHAND,BOKARO,NAWADIH,safe
2285,JHARKHAND,BOKARO,PETERBAR,safe
2286,JHARKHAND,CHATRA,CHATRA,safe
2287,JHARKHAND,CHATRA,GIDHAUR,safe
2288,JHARKHAND,CHATRA,HUNTERGANJ,safe
2289,JHARKHAND,CHATRA,ITKHORI,safe
2290,JHARKHAND,CHATRA,KANHACHATTI,safe
2291,JHARKHAND,CHATRA,KUNDA,safe
2292,JHARKHAND,CHATRA,LAWALONG,safe
2293,JHARKHAND,CHATRA,MAYURHUND,safe
2294,JHARKHAND,CHATRA,PATHALGODA,safe
2295,JHARKHAND,CHATRA,PRATAPPUR,safe
2296,JHARKHAND,CHATRA,SIMARIA,safe
2297,JHARKHAND,CHATRA,TANDWA,safe
2298,JHARKHAND,DEOGHAR,DEOGHAR,safe
2299,JHARKHAND,DEOGHAR,DEVIPUR,safe
2300,JHARKHAND,DEOGHAR,KARON,semi_critical
2301,JHARKHAND,DEOGHAR,MADHUPUR,safe
2302,JHARKHAND,DEOGHAR,MARGOMUNDA,safe
2303,JHARKHAND,DEOGHAR,MOHANPUR,safe
2304,JHARKHAND,DEOGHAR,PALOJORI,safe
2305,JHARKHAND,DEOGHAR,SARATH,safe
2306,JHARKHAND,DEOGHAR,SARWAN,semi_critical
2307,JHARKHAND,DEOGHAR,SONARAITHADHI,semi_critical
2308,JHARKHAND,DHANBAD,BAGHMARA,semi_critical
2309,JHARKHAND,DHANBAD,BALIAPUR,over_exploited
2310,JHARKHAND,DHANBAD,CHIRKUNDA,safe
2311,JHARKHAND,DHANBAD,DHANBAD,semi_critical
2312,JHARKHAND,DHANBAD,DHANBAD URBAN,over_exploited
2313,JHARKHAND,DHANBAD,GOBINDPUR,semi_critical
2314,JHARKHAND,DHANBAD,PURBI TUNDI,safe
2315,JHARKHAND,DHANBAD,TOPCHANCHI,critical
2316,JHARKHAND,DHANBAD,TUNDI,safe
2317,JHARKHAND,DUMKA,DUMKA,safe
2318,JHARKHAND,DUMKA,GOPIKANDER,safe
2319,JHARKHAND,DUMKA,JAMA,safe
2320,JHARKHAND,DUMKA,JARMUNDI,safe
2321,JHARKHAND,DUMKA,KATHIKUND,safe
2322,JHARKHAND,DUMKA,MASALIA,safe
2323,JHARKHAND,DUMKA,RAMGARH,safe
2324,JHARKHAND,DUMKA,RANISHWAR,safe
2325,JHARKHAND,DUMKA,SARAIYAHAT,safe
2326,JHARKHAND,DUMKA,SHIKARIPARA,safe
2327,JHARKHAND,EAST SINGHBHUM,BAHARAGORA,safe
2328,JHARKHAND,EAST SINGHBHUM,BORAM,safe
2329,JHARKHAND,EAST SINGHBHUM,CHAKULIA,safe
2330,JHARKHAND,EAST SINGHBHUM,DHALBHUMGARH,safe
2331,JHARKHAND,EAST SINGHBHUM,DUMARIA,safe
2332,JHARKHAND,EAST SINGHBHUM,GHATSILA,safe
2333,JHARKHAND,EAST SINGHBHUM,GOLMURI CUM JUGSALAI,over_exploited
2334,JHARKHAND,EAST SINGHBHUM,GURABANDHA,safe
2335,JHARKHAND,EAST SINGHBHUM,JAMSHEDPUR URBAN,over_exploited
2336,JHARKHAND,EAST SINGHBHUM,MUSABANI,safe
2337,JHARKHAND,EAST SINGHBHUM,PATAMDA,safe
2338,JHARKHAND,EAST SINGHBHUM,POTKA,safe
2339,JHARKHAND,GARHWA,BARDIHA,safe
2340,JHARKHAND,GARHWA,BHANDARIA,safe
2341,JHARKHAND,GARHWA,BHAWANATHPUR,semi_critical
2342,JHARKHAND,GARHWA,BISHUNPURA,safe
2343,JHARKHAND,GARHWA,CHINIA,safe
2344,JHARKHAND,GARHWA,DANDA,safe
2345,JHARKHAND,GARHWA,DANDAI,safe
2346,JHARKHAND,GARHWA,DHURKI,safe
2347,JHARKHAND,GARHWA,GARHWA,safe
2348,JHARKHAND,GARHWA,KANDI,safe
2349,JHARKHAND,GARHWA,KETAR,safe
2350,JHARKHAND,GARHWA,KHARAONDHI,safe
2351,JHARKHAND,GARHWA,MAJHIAON,safe
2352,JHARKHAND,GARHWA,MERAL,safe
2353,JHARKHAND,GARHWA,RAMKANDA,safe
2354,JHARKHAND,GARHWA,RAMNA,safe
2355,JHARKHAND,GARHWA,RANKA,safe
2356,JHARKHAND,GARHWA,SAGMA,safe
2357,JHARKHAND,GARHWA,UNTARI,safe
2358,JHARKHAND,GIRIDIH,BAGODAR,safe
2359,JHARKHAND,GIRIDIH,BENGABAD,safe
2360,JHARKHAND,GIRIDIH,BIRNI,safe
2361,JHARKHAND,GIRIDIH,DEORI,safe
2362,JHARKHAND,GIRIDIH,DHANWAR,safe
2363,JHARKHAND,GIRIDIH,DUMRI,safe
2364,JHARKHAND,GIRIDIH,GANDE,safe
2365,JHARKHAND,GIRIDIH,GAWAN,safe
2366,JHARKHAND,GIRIDIH,GIRIDIH,semi_critical
2367,JHARKHAND,GIRIDIH,JAMUA,safe
2368,JHARKHAND,GIRIDIH,PIRTANR,safe
2369,JHARKHAND,GIRIDIH,SARIA,safe
2370,JHARKHAND,GIRIDIH,TISRI,safe
2371,JHARKHAND,GODDA,BASANTRAI,safe
2372,JHARKHAND,GODDA,BOARIJOR,safe
2373,JHARKHAND,GODDA,GODDA,safe
2374,JHARKHAND,GODDA,MAHAGAMA,safe
2375,JHARKHAND,GODDA,MEHERMA,safe
2376,JHARKHAND,GODDA,PATHARGAMA,safe
2377,JHARKHAND,GODDA,POREYAHAT,safe
2378,JHARKHAND,GODDA,SUNDERPAHARI,safe
2379,JHARKHAND,GODDA,THAKURGHANTI,safe
2380,JHARKHAND,GUMLA,ALBERT EKKA,safe
2381,JHARKHAND,GUMLA,BASIA,safe
2382,JHARKHAND,GUMLA,BHARNO,safe
2383,JHARKHAND,GUMLA,BISHUNPUR,safe
2384,JHARKHAND,GUMLA,CHAINPUR,safe
2385,JHARKHAND,GUMLA,DUMRI,safe
2386,JHARKHAND,GUMLA,GHAGHRA,safe
2387,JHARKHAND,GUMLA,GUMLA,safe
2388,JHARKHAND,GUMLA,KAMDARA,safe
2389,JHARKHAND,GUMLA,PALKOT,safe
2390,JHARKHAND,GUMLA,RAIDIH,safe
2391,JHARKHAND,GUMLA,SISAI,safe
2392,JHARKHAND,HAZARIBAGH,BARHI,safe
2393,JHARKHAND,HAZARIBAGH,BARKAGAON,safe
2394,JHARKHAND,HAZARIBAGH,BARKATHA,safe
2395,JHARKHAND,HAZARIBAGH,BISHNUGARH,safe
2396,JHARKHAND,HAZARIBAGH,CHALKUSHA,safe
2397,JHARKHAND,HAZARIBAGH,CHAUPARAN,safe
2398,JHARKHAND,HAZARIBAGH,CHURCHU,safe
2399,JHARKHAND,HAZARIBAGH,DARI,safe
2400,JHARKHAND,HAZARIBAGH,DARU,semi_critical
2401,JHARKHAND,HAZARIBAGH,HAZARIBAGH,safe
2402,JHARKHAND,HAZARIBAGH,ICHAK,safe
2403,JHARKHAND,HAZARIBAGH,KATKAMDAG,safe
2404,JHARKHAND,HAZARIBAGH,KATKAMSANDI,safe
2405,JHARKHAND,HAZARIBAGH,KEREDARI,safe
2406,JHARKHAND,HAZARIBAGH,PADMA,safe
2407,JHARKHAND,HAZARIBAGH,TATIJHARIA,safe
2408,JHARKHAND,JAMTARA,FATEPUR,safe
2409,JHARKHAND,JAMTARA,JAMTARA,safe
2410,JHARKHAND,JAMTARA,KUNDAHIT,safe
2411,JHARKHAND,JAMTARA,NALA,safe
2412,JHARKHAND,JAMTARA,NARAYANPUR,safe
2413,JHARKHAND,JAMTARA,VIDYASAGAR,safe
2414,JHARKHAND,KHUNTI,ERKI,safe
2415,JHARKHAND,KHUNTI,KARRA,safe
2416,JHARKHAND,KHUNTI,KHUNTI,safe
2417,JHARKHAND,KHUNTI,MURHU,safe
2418,JHARKHAND,KHUNTI,RANIA,safe
2419,JHARKHAND,KHUNTI,TORPA,safe
2420,JHARKHAND,KODERMA,CHANDWARA,safe
2421,JHARKHAND,KODERMA,DOMCHANCH,safe
2422,JHARKHAND,KODERMA,JAINAGAR,critical
2423,JHARKHAND,KODERMA,KODERMA,semi_critical
2424,JHARKHAND,KODERMA,MARKACHHO,safe
2425,JHARKHAND,KODERMA,SATGAWAN,safe
2426,JHARKHAND,LATEHAR,BALUMATH,safe
2427,JHARKHAND,LATEHAR,BARIATU,safe
2428,JHARKHAND,LATEHAR,BARWADIH,safe
2429,JHARKHAND,LATEHAR,CHANDWA,safe
2430,JHARKHAND,LATEHAR,GARU,safe
2431,JHARKHAND,LATEHAR,HERHANG,safe
2432,JHARKHAND,LATEHAR,LATEHAR,safe
2433,JHARKHAND,LATEHAR,MAHUADANR,safe
2434,JHARKHAND,LATEHAR,MANIKA,safe
2435,JHARKHAND,LOHARDAGA,BHANDRA,safe
2436,JHARKHAND,LOHARDAGA,KARRO,safe
2437,JHARKHAND,LOHARDAGA,KISKO,safe
2438,JHARKHAND,LOHARDAGA,KURU,safe
2439,JHARKHAND,LOHARDAGA,LOHARDAGA,safe
2440,JHARKHAND,LOHARDAGA,PESHRAR,safe
2441,JHARKHAND,LOHARDAGA,SENHA,safe
2442,JHARKHAND,PAKUR,AMRAPARA,safe
2443,JHARKHAND,PAKUR,HIRANPUR,safe
2444,JHARKHAND,PAKUR,LITIPARA,safe
2445,JHARKHAND,PAKUR,MAHESHPUR,safe
2446,JHARKHAND,PAKUR,PAKUR,safe
2447,JHARKHAND,PAKUR,PAKURIA,safe
2448,JHARKHAND,PALAMAU,BISHRAMPUR,safe
2449,JHARKHAND,PALAMAU,CHAINPUR,safe
2450,JHARKHAND,PALAMAU,CHHATARPUR,safe
2451,JHARKHAND,PALAMAU,DALTONGANJ,safe
2452,JHARKHAND,PALAMAU,HAIDERNAGAR,safe
2453,JHARKHAND,PALAMAU,HARIHARGANJ,safe
2454,JHARKHAND,PALAMAU,HUSAINABAD,safe
2455,JHARKHAND,PALAMAU,LESLIEGANJ,safe
2456,JHARKHAND,PALAMAU,MANATU,safe
2457,JHARKHAND,PALAMAU,MEDINAGAR URBAN,safe
2458,JHARKHAND,PALAMAU,MOHAMMEDGANJ,safe
2459,JHARKHAND,PALAMAU,NAWABAZAR,safe
2460,JHARKHAND,PALAMAU,NAWADIH,safe
2461,JHARKHAND,PALAMAU,PANDU,safe
2462,JHARKHAND,PALAMAU,PANDWA,safe
2463,JHARKHAND,PALAMAU,PANKI,safe
2464,JHARKHAND,PALAMAU,PATAN,safe
2465,JHARKHAND,PALAMAU,PIPRA,safe
2466,JHARKHAND,PALAMAU,SATBARWA,safe
2467,JHARKHAND,PALAMAU,TARHASI,safe
2468,JHARKHAND,PALAMAU,UTARIOR,safe
2469,JHARKHAND,RAMGARH,CHITARPUR,over_exploited
2470,JHARKHAND,RAMGARH,DULMI,safe
2471,JHARKHAND,RAMGARH,GOLA,safe
2472,JHARKHAND,RAMGARH,MANDU,safe
2473,JHARKHAND,RAMGARH,PATRATU,safe
2474,JHARKHAND,RAMGARH,RAMGARH,critical
2475,JHARKHAND,RANCHI,ANGARA,safe
2476,JHARKHAND,RANCHI,BERO,safe
2477,JHARKHAND,RANCHI,BUNDU,safe
2478,JHARKHAND,RANCHI,BURMU,safe
2479,JHARKHAND,RANCHI,CHANHO,safe
2480,JHARKHAND,RANCHI,ITKI,safe
2481,JHARKHAND,RANCHI,KANKE,safe
2482,JHARKHAND,RANCHI,KHELARI,semi_critical
2483,JHARKHAND,RANCHI,LAPUNG,safe
2484,JHARKHAND,RANCHI,MANDAR,safe
2485,JHARKHAND,RANCHI,NAGRI,safe
2486,JHARKHAND,RANCHI,NAMKUM,safe
2487,JHARKHAND,RANCHI,ORMANJHI,semi_critical
2488,JHARKHAND,RANCHI,RAHE,safe
2489,JHARKHAND,RANCHI,RANCHI URBAN,critical
2490,JHARKHAND,RANCHI,RATU,safe
2491,JHARKHAND,RANCHI,SILLI,critical
2492,JHARKHAND,RANCHI,SONAHATU,safe
2493,JHARKHAND,RANCHI,TAMAR,safe
2494,JHARKHAND,SAHEBGANJ,BARHAIT,safe
2495,JHARKHAND,SAHEBGANJ,BARHARWA,safe
2496,JHARKHAND,SAHEBGANJ,BORIO,safe
2497,JHARKHAND,SAHEBGANJ,MANDRO,safe
2498,JHARKHAND,SAHEBGANJ,PATHNA,safe
2499,JHARKHAND,SAHEBGANJ,RAJMAHAL,safe
2500,JHARKHAND,SAHEBGANJ,SAHEBGANJ,safe
2501,JHARKHAND,SAHEBGANJ,TALJHARI,safe
2502,JHARKHAND,SAHEBGANJ,UDHUA,safe
2503,JHARKHAND,SARAIKELA KHARSAWAN,ADITYAPUR (GAMHARIA),safe
2504,JHARKHAND,SARAIKELA KHARSAWAN,Chandil,safe
2505,JHARKHAND,SARAIKELA KHARSAWAN,GOBINDPUR,safe
2506,JHARKHAND,SARAIKELA KHARSAWAN,ICHAGARH,safe
2507,JHARKHAND,SARAIKELA KHARSAWAN,KHARSAWAN,safe
2508,JHARKHAND,SARAIKELA KHARSAWAN,KUCHAI,safe
2509,JHARKHAND,SARAIKELA KHARSAWAN,KUKRU,safe
2510,JHARKHAND,SARAIKELA KHARSAWAN,NIMDIH,safe
2511,JHARKHAND,SARAIKELA KHARSAWAN,SERAIKELA,safe
2512,JHARKHAND,SIMDEGA,BANO,safe
2513,JHARKHAND,SIMDEGA,BANSJOR,safe
2514,JHARKHAND,SIMDEGA,BOLBA,safe
2515,JHARKHAND,SIMDEGA,JALDEGA,safe
2516,JHARKHAND,SIMDEGA,KERSAI,safe
2517,JHARKHAND,SIMDEGA,KOLEBIRA,safe
2518,JHARKHAND,SIMDEGA,KURDEG,safe
2519,JHARKHAND,SIMDEGA,PAKARDANR,safe
2520,JHARKHAND,SIMDEGA,SIMDEGA,safe
2521,JHARKHAND,SIMDEGA,THETHAITANGAR,safe
2522,JHARKHAND,WEST SINGHBHUM,ANANDPUR,safe
2523,JHARKHAND,WEST SINGHBHUM,BANDGAON,safe
2524,JHARKHAND,WEST SINGHBHUM,CHAIBASA,safe
2525,JHARKHAND,WEST SINGHBHUM,CHAKRADHARPUR,safe
2526,JHARKHAND,WEST SINGHBHUM,GOELKERA,safe
2527,JHARKHAND,WEST SINGHBHUM,GUDRI,safe
2528,JHARKHAND,WEST SINGHBHUM,HATGAMARIA,safe
2529,JHARKHAND,WEST SINGHBHUM,JAGANNATHPUR,safe
2530,JHARKHAND,WEST SINGHBHUM,JHINKPANI,safe
2531,JHARKHAND,WEST SINGHBHUM,KHUNTPANI,safe
2532,JHARKHAND,WEST SINGHBHUM,KUMARDUNGI,safe
2533,JHARKHAND,WEST SINGHBHUM,MAJHGAON,safe
2534,JHARKHAND,WEST SINGHBHUM,MANJHARI,safe
2535,JHARKHAND,WEST SINGHBHUM,MANOHARPUR,safe
2536,JHARKHAND,WEST SINGHBHUM,NOAMUNDI,safe
2537,JHARKHAND,WEST SINGHBHUM,SONUA,safe
2538,JHARKHAND,WEST SINGHBHUM,TANTNAGAR,safe
2539,JHARKHAND,WEST SINGHBHUM,TONTO,safe
2540,KARNATAKA,Bagalkot,Badami,critical
2541,KARNATAKA,Bagalkot,Bagalkote,over_exploited
2542,KARNATAKA,Bagalkot,Bilagi,safe
2543,KARNATAKA,Bagalkot,Guledagudda,critical
2544,KARNATAKA,Bagalkot,Hungund,semi_critical
2545,KARNATAKA,Bagalkot,Ilkal,semi_critical
2546,KARNATAKA,Bagalkot,Jamakhandi,safe
2547,KARNATAKA,Bagalkot,Mudhol,semi_critical
2548,KARNATAKA,Bagalkot,Rabakavi Banahatti,semi_critical
2549,KARNATAKA,Ballari,Ballari,safe
2550,KARNATAKA,Ballari,Kampli,safe
2551,KARNATAKA,Ballari,Kurugodu,safe
2552,KARNATAKA,Ballari,Siraguppa,safe
2553,KARNATAKA,Ballari,Sonduru,safe
2554,KARNATAKA,Belagavi,Athani,safe
2555,KARNATAKA,Belagavi,Bailhongal,over_exploited
2556,KARNATAKA,Belagavi,Belagavi,safe
2557,KARNATAKA,Belagavi,Chikkodi,semi_critical
2558,KARNATAKA,Belagavi,Gokak,semi_critical
2559,KARNATAKA,Belagavi,Hukkeri,semi_critical
2560,KARNATAKA,Belagavi,Kagavada,critical
2561,KARNATAKA,Belagavi,Khanapur,safe
2562,KARNATAKA,Belagavi,Kitthuru,safe
2563,KARNATAKA,Belagavi,Mudalagi,safe
2564,KARNATAKA,Belagavi,Nippani,safe
2565,KARNATAKA,Belagavi,Raibag,safe
2566,KARNATAKA,Belagavi,Ramadurg,safe
2567,KARNATAKA,Belagavi,Savadatti,over_exploited
2568,KARNATAKA,Belagavi,Yaragatti,semi_critical
2569,KARNATAKA,Bengaluru (Rural),Devanahalli,over_exploited
2570,KARNATAKA,Bengaluru (Rural),Doddaballapura,over_exploited
2571,KARNATAKA,Bengaluru (Rural),Hoskote,over_exploited
2572,KARNATAKA,Bengaluru (Rural),Nelamangala,over_exploited
2573,KARNATAKA,Bengaluru (Urban),Anekal,over_exploited
2574,KARNATAKA,Bengaluru (Urban),Bangalore (North),over_exploited
2575,KARNATAKA,Bengaluru (Urban),Bangalore-City,over_exploited
2576,KARNATAKA,Bengaluru (Urban),Bangalore-East,over_exploited
2577,KARNATAKA,Bengaluru (Urban),Bangalore-South,over_exploited
2578,KARNATAKA,Bengaluru (Urban),Yelahanka,over_exploited
2579,KARNATAKA,Bengaluru South,Channapatna,safe
2580,KARNATAKA,Bengaluru South,Harohalli,over_exploited
2581,KARNATAKA,Bengaluru South,Kanakpura,semi_critical
2582,KARNATAKA,Bengaluru South,Magadi,over_exploited
2583,KARNATAKA,Bengaluru South,Ramanagar,critical
2584,KARNATAKA,Bidar,Aurad,safe
2585,KARNATAKA,Bidar,Basavakalyan,safe
2586,KARNATAKA,Bidar,Bhalki,semi_critical
2587,KARNATAKA,Bidar,Bidar,safe
2588,KARNATAKA,Bidar,Chittaguppa,safe
2589,KARNATAKA,Bidar,Hulasuru,semi_critical
2590,KARNATAKA,Bidar,Humnabad,safe
2591,KARNATAKA,Bidar,Kamalanagara,semi_critical
2592,KARNATAKA,Chamarajanagara,Chamarajanagara,critical
2593,KARNATAKA,Chamarajanagara,Gundlupet,over_exploited
2594,KARNATAKA,Chamarajanagara,Hanuru,semi_critical
2595,KARNATAKA,Chamarajanagara,Kollegala,semi_critical
2596,KARNATAKA,Chamarajanagara,Yalandur,semi_critical
2597,KARNATAKA,Chikkaballapura,Bagepalli,over_exploited
2598,KARNATAKA,Chikkaballapura,Chikballapur,over_exploited
2599,KARNATAKA,Chikkaballapura,Chinthamani,over_exploited
2600,KARNATAKA,Chikkaballapura,Gauribidanur,over_exploited
2601,KARNATAKA,Chikkaballapura,Gudibande,over_exploited
2602,KARNATAKA,Chikkaballapura,Shidlagatta,over_exploited
2603,KARNATAKA,Chikkamagaluru,Ajjampura,over_exploited
2604,KARNATAKA,Chikkamagaluru,Chikmagalur,safe
2605,KARNATAKA,Chikkamagaluru,Kadur,critical
2606,KARNATAKA,Chikkamagaluru,Kalasa,safe
2607,KARNATAKA,Chikkamagaluru,Koppa,safe
2608,KARNATAKA,Chikkamagaluru,Mudigere,safe
2609,KARNATAKA,Chikkamagaluru,Narasimharajapura,safe
2610,KARNATAKA,Chikkamagaluru,Sringeri,safe
2611,KARNATAKA,Chikkamagaluru,Tarikere,safe
2612,KARNATAKA,Chitradurga,Challakere,over_exploited
2613,KARNATAKA,Chitradurga,Chitradurga,over_exploited
2614,KARNATAKA,Chitradurga,Hiriyur,over_exploited
2615,KARNATAKA,Chitradurga,Holalkere,over_exploited
2616,KARNATAKA,Chitradurga,Hosadurga,over_exploited
2617,KARNATAKA,Chitradurga,Molakalmuru,safe
2618,KARNATAKA,Dakshina Kannada,Bantwal,safe
2619,KARNATAKA,Dakshina Kannada,Belthangady,safe
2620,KARNATAKA,Dakshina Kannada,Kadaba,safe
2621,KARNATAKA,Dakshina Kannada,Mangalore,safe
2622,KARNATAKA,Dakshina Kannada,Mudabidri,safe
2623,KARNATAKA,Dakshina Kannada,Mulki,safe
2624,KARNATAKA,Dakshina Kannada,Puttur,safe
2625,KARNATAKA,Dakshina Kannada,Sulya,safe
2626,KARNATAKA,Dakshina Kannada,Ullala,safe
2627,KARNATAKA,Davanagere,Channagiri,over_exploited
2628,KARNATAKA,Davanagere,Davanagere,semi_critical
2629,KARNATAKA,Davanagere,Harihar,safe
2630,KARNATAKA,Davanagere,Honnali,semi_critical
2631,KARNATAKA,Davanagere,Jagaluru,over_exploited
2632,KARNATAKA,Davanagere,Nyamati,safe
2633,KARNATAKA,Dharwad,Alnavara,safe
2634,KARNATAKA,Dharwad,Annigere,safe
2635,KARNATAKA,Dharwad,Dharwad,safe
2636,KARNATAKA,Dharwad,Hubballi Nagara,safe
2637,KARNATAKA,Dharwad,Hubli,safe
2638,KARNATAKA,Dharwad,Kalgatgi,safe
2639,KARNATAKA,Dharwad,Kundgol,safe
2640,KARNATAKA,Dharwad,Navalgund,safe
2641,KARNATAKA,Gadag,Gadag,semi_critical
2642,KARNATAKA,Gadag,Gajendragad,over_exploited
2643,KARNATAKA,Gadag,Laxmeshwar,semi_critical
2644,KARNATAKA,Gadag,Mundargi,semi_critical
2645,KARNATAKA,Gadag,Naragund,safe
2646,KARNATAKA,Gadag,Rona,semi_critical
2647,KARNATAKA,Gadag,Shirahatti,semi_critical
2648,KARNATAKA,Hassan,Alur,safe
2649,KARNATAKA,Hassan,Arkalgud,safe
2650,KARNATAKA,Hassan,Arsikere,over_exploited
2651,KARNATAKA,Hassan,Belur,safe
2652,KARNATAKA,Hassan,Channarayapatna,semi_critical
2653,KARNATAKA,Hassan,Hassan,safe
2654,KARNATAKA,Hassan,Holenarasipura,safe
2655,KARNATAKA,Hassan,Sakleshpura,safe
2656,KARNATAKA,Haveri,Byadagi,critical
2657,KARNATAKA,Haveri,Hangal,safe
2658,KARNATAKA,Haveri,Haveri,safe
2659,KARNATAKA,Haveri,Hirekerur,safe
2660,KARNATAKA,Haveri,Ranebennur,safe
2661,KARNATAKA,Haveri,Ratteehalli,semi_critical
2662,KARNATAKA,Haveri,Savanur,safe
2663,KARNATAKA,Haveri,Shiggaon,safe
2664,KARNATAKA,Kalburgi,Afzalpur,semi_critical
2665,KARNATAKA,Kalburgi,Aland,semi_critical
2666,KARNATAKA,Kalburgi,Chincholi,safe
2667,KARNATAKA,Kalburgi,Chittapur,safe
2668,KARNATAKA,Kalburgi,Gulbarga,safe
2669,KARNATAKA,Kalburgi,Jevargi,safe
2670,KARNATAKA,Kalburgi,Kalagi,safe
2671,KARNATAKA,Kalburgi,Kamalapura,safe
2672,KARNATAKA,Kalburgi,Sedam,safe
2673,KARNATAKA,Kalburgi,Shahbadha,safe
2674,KARNATAKA,Kalburgi,Yadrami,safe
2675,KARNATAKA,Kodagu,Kushalanagara,safe
2676,KARNATAKA,Kodagu,Madikeri,safe
2677,KARNATAKA,Kodagu,Ponnampete,safe
2678,KARNATAKA,Kodagu,Somavarapete,safe
2679,KARNATAKA,Kodagu,Virajpet,safe
2680,KARNATAKA,Kolara,Bangarpet,over_exploited
2681,KARNATAKA,Kolara,K.G.F,over_exploited
2682,KARNATAKA,Kolara,Kolar,over_exploited
2683,KARNATAKA,Kolara,Malur,over_exploited
2684,KARNATAKA,Kolara,Mulabagilu,over_exploited
2685,KARNATAKA,Kolara,Srinivaspura,over_exploited
2686,KARNATAKA,Koppal,Gangavathi,safe
2687,KARNATAKA,Koppal,Kanakagiri,semi_critical
2688,KARNATAKA,Koppal,Karatagi,safe
2689,KARNATAKA,Koppal,koppal,safe
2690,KARNATAKA,Koppal,Kukanuru,critical
2691,KARNATAKA,Koppal,Kushtagi,semi_critical
2692,KARNATAKA,Koppal,Yelburga,critical
2693,KARNATAKA,Mandya,Krishnarajpet,safe
2694,KARNATAKA,Mandya,Maddur,safe
2695,KARNATAKA,Mandya,Malavalli,semi_critical
2696,KARNATAKA,Mandya,Mandya,safe
2697,KARNATAKA,Mandya,Nagamangala,safe
2698,KARNATAKA,Mandya,Pandavpura,safe
2699,KARNATAKA,Mandya,Srirangapatna,safe
2700,KARNATAKA,Mysuru,Heggadadevanakote,safe
2701,KARNATAKA,Mysuru,Hunsur,safe
2702,KARNATAKA,Mysuru,K.R.Nagar,safe
2703,KARNATAKA,Mysuru,Mysuru,safe
2704,KARNATAKA,Mysuru,Nanjangud,safe
2705,KARNATAKA,Mysuru,Piriyapatna,safe
2706,KARNATAKA,Mysuru,Saligrama,safe
2707,KARNATAKA,Mysuru,Saraguru,safe
2708,KARNATAKA,Mysuru,T.Narasipura,safe
2709,KARNATAKA,Raichur,Devdurga,safe
2710,KARNATAKA,Raichur,Lingasugur,safe
2711,KARNATAKA,Raichur,Manvi,safe
2712,KARNATAKA,Raichur,Maski,safe
2713,KARNATAKA,Raichur,Raichur,safe
2714,KARNATAKA,Raichur,Sindhanur,safe
2715,KARNATAKA,Raichur,Sirivara,semi_critical
2716,KARNATAKA,Shivamogga,Bhadravathi,safe
2717,KARNATAKA,Shivamogga,Hosanagar,safe
2718,KARNATAKA,Shivamogga,Sagara,safe
2719,KARNATAKA,Shivamogga,Shikaripura,safe
2720,KARNATAKA,Shivamogga,Shimoga,safe
2721,KARNATAKA,Shivamogga,Soraba,safe
2722,KARNATAKA,Shivamogga,Thirthahalli,safe
2723,KARNATAKA,Tumakuru,Chiknayakanahalli,over_exploited
2724,KARNATAKA,Tumakuru,Gubbi,safe
2725,KARNATAKA,Tumakuru,Koratagere,critical
2726,KARNATAKA,Tumakuru,Kunigal,safe
2727,KARNATAKA,Tumakuru,Madhugiri,over_exploited
2728,KARNATAKA,Tumakuru,Pavagada,semi_critical
2729,KARNATAKA,Tumakuru,Sira,over_exploited
2730,KARNATAKA,Tumakuru,Tiptur,over_exploited
2731,KARNATAKA,Tumakuru,Tumkur,over_exploited
2732,KARNATAKA,Tumakuru,Turuvekere,safe
2733,KARNATAKA,Udupi,Bramhavara,safe
2734,KARNATAKA,Udupi,Bynduru,safe
2735,KARNATAKA,Udupi,Hebri,safe
2736,KARNATAKA,Udupi,Kapu,safe
2737,KARNATAKA,Udupi,Karkala,safe
2738,KARNATAKA,Udupi,Kundapur,safe
2739,KARNATAKA,Udupi,Udupi,safe
2740,KARNATAKA,Uttara Kannada,Ankola,safe
2741,KARNATAKA,Uttara Kannada,Bhatkal,safe
2742,KARNATAKA,Uttara Kannada,Dandelli,safe
2743,KARNATAKA,Uttara Kannada,Haliyal,safe
2744,KARNATAKA,Uttara Kannada,Honnavar,safe
2745,KARNATAKA,Uttara Kannada,Joida,safe
2746,KARNATAKA,Uttara Kannada,Karwar,safe
2747,KARNATAKA,Uttara Kannada,Kumta,safe
2748,KARNATAKA,Uttara Kannada,Mundgod,safe
2749,KARNATAKA,Uttara Kannada,Siddapur,safe
2750,KARNATAKA,Uttara Kannada,Sirsi,safe
2751,KARNATAKA,Uttara Kannada,Yellapur,safe
2752,KARNATAKA,Vijayanagara,Hadagali,safe
2753,KARNATAKA,Vijayanagara,Hagaribommanahalli,over_exploited
2754,KARNATAKA,Vijayanagara,Harapanahalli,critical
2755,KARNATAKA,Vijayanagara,Hospet,safe
2756,KARNATAKA,Vijayanagara,Kotturu,over_exploited
2757,KARNATAKA,Vijayanagara,Kudligi,safe
2758,KARNATAKA,Vijayapura,Alamela,safe
2759,KARNATAKA,Vijayapura,Babaleshwara,safe
2760,KARNATAKA,Vijayapura,Basavan Bagewadi,safe
2761,KARNATAKA,Vijayapura,Bijapur,safe
2762,KARNATAKA,Vijayapura,Chadachana,semi_critical
2763,KARNATAKA,Vijayapura,Devara Hipparagi,safe
2764,KARNATAKA,Vijayapura,Indi,semi_critical
2765,KARNATAKA,Vijayapura,Kolhara,safe
2766,KARNATAKA,Vijayapura,Muddebihal,safe
2767,KARNATAKA,Vijayapura,Nidagundi,semi_critical
2768,KARNATAKA,Vijayapura,Sindagi,safe
2769,KARNATAKA,Vijayapura,Talikote,safe
2770,KARNATAKA,Vijayapura,Tikota,safe
2771,KARNATAKA,Yadgir,Gurumithakala,semi_critical
2772,KARNATAKA,Yadgir,Hunisigi,safe
2773,KARNATAKA,Yadgir,Shahapur,safe
2774,KARNATAKA,Yadgir,Shorapur,safe
2775,KARNATAKA,Yadgir,Vadagera,safe
2776,KARNATAKA,Yadgir,Yadgir,semi_critical
2777,KERALA,ALAPPUZHA,AMBALAPPUZHA,safe
2778,KERALA,ALAPPUZHA,ARYAD,safe
2779,KERALA,ALAPPUZHA,BHARANIKKAVU,safe
2780,KERALA,ALAPPUZHA,CHAMPAKKULAM,safe
2781,KERALA,ALAPPUZHA,CHENGANNUR,safe
2782,KERALA,ALAPPUZHA,HARIPPAD,safe
2783,KERALA,ALAPPUZHA,KANJIKKUZHY,safe
2784,KERALA,ALAPPUZHA,MAVELIKKARA,safe
2785,KERALA,ALAPPUZHA,MUTHUKULAM,safe
2786,KERALA,ALAPPUZHA,PATTANAKKAD,safe
2787,KERALA,ALAPPUZHA,THYCATTUSSERY,safe
2788,KERALA,ALAPPUZHA,VELIYANAD,safe
2789,KERALA,ERNAKULAM,ALANGAD,safe
2790,KERALA,ERNAKULAM,ANGAMALY,safe
2791,KERALA,ERNAKULAM,EDAPPALLY,safe
2792,KERALA,ERNAKULAM,KOOVAPPADY,safe
2793,KERALA,ERNAKULAM,KOTHAMANGALAM,safe
2794,KERALA,ERNAKULAM,MOOVATTUPUZHA,safe
2795,KERALA,ERNAKULAM,MULAMTHURUTHY,safe
2796,KERALA,ERNAKULAM,PALLURUTHY,safe
2797,KERALA,ERNAKULAM,PAMPAKKUDA,safe
2798,KERALA,ERNAKULAM,PARAKKADAVU,safe
2799,KERALA,ERNAKULAM,PARAVOOR,safe
2800,KERALA,ERNAKULAM,VADAVUKODU,safe
2801,KERALA,ERNAKULAM,VAZHAKKULAM,safe
2802,KERALA,ERNAKULAM,VYPEEN,safe
2803,KERALA,IDUKKI,ADIMALI,safe
2804,KERALA,IDUKKI,AZHUTHA,safe
2805,KERALA,IDUKKI,DEVIKULAM,safe
2806,KERALA,IDUKKI,ELAM DESOM,safe
2807,KERALA,IDUKKI,IDUKKI,safe
2808,KERALA,IDUKKI,KATTAPPANA,semi_critical
2809,KERALA,IDUKKI,NEDUMKANDAM,semi_critical
2810,KERALA,IDUKKI,THODUPUZHA,safe
2811,KERALA,KANNUR,EDAKKAD,safe
2812,KERALA,KANNUR,IRIKKUR,safe
2813,KERALA,KANNUR,IRITTY,safe
2814,KERALA,KANNUR,KALLYASSERI,safe
2815,KERALA,KANNUR,KANNUR,semi_critical
2816,KERALA,KANNUR,KUTHUPARAMBA,safe
2817,KERALA,KANNUR,PANUR,semi_critical
2818,KERALA,KANNUR,PAYYANNUR,safe
2819,KERALA,KANNUR,PERAVOOR,safe
2820,KERALA,KANNUR,TALIPARAMBA,safe
2821,KERALA,KANNUR,THALASSERY,semi_critical
2822,KERALA,KASARGOD,KANHANGAD,safe
2823,KERALA,KASARGOD,KARADKA,safe
2824,KERALA,KASARGOD,KASARAGOD,semi_critical
2825,KERALA,KASARGOD,MANJESWAR,semi_critical
2826,KERALA,KASARGOD,NILESWARAM,safe
2827,KERALA,KASARGOD,PARAPPA,safe
2828,KERALA,KOLLAM,ANCHAL,safe
2829,KERALA,KOLLAM,CHADAYAMANGALAM,safe
2830,KERALA,KOLLAM,CHAVARA,safe
2831,KERALA,KOLLAM,CHITTUMALA,safe
2832,KERALA,KOLLAM,ITHIKKARA,safe
2833,KERALA,KOLLAM,KOTTARAKKARA,safe
2834,KERALA,KOLLAM,MUKHATHALA,safe
2835,KERALA,KOLLAM,OACHIRA,safe
2836,KERALA,KOLLAM,PATHANAPURAM,safe
2837,KERALA,KOLLAM,SASTHAMKOTTA,safe
2838,KERALA,KOLLAM,VETTIKKAVALA,safe
2839,KERALA,KOTTAYAM,ERATTUPETTA,safe
2840,KERALA,KOTTAYAM,ETTUMANOOR,safe
2841,KERALA,KOTTAYAM,KADUTHURUTHY,safe
2842,KERALA,KOTTAYAM,KANJIRAPPALLY,safe
2843,KERALA,KOTTAYAM,LALAM,safe
2844,KERALA,KOTTAYAM,MADAPPALLY,safe
2845,KERALA,KOTTAYAM,PALLOM,safe
2846,KERALA,KOTTAYAM,PAMPADY,safe
2847,KERALA,KOTTAYAM,UZHAVOOR,safe
2848,KERALA,KOTTAYAM,VAIKOM,safe
2849,KERALA,KOTTAYAM,VAZHOOR,safe
2850,KERALA,KOZHIKKODE,BALLUSSERY,semi_critical
2851,KERALA,KOZHIKKODE,CHELANNUR,safe
2852,KERALA,KOZHIKKODE,KODUVALLY,safe
2853,KERALA,KOZHIKKODE,KOZHIKODE,semi_critical
2854,KERALA,KOZHIKKODE,KUNNAMANGALAM,semi_critical
2855,KERALA,KOZHIKKODE,KUNNUMMAL,safe
2856,KERALA,KOZHIKKODE,MELADY,safe
2857,KERALA,KOZHIKKODE,PANTHALAYANI,safe
2858,KERALA,KOZHIKKODE,PERAMBRA,safe
2859,KERALA,KOZHIKKODE,THODANNUR,safe
2860,KERALA,KOZHIKKODE,TUNERI,safe
2861,KERALA,KOZHIKKODE,VADAKARA,safe
2862,KERALA,MALAPPURAM,AREACODE,safe
2863,KERALA,MALAPPURAM,KALIKAVU,safe
2864,KERALA,MALAPPURAM,KONDOTTY,semi_critical
2865,KERALA,MALAPPURAM,KUTTIPPURAM,semi_critical
2866,KERALA,MALAPPURAM,MALAPPURAM,semi_critical
2867,KERALA,MALAPPURAM,MANKADA,semi_critical
2868,KERALA,MALAPPURAM,NILAMBOOR,safe
2869,KERALA,MALAPPURAM,PERINTHALMANNA,safe
2870,KERALA,MALAPPURAM,PERUMPADAPPU,safe
2871,KERALA,MALAPPURAM,PONNANI,safe
2872,KERALA,MALAPPURAM,THANUR,semi_critical
2873,KERALA,MALAPPURAM,THRIURANGADI,semi_critical
2874,KERALA,MALAPPURAM,TIRUR,semi_critical
2875,KERALA,MALAPPURAM,VENGARA,semi_critical
2876,KERALA,MALAPPURAM,WANDOOR,safe
2877,KERALA,PALAKKAD,ALATHUR,safe
2878,KERALA,PALAKKAD,ATTAPPADI,safe
2879,KERALA,PALAKKAD,CHITTUR,critical
2880,KERALA,PALAKKAD,KOLLENGODE,safe
2881,KERALA,PALAKKAD,KUZHALMANNAM,safe
2882,KERALA,PALAKKAD,MALAMPUZHA,critical
2883,KERALA,PALAKKAD,MANNARKKAD,safe
2884,KERALA,PALAKKAD,NENMARA,safe
2885,KERALA,PALAKKAD,OTTAPPALAM,safe
2886,KERALA,PALAKKAD,PALAKKAD,safe
2887,KERALA,PALAKKAD,PATTAMBI,semi_critical
2888,KERALA,PALAKKAD,SREEKRISHNAPURAM,safe
2889,KERALA,PALAKKAD,THRITHALA,semi_critical
2890,KERALA,PATHANAMTHITTA,ELANTHOOR,safe
2891,KERALA,PATHANAMTHITTA,KOIPURAM,safe
2892,KERALA,PATHANAMTHITTA,KONNI,safe
2893,KERALA,PATHANAMTHITTA,MALLAPPALLY,safe
2894,KERALA,PATHANAMTHITTA,PANDALAM,safe
2895,KERALA,PATHANAMTHITTA,PARAKODE,safe
2896,KERALA,PATHANAMTHITTA,PULIKEEZH,safe
2897,KERALA,PATHANAMTHITTA,RANNI,safe
2898,KERALA,THIRUVANANTHAPURAM,ATHIYANNUR,semi_critical
2899,KERALA,THIRUVANANTHAPURAM,CHIRAYINKIL,semi_critical
2900,KERALA,THIRUVANANTHAPURAM,KILIMANOOR,safe
2901,KERALA,THIRUVANANTHAPURAM,NEDUMANGAD,semi_critical
2902,KERALA,THIRUVANANTHAPURAM,NEMOM,safe
2903,KERALA,THIRUVANANTHAPURAM,PARASSALA,semi_critical
2904,KERALA,THIRUVANANTHAPURAM,PERUMKADAVILA,safe
2905,KERALA,THIRUVANANTHAPURAM,POTHENCODE,semi_critical
2906,KERALA,THIRUVANANTHAPURAM,VAMANAPURAM,safe
2907,KERALA,THIRUVANANTHAPURAM,VARKALA,safe
2908,KERALA,THIRUVANANTHAPURAM,VELLANAD,safe
2909,KERALA,THRISSUR,ANTHIKKAD,safe
2910,KERALA,THRISSUR,CHALAKKUDY,safe
2911,KERALA,THRISSUR,CHAVAKKAD,safe
2912,KERALA,THRISSUR,CHERPU,safe
2913,KERALA,THRISSUR,CHOWANNUR,semi_critical
2914,KERALA,THRISSUR,IRINGALAKKUDA,safe
2915,KERALA,THRISSUR,KODAKARA,safe
2916,KERALA,THRISSUR,MALA,safe
2917,KERALA,THRISSUR,MATHILAKOM,semi_critical
2918,KERALA,THRISSUR,MULLASSERY,safe
2919,KERALA,THRISSUR,OLLUKKARA,safe
2920,KERALA,THRISSUR,PAZHAYANNUR,safe
2921,KERALA,THRISSUR,PUZHAKKAL,safe
2922,KERALA,THRISSUR,THALIKKULAM,safe
2923,KERALA,THRISSUR,VADAKKANCHERRY,safe
2924,KERALA,THRISSUR,VELLANGALLUR,safe
2925,KERALA,WAYANAD,KALPETTA,safe
2926,KERALA,WAYANAD,MANANTHAVADY,safe
2927,KERALA,WAYANAD,PANAMARAM,safe
2928,KERALA,WAYANAD,SULTHANBATHERY,safe
2929,LADAKH,KARGIL,BIMBAT,safe
2930,LADAKH,KARGIL,DRASS,safe
2931,LADAKH,KARGIL,GM PORA,safe
2932,LADAKH,KARGIL,KARGIL,safe
2933,LADAKH,KARGIL,KARSHA,safe
2934,LADAKH,KARGIL,PASHKUM,safe
2935,LADAKH,KARGIL,SANKOO,safe
2936,LADAKH,KARGIL,SHARGOLE,safe
2937,LADAKH,KARGIL,ZANSKAR,safe
2938,LADAKH,LEH,CHUCHOT,safe
2939,LADAKH,LEH,DISKIT,safe
2940,LADAKH,LEH,DURBUK,safe
2941,LADAKH,LEH,KHARU,safe
2942,LADAKH,LEH,LEH,semi_critical
2943,LADAKH,LEH,NIMOO,safe
2944,LADAKH,LEH,PANAMIC,safe
2945,LADAKH,LEH,SASPOL,safe
2946,LADAKH,LEH,THIKSAY,safe
2947,LAKSHADWEEP,LAKSHADWEEP,AMINI,safe
2948,LAKSHADWEEP,LAKSHADWEEP,ANDROTH,safe
2949,LAKSHADWEEP,LAKSHADWEEP,KAVARATTI,semi_critical
2950,LAKSHADWEEP,LAKSHADWEEP,KILTAN,safe
2951,LAKSHADWEEP,LAKSHADWEEP,MINICOY,safe
2952,MADHYA PRADESH,AGAR MALWA,AGAR,safe
2953,MADHYA PRADESH,AGAR MALWA,BADOD,semi_critical
2954,MADHYA PRADESH,AGAR MALWA,NALKHEDA,over_exploited
2955,MADHYA PRADESH,AGAR MALWA,SUSNER,over_exploited
2956,MADHYA PRADESH,ALIRAJPUR,ALIRAJPUR,safe
2957,MADHYA PRADESH,ALIRAJPUR,BHABRA,safe
2958,MADHYA PRADESH,ALIRAJPUR,JOBAT,safe
2959,MADHYA PRADESH,ALIRAJPUR,KATTHIWARA,safe
2960,MADHYA PRADESH,ALIRAJPUR,SONDWA,safe
2961,MADHYA PRADESH,ALIRAJPUR,UDAIGARH,safe
2962,MADHYA PRADESH,ANUPPUR,ANUPPUR,safe
2963,MADHYA PRADESH,ANUPPUR,JAITHARI,safe
2964,MADHYA PRADESH,ANUPPUR,KOTMA,semi_critical
2965,MADHYA PRADESH,ANUPPUR,PUSHPARAJGARH,safe
2966,MADHYA PRADESH,ASHOKNAGAR,ASHOKNAGAR,safe
2967,MADHYA PRADESH,ASHOKNAGAR,CHANDERI,semi_critical
2968,MADHYA PRADESH,ASHOKNAGAR,ISAGARH,semi_critical
2969,MADHYA PRADESH,ASHOKNAGAR,MUNGAOLI,safe
2970,MADHYA PRADESH,BALAGHAT,BAIHAR,safe
2971,MADHYA PRADESH,BALAGHAT,BALAGHAT,safe
2972,MADHYA PRADESH,BALAGHAT,BIRSA,safe
2973,MADHYA PRADESH,BALAGHAT,KATANGI,safe
2974,MADHYA PRADESH,BALAGHAT,KHAIRLANJI,safe
2975,MADHYA PRADESH,BALAGHAT,KIRNAPUR,safe
2976,MADHYA PRADESH,BALAGHAT,LALBARRA,safe
2977,MADHYA PRADESH,BALAGHAT,LANJI,safe
2978,MADHYA PRADESH,BALAGHAT,PARASWADA,safe
2979,MADHYA PRADESH,BALAGHAT,WARASEONI,safe
2980,MADHYA PRADESH,BARWANI,BARWANI,safe
2981,MADHYA PRADESH,BARWANI,NIWALI,safe
2982,MADHYA PRADESH,BARWANI,PANSEMAL,over_exploited
2983,MADHYA PRADESH,BARWANI,PATI,safe
2984,MADHYA PRADESH,BARWANI,RAJPUR,semi_critical
2985,MADHYA PRADESH,BARWANI,SENDHWA,safe
2986,MADHYA PRADESH,BARWANI,THIKRI,safe
2987,MADHYA PRADESH,BETUL,AMLA,safe
2988,MADHYA PRADESH,BETUL,ATHNER,safe
2989,MADHYA PRADESH,BETUL,BETUL,semi_critical
2990,MADHYA PRADESH,BETUL,BHAINSDEHI,safe
2991,MADHYA PRADESH,BETUL,BHIMPUR,safe
2992,MADHYA PRADESH,BETUL,CHICHOLI,safe
2993,MADHYA PRADESH,BETUL,GHODA DONGRI,safe
2994,MADHYA PRADESH,BETUL,MULTAI,semi_critical
2995,MADHYA PRADESH,BETUL,PRABHAT PATTAN,safe
2996,MADHYA PRADESH,BETUL,SHAHPUR,safe
2997,MADHYA PRADESH,BHIND,ATER,safe
2998,MADHYA PRADESH,BHIND,BHIND,safe
2999,MADHYA PRADESH,BHIND,GOHAD,safe
3000,MADHYA PRADESH,BHIND,LAHAR,safe
3001,MADHYA PRADESH,BHIND,MEHGAON,safe
3002,MADHYA PRADESH,BHIND,RON,safe
3003,MADHYA PRADESH,BHOPAL,BERASIA,semi_critical
3004,MADHYA PRADESH,BHOPAL,BHOPAL URBAN,semi_critical
3005,MADHYA PRADESH,BHOPAL,PHANDA,semi_critical
3006,MADHYA PRADESH,BURHANPUR,BURHANPUR,semi_critical
3007,MADHYA PRADESH,BURHANPUR,KHAKNAR,safe
3008,MADHYA PRADESH,CHHATARPUR,BADA MALHERA,safe
3009,MADHYA PRADESH,CHHATARPUR,BIJAWAR,semi_critical
3010,MADHYA PRADESH,CHHATARPUR,BUXWAHA,semi_critical
3011,MADHYA PRADESH,CHHATARPUR,CHHATARPUR,semi_critical
3012,MADHYA PRADESH,CHHATARPUR,GAURIHAR,safe
3013,MADHYA PRADESH,CHHATARPUR,LAUNDI,safe
3014,MADHYA PRADESH,CHHATARPUR,NOWGONG,semi_critical
3015,MADHYA PRADESH,CHHATARPUR,RAJNAGAR,safe
3016,MADHYA PRADESH,CHHINDWARA,AMARWARA,safe
3017,MADHYA PRADESH,CHHINDWARA,BICHHUA,safe
3018,MADHYA PRADESH,CHHINDWARA,CHAURAI,safe
3019,MADHYA PRADESH,CHHINDWARA,CHHINDWARA,critical
3020,MADHYA PRADESH,CHHINDWARA,HARRAI,safe
3021,MADHYA PRADESH,CHHINDWARA,JAMAI,safe
3022,MADHYA PRADESH,CHHINDWARA,MOHKHED,semi_critical
3023,MADHYA PRADESH,CHHINDWARA,PARASIA,safe
3024,MADHYA PRADESH,CHHINDWARA,TAMIA,safe
3025,MADHYA PRADESH,DAMOH,BATIAGARH,safe
3026,MADHYA PRADESH,DAMOH,DAMOH,safe
3027,MADHYA PRADESH,DAMOH,HATTA,safe
3028,MADHYA PRADESH,DAMOH,JABERA,safe
3029,MADHYA PRADESH,DAMOH,PATERA,safe
3030,MADHYA PRADESH,DAMOH,PATHARIA,semi_critical
3031,MADHYA PRADESH,DAMOH,TENDUKHEDA,safe
3032,MADHYA PRADESH,DATIA,BHANDER,safe
3033,MADHYA PRADESH,DATIA,DATIA,safe
3034,MADHYA PRADESH,DATIA,SEONDHA,safe
3035,MADHYA PRADESH,DEWAS,BAGLI,safe
3036,MADHYA PRADESH,DEWAS,DEWAS,over_exploited
3037,MADHYA PRADESH,DEWAS,KANNOD,safe
3038,MADHYA PRADESH,DEWAS,KHATEGAON,semi_critical
3039,MADHYA PRADESH,DEWAS,SONKATCH,over_exploited
3040,MADHYA PRADESH,DEWAS,TONKHURD,safe
3041,MADHYA PRADESH,DHAR,BADNAWAR,over_exploited
3042,MADHYA PRADESH,DHAR,BAGH,safe
3043,MADHYA PRADESH,DHAR,DAHI,safe
3044,MADHYA PRADESH,DHAR,DHAR,over_exploited
3045,MADHYA PRADESH,DHAR,DHARMPURI,safe
3046,MADHYA PRADESH,DHAR,GANDHWANI,safe
3047,MADHYA PRADESH,DHAR,KUKSHI,safe
3048,MADHYA PRADESH,DHAR,MANAWAR,safe
3049,MADHYA PRADESH,DHAR,NALCHHA,over_exploited
3050,MADHYA PRADESH,DHAR,NISARPUR,safe
3051,MADHYA PRADESH,DHAR,SARDARPUR,safe
3052,MADHYA PRADESH,DHAR,TIRLA,critical
3053,MADHYA PRADESH,DHAR,UMARBAN,safe
3054,MADHYA PRADESH,DINDORI,AMARPUR,safe
3055,MADHYA PRADESH,DINDORI,BAJAG,safe
3056,MADHYA PRADESH,DINDORI,DINDORI,safe
3057,MADHYA PRADESH,DINDORI,KARANJIYA,safe
3058,MADHYA PRADESH,DINDORI,MENHADWANI,safe
3059,MADHYA PRADESH,DINDORI,SAMNAPUR,safe
3060,MADHYA PRADESH,DINDORI,SHAHPURA,safe
3061,MADHYA PRADESH,GUNA,ARON,safe
3062,MADHYA PRADESH,GUNA,BAMORI,safe
3063,MADHYA PRADESH,GUNA,CHACHODA,semi_critical
3064,MADHYA PRADESH,GUNA,GUNA,safe
3065,MADHYA PRADESH,GUNA,RAGHOGARH,safe
3066,MADHYA PRADESH,GWALIOR,BHITARWAR,safe
3067,MADHYA PRADESH,GWALIOR,DABRA,safe
3068,MADHYA PRADESH,GWALIOR,GHATIGAON,safe
3069,MADHYA PRADESH,GWALIOR,GWALIOR URBAN,semi_critical
3070,MADHYA PRADESH,GWALIOR,MORAR,safe
3071,MADHYA PRADESH,HARDA,HARDA,safe
3072,MADHYA PRADESH,HARDA,KHIRKIYA,safe
3073,MADHYA PRADESH,HARDA,TIMARNI,safe
3074,MADHYA PRADESH,HOSHANGABAD,BABAI,safe
3075,MADHYA PRADESH,HOSHANGABAD,BANKHEDI,semi_critical
3076,MADHYA PRADESH,HOSHANGABAD,HOSHANGABAD,safe
3077,MADHYA PRADESH,HOSHANGABAD,KESLA,safe
3078,MADHYA PRADESH,HOSHANGABAD,PIPARIYA,safe
3079,MADHYA PRADESH,HOSHANGABAD,SEONI MALWA,safe
3080,MADHYA PRADESH,HOSHANGABAD,SOHAGPUR,safe
3081,MADHYA PRADESH,INDORE,DEPALPUR,over_exploited
3082,MADHYA PRADESH,INDORE,INDORE,over_exploited
3083,MADHYA PRADESH,INDORE,INDORE URBAN,critical
3084,MADHYA PRADESH,INDORE,MHOW,semi_critical
3085,MADHYA PRADESH,INDORE,SANWER,over_exploited
3086,MADHYA PRADESH,JABALPUR,BARGI,safe
3087,MADHYA PRADESH,JABALPUR,JABALPUR URBAN,semi_critical
3088,MADHYA PRADESH,JABALPUR,KUNDAM,safe
3089,MADHYA PRADESH,JABALPUR,MAJHOLI,safe
3090,MADHYA PRADESH,JABALPUR,PANAGAR,semi_critical
3091,MADHYA PRADESH,JABALPUR,PATAN,safe
3092,MADHYA PRADESH,JABALPUR,SHAHPURA,safe
3093,MADHYA PRADESH,JABALPUR,SIHORA,safe
3094,MADHYA PRADESH,JHABUA,JHABUA,semi_critical
3095,MADHYA PRADESH,JHABUA,MEGHNAGAR,safe
3096,MADHYA PRADESH,JHABUA,PETLAWAD,safe
3097,MADHYA PRADESH,JHABUA,RAMA,safe
3098,MADHYA PRADESH,JHABUA,RANAPUR,safe
3099,MADHYA PRADESH,JHABUA,THANDLA,safe
3100,MADHYA PRADESH,KATNI,BADWARA,safe
3101,MADHYA PRADESH,KATNI,BAHORIBAND,safe
3102,MADHYA PRADESH,KATNI,DHIMAR KHEDA,safe
3103,MADHYA PRADESH,KATNI,MURWARA,safe
3104,MADHYA PRADESH,KATNI,RITHI,safe
3105,MADHYA PRADESH,KATNI,VIJAYRAGHAVGARH,safe
3106,MADHYA PRADESH,KHANDWA,BALADI,safe
3107,MADHYA PRADESH,KHANDWA,CHHAIGAON MAKHAN,semi_critical
3108,MADHYA PRADESH,KHANDWA,HARSUD,safe
3109,MADHYA PRADESH,KHANDWA,KHALWA,safe
3110,MADHYA PRADESH,KHANDWA,KHANDWA,safe
3111,MADHYA PRADESH,KHANDWA,PANDHANA,safe
3112,MADHYA PRADESH,KHANDWA,PUNASA,safe
3113,MADHYA PRADESH,KHARGONE,BADWAH,safe
3114,MADHYA PRADESH,KHARGONE,BHAGWANPURA,safe
3115,MADHYA PRADESH,KHARGONE,BHIKANGAON,safe
3116,MADHYA PRADESH,KHARGONE,GOGAON,safe
3117,MADHYA PRADESH,KHARGONE,JHIRNIYA,safe
3118,MADHYA PRADESH,KHARGONE,KASRAWAD,safe
3119,MADHYA PRADESH,KHARGONE,KHARGONE,semi_critical
3120,MADHYA PRADESH,KHARGONE,MAHESHWAR,safe
3121,MADHYA PRADESH,KHARGONE,SEGAON,safe
3122,MADHYA PRADESH,MAIHAR,AMARPATAN,semi_critical
3123,MADHYA PRADESH,MAIHAR,MAIHAR,semi_critical
3124,MADHYA PRADESH,MAIHAR,RAMNAGAR,safe
3125,MADHYA PRADESH,MANDLA,BICHHIYA,safe
3126,MADHYA PRADESH,MANDLA,BIJADANDI,safe
3127,MADHYA PRADESH,MANDLA,GHUGHRI,safe
3128,MADHYA PRADESH,MANDLA,MANDLA,safe
3129,MADHYA PRADESH,MANDLA,MAWAI,safe
3130,MADHYA PRADESH,MANDLA,MOHGAON,safe
3131,MADHYA PRADESH,MANDLA,NAINPUR,safe
3132,MADHYA PRADESH,MANDLA,NARAYANGANJ,safe
3133,MADHYA PRADESH,MANDLA,NIWAS,safe
3134,MADHYA PRADESH,MANDSAUR,BHANPURA,semi_critical
3135,MADHYA PRADESH,MANDSAUR,GAROTH,semi_critical
3136,MADHYA PRADESH,MANDSAUR,MALHARGARH,semi_critical
3137,MADHYA PRADESH,MANDSAUR,MANDSAUR,over_exploited
3138,MADHYA PRADESH,MANDSAUR,SITAMAU,over_exploited
3139,MADHYA PRADESH,MAUGANJ,HANUMANA,safe
3140,MADHYA PRADESH,MAUGANJ,MAUGANJ,semi_critical
3141,MADHYA PRADESH,MAUGANJ,NAIGARHI,safe
3142,MADHYA PRADESH,MORENA,AMBAH,safe
3143,MADHYA PRADESH,MORENA,JAURA,safe
3144,MADHYA PRADESH,MORENA,KAILARAS,safe
3145,MADHYA PRADESH,MORENA,MORENA,safe
3146,MADHYA PRADESH,MORENA,PAHADGARH,safe
3147,MADHYA PRADESH,MORENA,PORSA,safe
3148,MADHYA PRADESH,MORENA,SABALGARH,safe
3149,MADHYA PRADESH,NARSINGHPUR,CHAWARPATHA,safe
3150,MADHYA PRADESH,NARSINGHPUR,CHICHLI,safe
3151,MADHYA PRADESH,NARSINGHPUR,GOTEGAON,safe
3152,MADHYA PRADESH,NARSINGHPUR,KARELI,safe
3153,MADHYA PRADESH,NARSINGHPUR,NARSINGHPUR,semi_critical
3154,MADHYA PRADESH,NARSINGHPUR,SAIKHEDA,semi_critical
3155,MADHYA PRADESH,NEEMUCH,JAWAD,over_exploited
3156,MADHYA PRADESH,NEEMUCH,MANASA,semi_critical
3157,MADHYA PRADESH,NEEMUCH,NEEMUCH,over_exploited
3158,MADHYA PRADESH,NIWARI,NIWARI,safe
3159,MADHYA PRADESH,NIWARI,PRITHVIPUR,safe
3160,MADHYA PRADESH,PANDHURNA,PANDHURNA,semi_critical
3161,MADHYA PRADESH,PANDHURNA,SAUSAR,safe
3162,MADHYA PRADESH,PANNA,AJAIGARH,safe
3163,MADHYA PRADESH,PANNA,GUNNOR,safe
3164,MADHYA PRADESH,PANNA,PANNA,safe
3165,MADHYA PRADESH,PANNA,PAWAI,safe
3166,MADHYA PRADESH,PANNA,SHAHNAGAR,safe
3167,MADHYA PRADESH,RAISEN,BADI,safe
3168,MADHYA PRADESH,RAISEN,BEGAMGANJ,safe
3169,MADHYA PRADESH,RAISEN,GAIRATGANJ,safe
3170,MADHYA PRADESH,RAISEN,OBEDULLAGANJ,semi_critical
3171,MADHYA PRADESH,RAISEN,SANCHI,safe
3172,MADHYA PRADESH,RAISEN,SILWANI,safe
3173,MADHYA PRADESH,RAISEN,UDAIPURA,safe
3174,MADHYA PRADESH,RAJGARH,BIAORA,semi_critical
3175,MADHYA PRADESH,RAJGARH,JIRAPUR,semi_critical
3176,MADHYA PRADESH,RAJGARH,KHILCHIPUR,semi_critical
3177,MADHYA PRADESH,RAJGARH,NARSINGHGARH,critical
3178,MADHYA PRADESH,RAJGARH,RAJGARH,semi_critical
3179,MADHYA PRADESH,RAJGARH,SARANGPUR,over_exploited
3180,MADHYA PRADESH,RATLAM,ALOT,over_exploited
3181,MADHYA PRADESH,RATLAM,BAJNA,semi_critical
3182,MADHYA PRADESH,RATLAM,JAORA,over_exploited
3183,MADHYA PRADESH,RATLAM,PIPLODA,over_exploited
3184,MADHYA PRADESH,RATLAM,RATLAM,over_exploited
3185,MADHYA PRADESH,RATLAM,SAILANA,semi_critical
3186,MADHYA PRADESH,REWA,GANGEV,safe
3187,MADHYA PRADESH,REWA,JAWA,safe
3188,MADHYA PRADESH,REWA,RAIPUR KARCHULIYAN,semi_critical
3189,MADHYA PRADESH,REWA,REWA,safe
3190,MADHYA PRADESH,REWA,SIRMOUR,safe
3191,MADHYA PRADESH,REWA,TEONTHAR,safe
3192,MADHYA PRADESH,SAGAR,BANDA,safe
3193,MADHYA PRADESH,SAGAR,BINA,safe
3194,MADHYA PRADESH,SAGAR,DEORI,safe
3195,MADHYA PRADESH,SAGAR,JAISINAGAR,safe
3196,MADHYA PRADESH,SAGAR,KESLI,safe
3197,MADHYA PRADESH,SAGAR,KHURAI,safe
3198,MADHYA PRADESH,SAGAR,MALTHONE,safe
3199,MADHYA PRADESH,SAGAR,RAHATGARH,safe
3200,MADHYA PRADESH,SAGAR,REHLI,safe
3201,MADHYA PRADESH,SAGAR,SAGAR,safe
3202,MADHYA PRADESH,SAGAR,SHAHGARH,safe
3203,MADHYA PRADESH,SATNA,MAJHGAWAN,safe
3204,MADHYA PRADESH,SATNA,NAGOD,safe
3205,MADHYA PRADESH,SATNA,RAMPUR-BAGHELAN,critical
3206,MADHYA PRADESH,SATNA,SOHAWAL,semi_critical
3207,MADHYA PRADESH,SATNA,UNCHEHARA,safe
3208,MADHYA PRADESH,SEHORE,ASHTA,critical
3209,MADHYA PRADESH,SEHORE,BUDNI,safe
3210,MADHYA PRADESH,SEHORE,ICHHAWAR,safe
3211,MADHYA PRADESH,SEHORE,NASRULLAGANJ,safe
3212,MADHYA PRADESH,SEHORE,SEHORE,safe
3213,MADHYA PRADESH,SEONI,BARGHAT,safe
3214,MADHYA PRADESH,SEONI,CHHAPARA,semi_critical
3215,MADHYA PRADESH,SEONI,DHANORA,safe
3216,MADHYA PRADESH,SEONI,GHANSOR,safe
3217,MADHYA PRADESH,SEONI,KEOLARI,safe
3218,MADHYA PRADESH,SEONI,KURAI,safe
3219,MADHYA PRADESH,SEONI,LAKHNADON,safe
3220,MADHYA PRADESH,SEONI,SEONI,semi_critical
3221,MADHYA PRADESH,SHAHDOL,BEOHARI,safe
3222,MADHYA PRADESH,SHAHDOL,BURHAR,safe
3223,MADHYA PRADESH,SHAHDOL,GOHPARU,safe
3224,MADHYA PRADESH,SHAHDOL,JAISINGHNAGAR,safe
3225,MADHYA PRADESH,SHAHDOL,SOHAGPUR,safe
3226,MADHYA PRADESH,SHAJAPUR,KALAPIPAL,over_exploited
3227,MADHYA PRADESH,SHAJAPUR,MOMAN BADODIYA,over_exploited
3228,MADHYA PRADESH,SHAJAPUR,SHAJAPUR,semi_critical
3229,MADHYA PRADESH,SHAJAPUR,SHUJALPUR,over_exploited
3230,MADHYA PRADESH,SHEOPUR,KARAHAL,safe
3231,MADHYA PRADESH,SHEOPUR,SHEOPUR,safe
3232,MADHYA PRADESH,SHEOPUR,VIJAYPUR,semi_critical
3233,MADHYA PRADESH,SHIVPURI,BADARWAS,semi_critical
3234,MADHYA PRADESH,SHIVPURI,KARERA,safe
3235,MADHYA PRADESH,SHIVPURI,KHANIYADHANA,semi_critical
3236,MADHYA PRADESH,SHIVPURI,KOLARAS,semi_critical
3237,MADHYA PRADESH,SHIVPURI,NARWAR,semi_critical
3238,MADHYA PRADESH,SHIVPURI,PICHHORE,semi_critical
3239,MADHYA PRADESH,SHIVPURI,POHARI,safe
3240,MADHYA PRADESH,SHIVPURI,SHIVPURI,safe
3241,MADHYA PRADESH,SIDHI,KUSMI,safe
3242,MADHYA PRADESH,SIDHI,MAJHAULI,safe
3243,MADHYA PRADESH,SIDHI,RAMPUR NAIKIN,safe
3244,MADHYA PRADESH,SIDHI,SIDHI,safe
3245,MADHYA PRADESH,SIDHI,SIHAWAL,safe
3246,MADHYA PRADESH,SINGRAULI,CHITRANGI,safe
3247,MADHYA PRADESH,SINGRAULI,DEOSAR,safe
3248,MADHYA PRADESH,SINGRAULI,WAIDHAN,safe
3249,MADHYA PRADESH,TIKAMGARH,BALDEOGARH,semi_critical
3250,MADHYA PRADESH,TIKAMGARH,JATARA,semi_critical
3251,MADHYA PRADESH,TIKAMGARH,PALERA,semi_critical
3252,MADHYA PRADESH,TIKAMGARH,TIKAMGARH,semi_critical
3253,MADHYA PRADESH,UJJAIN,BADNAGAR,over_exploited
3254,MADHYA PRADESH,UJJAIN,GHATIA,over_exploited
3255,MADHYA PRADESH,UJJAIN,KHCHROD,semi_critical
3256,MADHYA PRADESH,UJJAIN,MAHIDPUR,semi_critical
3257,MADHYA PRADESH,UJJAIN,TARANA,semi_critical
3258,MADHYA PRADESH,UJJAIN,UJJAIN,over_exploited
3259,MADHYA PRADESH,UMARIA,KARKELI,safe
3260,MADHYA PRADESH,UMARIA,MANPUR,safe
3261,MADHYA PRADESH,UMARIA,PALI,safe
3262,MADHYA PRADESH,VIDISHA,BASODA,safe
3263,MADHYA PRADESH,VIDISHA,GYARASPUR,semi_critical
3264,MADHYA PRADESH,VIDISHA,KURWAI,semi_critical
3265,MADHYA PRADESH,VIDISHA,LATERI,safe
3266,MADHYA PRADESH,VIDISHA,NATERAN,safe
3267,MADHYA PRADESH,VIDISHA,SIRONJ,safe
3268,MADHYA PRADESH,VIDISHA,VIDISHA,safe
3269,MAHARASHTRA,Ahmednagar,Akola,semi_critical
3270,MAHARASHTRA,Ahmednagar,Jamkhed,safe
3271,MAHARASHTRA,Ahmednagar,Karjat,safe
3272,MAHARASHTRA,Ahmednagar,Kopargaon,critical
3273,MAHARASHTRA,Ahmednagar,Nagar,safe
3274,MAHARASHTRA,Ahmednagar,Newasa,semi_critical
3275,MAHARASHTRA,Ahmednagar,Parner,safe
3276,MAHARASHTRA,Ahmednagar,Pathardi,semi_critical
3277,MAHARASHTRA,Ahmednagar,Rahuri,semi_critical
3278,MAHARASHTRA,Ahmednagar,Rhata,over_exploited
3279,MAHARASHTRA,Ahmednagar,Sangamner,critical
3280,MAHARASHTRA,Ahmednagar,Shevgaon,semi_critical
3281,MAHARASHTRA,Ahmednagar,Shrigonda,semi_critical
3282,MAHARASHTRA,Ahmednagar,Shrirampur,semi_critical
3283,MAHARASHTRA,Akola,Akola,safe
3284,MAHARASHTRA,Akola,Akot,safe
3285,MAHARASHTRA,Akola,Balapur,safe
3286,MAHARASHTRA,Akola,Barsi Takli,semi_critical
3287,MAHARASHTRA,Akola,Murtizapur,safe
3288,MAHARASHTRA,Akola,Patur,safe
3289,MAHARASHTRA,Akola,Telhara,safe
3290,MAHARASHTRA,Amravati,Achlapur,semi_critical
3291,MAHARASHTRA,Amravati,Amravati,safe
3292,MAHARASHTRA,Amravati,Anjangaon Surji,safe
3293,MAHARASHTRA,Amravati,Bhatkuli,safe
3294,MAHARASHTRA,Amravati,Chandur Bazar,over_exploited
3295,MAHARASHTRA,Amravati,Chandur Railway,safe
3296,MAHARASHTRA,Amravati,Chikhaldara,safe
3298,MAHARASHTRA,Amravati,Dhamangaon Railway,safe
3299,MAHARASHTRA,Amravati,Dharni,safe
3300,MAHARASHTRA,Amravati,Morshi,semi_critical
3301,MAHARASHTRA,Amravati,Nandgaon,safe
3302,MAHARASHTRA,Amravati,Tiwsa,safe
3303,MAHARASHTRA,Amravati,Warud,over_exploited
3304,MAHARASHTRA,Aurangabad,Aurangabad,safe
3305,MAHARASHTRA,Aurangabad,Fulambre,safe
3306,MAHARASHTRA,Aurangabad,Gangapur,safe
3307,MAHARASHTRA,Aurangabad,Kannad,safe
3308,MAHARASHTRA,Aurangabad,Khuldabad,safe
3309,MAHARASHTRA,Aurangabad,Paithan,safe
3310,MAHARASHTRA,Aurangabad,Sillod,safe
3311,MAHARASHTRA,Aurangabad,Soyegaon,safe
3312,MAHARASHTRA,Aurangabad,Vaijapur,safe
3313,MAHARASHTRA,Beed,Ambejogai,safe
3314,MAHARASHTRA,Beed,Ashti,safe
3315,MAHARASHTRA,Beed,Beed,safe
3316,MAHARASHTRA,Beed,Dharur,safe
3317,MAHARASHTRA,Beed,Gevrai,safe
3318,MAHARASHTRA,Beed,Kaij,safe
3319,MAHARASHTRA,Beed,Majalgaon,safe
3320,MAHARASHTRA,Beed,Parli,safe
3321,MAHARASHTRA,Beed,Patoda,safe
3322,MAHARASHTRA,Beed,Shirur Ka,safe
3323,MAHARASHTRA,Beed,Wadvani,safe
3324,MAHARASHTRA,Bhandara,Bhandara,safe
3325,MAHARASHTRA,Bhandara,Lakhandur,safe
3326,MAHARASHTRA,Bhandara,Lakhani,safe
3327,MAHARASHTRA,Bhandara,Mohadi,safe
3328,MAHARASHTRA,Bhandara,Pauni,safe
3329,MAHARASHTRA,Bhandara,Sakoli,safe
3330,MAHARASHTRA,Bhandara,Tumsar,safe
3331,MAHARASHTRA,Buldhana,Buldhana,semi_critical
3332,MAHARASHTRA,Buldhana,Chikhali,semi_critical
3333,MAHARASHTRA,Buldhana,Deulgaon Raja,safe
3334,MAHARASHTRA,Buldhana,Jalgaon,over_exploited
3335,MAHARASHTRA,Buldhana,Khamgaon,safe
3336,MAHARASHTRA,Buldhana,Lonar,safe
3337,MAHARASHTRA,Buldhana,Malakapur,safe
3338,MAHARASHTRA,Buldhana,Mehkar,safe
3339,MAHARASHTRA,Buldhana,Motala,safe
3340,MAHARASHTRA,Buldhana,Nandura,semi_critical
3341,MAHARASHTRA,Buldhana,Sangrampur,over_exploited
3342,MAHARASHTRA,Buldhana,Shegaon,safe
3343,MAHARASHTRA,Buldhana,Sindkhed  Raja,safe
3344,MAHARASHTRA,Chandrapur,Ballarpur,safe
3345,MAHARASHTRA,Chandrapur,Bhadravati,safe
3346,MAHARASHTRA,Chandrapur,Brahmapuri,safe
3347,MAHARASHTRA,Chandrapur,Chandrapur,safe
3348,MAHARASHTRA,Chandrapur,Chimmur,safe
3349,MAHARASHTRA,Chandrapur,Gondpipri,safe
3350,MAHARASHTRA,Chandrapur,Jiwati,safe
3351,MAHARASHTRA,Chandrapur,Korpana,safe
3352,MAHARASHTRA,Chandrapur,Mul,safe
3353,MAHARASHTRA,Chandrapur,Nagbhind,safe
3354,MAHARASHTRA,Chandrapur,Pobhurna,safe
3355,MAHARASHTRA,Chandrapur,Rajura,safe
3356,MAHARASHTRA,Chandrapur,Sawali,safe
3357,MAHARASHTRA,Chandrapur,Sindewali,safe
3358,MAHARASHTRA,Chandrapur,Warora,safe
3359,MAHARASHTRA,Dhule,Dhule,safe
3360,MAHARASHTRA,Dhule,Sakri,safe
3361,MAHARASHTRA,Dhule,Shirpur,safe
3362,MAHARASHTRA,Dhule,Sindkheda,safe
3363,MAHARASHTRA,Gadchiroli,Aheri,safe
3364,MAHARASHTRA,Gadchiroli,Armori,safe
3365,MAHARASHTRA,Gadchiroli,Bhamragad,safe
3366,MAHARASHTRA,Gadchiroli,Chamorshi,safe
3367,MAHARASHTRA,Gadchiroli,Dhanora,safe
3368,MAHARASHTRA,Gadchiroli,Etapalli,safe
3369,MAHARASHTRA,Gadchiroli,Gadchiroli,safe
3370,MAHARASHTRA,Gadchiroli,Korchi,safe
3371,MAHARASHTRA,Gadchiroli,Kurkheda,safe
3372,MAHARASHTRA,Gadchiroli,Mulchera,safe
3373,MAHARASHTRA,Gadchiroli,Soroncha,safe
3374,MAHARASHTRA,Gadchiroli,Wadsa,safe
3375,MAHARASHTRA,Gondia,Amgaon,safe
3376,MAHARASHTRA,Gondia,Arjuni Moregaon,safe
3377,MAHARASHTRA,Gondia,Deori,safe
3378,MAHARASHTRA,Gondia,Gondia,safe
3379,MAHARASHTRA,Gondia,Goregaon,safe
3380,MAHARASHTRA,Gondia,Sadak Arjuni,safe
3381,MAHARASHTRA,Gondia,Salekasa,safe
3382,MAHARASHTRA,Gondia,Tirora,safe
3383,MAHARASHTRA,Hingoli,Aundha,safe
3384,MAHARASHTRA,Hingoli,Basmath,safe
3385,MAHARASHTRA,Hingoli,Hingoli,safe
3386,MAHARASHTRA,Hingoli,Kalmnuri,safe
3387,MAHARASHTRA,Hingoli,Sengaon,safe
3388,MAHARASHTRA,Jalgaon,Amalner,semi_critical
3389,MAHARASHTRA,Jalgaon,Bhadgaon,semi_critical
3390,MAHARASHTRA,Jalgaon,Bhusawal,semi_critical
3391,MAHARASHTRA,Jalgaon,Bodwad,semi_critical
3392,MAHARASHTRA,Jalgaon,Chalisgaon,semi_critical
3393,MAHARASHTRA,Jalgaon,Chopda,semi_critical
3394,MAHARASHTRA,Jalgaon,Dharangaon,safe
3395,MAHARASHTRA,Jalgaon,Erandol,safe
3396,MAHARASHTRA,Jalgaon,Jalgaon,safe
3397,MAHARASHTRA,Jalgaon,Jamner,semi_critical
3398,MAHARASHTRA,Jalgaon,Muktainagar,semi_critical
3399,MAHARASHTRA,Jalgaon,Pachora,semi_critical
3400,MAHARASHTRA,Jalgaon,Parola,semi_critical
3401,MAHARASHTRA,Jalgaon,Raver,over_exploited
3402,MAHARASHTRA,Jalgaon,Yawal,over_exploited
3403,MAHARASHTRA,Jalna,Ambad,safe
3404,MAHARASHTRA,Jalna,Badnapur,safe
3405,MAHARASHTRA,Jalna,Bhokardan,safe
3406,MAHARASHTRA,Jalna,Ghat Sawangi,safe
3407,MAHARASHTRA,Jalna,Jafrabad,safe
3408,MAHARASHTRA,Jalna,Jalna,safe
3409,MAHARASHTRA,Jalna,Mantha,safe
3410,MAHARASHTRA,Jalna,Partur,safe
3411,MAHARASHTRA,Kolhapur,Ajara,safe
3412,MAHARASHTRA,Kolhapur,Bhudargad,safe
3413,MAHARASHTRA,Kolhapur,Chandgad,safe
3414,MAHARASHTRA,Kolhapur,Gadhinglaj,safe
3415,MAHARASHTRA,Kolhapur,Gaganbawada,safe
3416,MAHARASHTRA,Kolhapur,Hatkanangale,safe
3417,MAHARASHTRA,Kolhapur,Kagal,safe
3418,MAHARASHTRA,Kolhapur,Karvir,safe
3419,MAHARASHTRA,Kolhapur,Panhala,safe
3420,MAHARASHTRA,Kolhapur,Radhanagari,safe
3421,MAHARASHTRA,Kolhapur,Shahuwadi,safe
3422,MAHARASHTRA,Kolhapur,Shirol,safe
3423,MAHARASHTRA,Latur,Ahmedpur,safe
3424,MAHARASHTRA,Latur,Anantpal Sh,safe
3425,MAHARASHTRA,Latur,Ausa,safe
3426,MAHARASHTRA,Latur,Chakur,safe
3427,MAHARASHTRA,Latur,Devani,safe
3428,MAHARASHTRA,Latur,Jalkot,safe
3429,MAHARASHTRA,Latur,Latur,safe
3430,MAHARASHTRA,Latur,Nilanga,safe
3431,MAHARASHTRA,Latur,Renapur,safe
3432,MAHARASHTRA,Latur,Udgir,safe
3433,MAHARASHTRA,Mumbai,Mumbai,safe
3434,MAHARASHTRA,Mumbai Sub,Andheri,safe
3435,MAHARASHTRA,Mumbai Sub,Borivali,safe
3436,MAHARASHTRA,Mumbai Sub,Kurla,safe
3437,MAHARASHTRA,Nagpur,Bhiwapur,safe
3438,MAHARASHTRA,Nagpur,Hingana,safe
3439,MAHARASHTRA,Nagpur,Kalameshwar,safe
3440,MAHARASHTRA,Nagpur,Kamtee,safe
3441,MAHARASHTRA,Nagpur,Katol,safe
3442,MAHARASHTRA,Nagpur,Kuhi,safe
3443,MAHARASHTRA,Nagpur,Mouda,safe
3444,MAHARASHTRA,Nagpur,Nagpur Rural,safe
3445,MAHARASHTRA,Nagpur,Nagpur Urban,safe
3446,MAHARASHTRA,Nagpur,Narkhed,safe
3447,MAHARASHTRA,Nagpur,Parshioni,safe
3448,MAHARASHTRA,Nagpur,Ramtek,safe
3449,MAHARASHTRA,Nagpur,Saoner,safe
3450,MAHARASHTRA,Nagpur,Umred,safe
3451,MAHARASHTRA,Nanded,Ardhapur,safe
3452,MAHARASHTRA,Nanded,Bhokar,safe
3453,MAHARASHTRA,Nanded,Biloli,safe
3454,MAHARASHTRA,Nanded,Degloor,safe
3455,MAHARASHTRA,Nanded,Dharmabad,safe
3456,MAHARASHTRA,Nanded,Hadgaon,safe
3457,MAHARASHTRA,Nanded,Himataytnahar,safe
3458,MAHARASHTRA,Nanded,Kandhar,safe
3459,MAHARASHTRA,Nanded,Kinwat,safe
3460,MAHARASHTRA,Nanded,Loha,safe
3461,MAHARASHTRA,Nanded,Mahur,safe
3462,MAHARASHTRA,Nanded,Mudkhed,safe
3463,MAHARASHTRA,Nanded,Mukhed,safe
3464,MAHARASHTRA,Nanded,Naigaon,safe
3465,MAHARASHTRA,Nanded,Nanded,safe
3466,MAHARASHTRA,Nanded,Umari,safe
3467,MAHARASHTRA,Nandurbar,Akkalkuva,safe
3468,MAHARASHTRA,Nandurbar,Akrani,safe
3469,MAHARASHTRA,Nandurbar,Nandurbar,safe
3470,MAHARASHTRA,Nandurbar,Nawapur,safe
3471,MAHARASHTRA,Nandurbar,Shahada,safe
3472,MAHARASHTRA,Nandurbar,Taloda,safe
3473,MAHARASHTRA,Nashik,Baglan Satana,semi_critical
3474,MAHARASHTRA,Nashik,Chandwad,semi_critical
3475,MAHARASHTRA,Nashik,Deola,semi_critical
3476,MAHARASHTRA,Nashik,Dindori,safe
3477,MAHARASHTRA,Nashik,Igatpuri,safe
3478,MAHARASHTRA,Nashik,Kalwan,safe
3479,MAHARASHTRA,Nashik,Malegaon,safe
3480,MAHARASHTRA,Nashik,Nandgaon,safe
3481,MAHARASHTRA,Nashik,Nasik,safe
3482,MAHARASHTRA,Nashik,Niphad,critical
3483,MAHARASHTRA,Nashik,Peth,safe
3484,MAHARASHTRA,Nashik,Sinnar,critical
3485,MAHARASHTRA,Nashik,Surgana,safe
3486,MAHARASHTRA,Nashik,Trambakeshwar,safe
3487,MAHARASHTRA,Nashik,Yeola,semi_critical
3488,MAHARASHTRA,Osmanabad,Bhoom,safe
3489,MAHARASHTRA,Osmanabad,Kalamb,safe
3490,MAHARASHTRA,Osmanabad,Lohara,safe
3491,MAHARASHTRA,Osmanabad,Omerga,safe
3492,MAHARASHTRA,Osmanabad,Osmanabad,safe
3493,MAHARASHTRA,Osmanabad,Paranda,safe
3494,MAHARASHTRA,Osmanabad,Tuljapur,safe
3495,MAHARASHTRA,Osmanabad,Washi,safe
3496,MAHARASHTRA,Palghar,Dahanu,safe
3497,MAHARASHTRA,Palghar,Jawhar,safe
3498,MAHARASHTRA,Palghar,Mokhada,safe
3499,MAHARASHTRA,Palghar,Palghar,safe
3500,MAHARASHTRA,Palghar,Talasari,safe
3501,MAHARASHTRA,Palghar,Vasai,safe
3502,MAHARASHTRA,Palghar,Vikramgad,safe
3503,MAHARASHTRA,Palghar,Wada,safe
3504,MAHARASHTRA,Parbhani,Gangakhed,safe
3505,MAHARASHTRA,Parbhani,Jintur,safe
3506,MAHARASHTRA,Parbhani,Manwat,safe
3507,MAHARASHTRA,Parbhani,Palam,safe
3508,MAHARASHTRA,Parbhani,Parbhani,safe
3509,MAHARASHTRA,Parbhani,Pathari,safe
3510,MAHARASHTRA,Parbhani,Purna,safe
3511,MAHARASHTRA,Parbhani,Selu,safe
3512,MAHARASHTRA,Parbhani,Sonpepth,safe
3513,MAHARASHTRA,Pune,Ambegaon,semi_critical
3514,MAHARASHTRA,Pune,Baramati,safe
3515,MAHARASHTRA,Pune,Bhor,safe
3516,MAHARASHTRA,Pune,Daund,semi_critical
3517,MAHARASHTRA,Pune,Haveli,safe
3518,MAHARASHTRA,Pune,Indapur,safe
3519,MAHARASHTRA,Pune,Junnar,semi_critical
3520,MAHARASHTRA,Pune,Khed,semi_critical
3521,MAHARASHTRA,Pune,Maval,safe
3522,MAHARASHTRA,Pune,Mulshi,safe
3523,MAHARASHTRA,Pune,Pune City,safe
3524,MAHARASHTRA,Pune,Purandhar,safe
3525,MAHARASHTRA,Pune,Shirur,critical
3526,MAHARASHTRA,Pune,Velhe,safe
3527,MAHARASHTRA,Raigad,Alibag,safe
3528,MAHARASHTRA,Raigad,Karjat,safe
3529,MAHARASHTRA,Raigad,Khalapur,safe
3530,MAHARASHTRA,Raigad,Mahad,safe
3531,MAHARASHTRA,Raigad,Mangaon,safe
3532,MAHARASHTRA,Raigad,Mhasala,safe
3533,MAHARASHTRA,Raigad,Murud,safe
3534,MAHARASHTRA,Raigad,Panvel,safe
3535,MAHARASHTRA,Raigad,Pen,safe
3536,MAHARASHTRA,Raigad,Poladpur,safe
3537,MAHARASHTRA,Raigad,Roha,safe
3538,MAHARASHTRA,Raigad,Shriwardhan,safe
3539,MAHARASHTRA,Raigad,Sudhagad,safe
3540,MAHARASHTRA,Raigad,Tala,safe
3541,MAHARASHTRA,Raigad,Uran,safe
3542,MAHARASHTRA,Ratnagiri,Chiplun,safe
3543,MAHARASHTRA,Ratnagiri,Dapoli,safe
3544,MAHARASHTRA,Ratnagiri,Guhagar,safe
3545,MAHARASHTRA,Ratnagiri,Khed,safe
3546,MAHARASHTRA,Ratnagiri,Lanja,safe
3547,MAHARASHTRA,Ratnagiri,Mandangad,safe
3548,MAHARASHTRA,Ratnagiri,Rajapur,safe
3549,MAHARASHTRA,Ratnagiri,Ratnagiri,safe
3550,MAHARASHTRA,Ratnagiri,Sangameshwar,safe
3551,MAHARASHTRA,Sangli,Atpadi,safe
3552,MAHARASHTRA,Sangli,Jat,safe
3553,MAHARASHTRA,Sangli,Kadegaon,safe
3554,MAHARASHTRA,Sangli,Kavathe Mahankal,semi_critical
3555,MAHARASHTRA,Sangli,Khanapur,safe
3556,MAHARASHTRA,Sangli,Miraj,safe
3557,MAHARASHTRA,Sangli,Palus,safe
3558,MAHARASHTRA,Sangli,Shirala,safe
3559,MAHARASHTRA,Sangli,Tasgaon,safe
3560,MAHARASHTRA,Sangli,Walwa,safe
3561,MAHARASHTRA,Satara,Jaoli,safe
3562,MAHARASHTRA,Satara,Karad,safe
3563,MAHARASHTRA,Satara,Khandala,safe
3564,MAHARASHTRA,Satara,Khatav,semi_critical
3565,MAHARASHTRA,Satara,Koregaon,safe
3566,MAHARASHTRA,Satara,Mahabaleshwar,safe
3567,MAHARASHTRA,Satara,Man,semi_critical
3568,MAHARASHTRA,Satara,Patan,safe
3569,MAHARASHTRA,Satara,Phaltan,safe
3570,MAHARASHTRA,Satara,Satara,safe
3571,MAHARASHTRA,Satara,Wai,safe
3572,MAHARASHTRA,Sindhudurg,Devgad,safe
3573,MAHARASHTRA,Sindhudurg,Doudamarg,safe
3574,MAHARASHTRA,Sindhudurg,Kankavali,safe
3575,MAHARASHTRA,Sindhudurg,Kudal,safe
3576,MAHARASHTRA,Sindhudurg,Malwan,safe
3577,MAHARASHTRA,Sindhudurg,Sawantwadi,safe
3578,MAHARASHTRA,Sindhudurg,Vaibhavvwadi,safe
3579,MAHARASHTRA,Sindhudurg,Vengurla,safe
3580,MAHARASHTRA,Solapur,Akkalkot,safe
3581,MAHARASHTRA,Solapur,Barshi,semi_critical
3582,MAHARASHTRA,Solapur,Karmala,semi_critical
3583,MAHARASHTRA,Solapur,Madha,safe
3584,MAHARASHTRA,Solapur,Malshiras,semi_critical
3585,MAHARASHTRA,Solapur,Mangalwedha,semi_critical
3586,MAHARASHTRA,Solapur,Mohol,semi_critical
3587,MAHARASHTRA,Solapur,N.Solapur,safe
3588,MAHARASHTRA,Solapur,Pandharpur,safe
3589,MAHARASHTRA,Solapur,S.Solapur,safe
3590,MAHARASHTRA,Solapur,Sangola,semi_critical
3591,MAHARASHTRA,Thane,Ambarnath,safe
3592,MAHARASHTRA,Thane,Bhivandi,safe
3593,MAHARASHTRA,Thane,Kalyan,safe
3594,MAHARASHTRA,Thane,Murbad,safe
3595,MAHARASHTRA,Thane,Shahapur,safe
3596,MAHARASHTRA,Thane,Thane,safe
3597,MAHARASHTRA,Thane,Ulhasnagar,safe
3598,MAHARASHTRA,Wardha,Arvi,safe
3599,MAHARASHTRA,Wardha,Ashti,safe
3600,MAHARASHTRA,Wardha,Deoli,safe
3601,MAHARASHTRA,Wardha,Hinganghat,safe
3602,MAHARASHTRA,Wardha,Karanja,safe
3603,MAHARASHTRA,Wardha,Samudrapur,safe
3604,MAHARASHTRA,Wardha,Seloo,safe
3605,MAHARASHTRA,Wardha,Wardha,safe
3606,MAHARASHTRA,Washim,Karanja,safe
3607,MAHARASHTRA,Washim,Malegaon,safe
3608,MAHARASHTRA,Washim,Mangrulpir,safe
3609,MAHARASHTRA,Washim,Manora,safe
3610,MAHARASHTRA,Washim,Risod,safe
3611,MAHARASHTRA,Washim,Washim,safe
3612,MAHARASHTRA,Yawatmal,Arni,safe
3613,MAHARASHTRA,Yawatmal,Babulgaon,safe
3614,MAHARASHTRA,Yawatmal,Daravha,safe
3615,MAHARASHTRA,Yawatmal,Digras,safe
3616,MAHARASHTRA,Yawatmal,Ghatanji,safe
3617,MAHARASHTRA,Yawatmal,Kalamb,safe
3618,MAHARASHTRA,Yawatmal,Mahagaon,safe
3619,MAHARASHTRA,Yawatmal,Maregaon,safe
3620,MAHARASHTRA,Yawatmal,Ner,safe
3621,MAHARASHTRA,Yawatmal,Omarkhed,safe
3622,MAHARASHTRA,Yawatmal,Pandharkavada,safe
3623,MAHARASHTRA,Yawatmal,Pusad,safe
3624,MAHARASHTRA,Yawatmal,Ralegaon,safe
3625,MAHARASHTRA,Yawatmal,Wani,safe
3626,MAHARASHTRA,Yawatmal,Yeotmal,safe
3627,MAHARASHTRA,Yawatmal,Zara Zamani,safe
3628,MANIPUR,BISHNUPUR,BISHNUPUR,safe
3629,MANIPUR,BISHNUPUR,MOIRANG,safe
3630,MANIPUR,CHURACHANPUR,CHURACHANDPUR,safe
3631,MANIPUR,IMPHAL EAST,IMPHAL EAST I,safe
3632,MANIPUR,IMPHAL EAST,IMPHAL EAST II,safe
3633,MANIPUR,IMPHAL WEST,IMPHAL WEST I,safe
3634,MANIPUR,IMPHAL WEST,IMPHAL WEST II,safe
3635,MANIPUR,THOUBAL,KAKCHING,safe
3636,MANIPUR,THOUBAL,THOUBAL,safe
3637,MEGHALAYA,EAST GARO HILLS,Dambo Rongjeng,safe
3638,MEGHALAYA,EAST GARO HILLS,Samanda,safe
3639,MEGHALAYA,EAST GARO HILLS,Songsak,safe
3640,MEGHALAYA,EAST JAINTIA HILLS,Khliehriat,safe
3641,MEGHALAYA,EAST JAINTIA HILLS,Saipung,safe
3642,MEGHALAYA,EAST KHASI HILLS,Greater Shillong,safe
3643,MEGHALAYA,EAST KHASI HILLS,Khatarshnong Laitkroh,safe
3644,MEGHALAYA,EAST KHASI HILLS,Mawkynrew,safe
3645,MEGHALAYA,EAST KHASI HILLS,Mawphlang,safe
3646,MEGHALAYA,EAST KHASI HILLS,Mawryngkneng,safe
3647,MEGHALAYA,EAST KHASI HILLS,Mawsynram,safe
3648,MEGHALAYA,EAST KHASI HILLS,Mylliem,safe
3649,MEGHALAYA,EAST KHASI HILLS,Pynursla,safe
3650,MEGHALAYA,EAST KHASI HILLS,Shella Bholaganj,safe
3651,MEGHALAYA,NORTH GARO HILLS,Kharkutta,safe
3652,MEGHALAYA,NORTH GARO HILLS,Resubelpara,safe
3653,MEGHALAYA,RI BHOI,Jirang,safe
3654,MEGHALAYA,RI BHOI,Umling,safe
3655,MEGHALAYA,RI BHOI,Umsning,safe
3656,MEGHALAYA,SOUTH GARO HILLS,Baghmara,safe
3657,MEGHALAYA,SOUTH GARO HILLS,Chokpot,safe
3658,MEGHALAYA,SOUTH GARO HILLS,Gasuapara,safe
3659,MEGHALAYA,SOUTH GARO HILLS,Rongara,safe
3660,MEGHALAYA,SOUTH WEST GARO HILLS,Betasing,safe
3661,MEGHALAYA,SOUTH WEST GARO HILLS,Zikzak,safe
3662,MEGHALAYA,SOUTH WEST KHASI HILLS,Mawkyrwat,safe
3663,MEGHALAYA,SOUTH WEST KHASI HILLS,Ranikor,safe
3664,MEGHALAYA,WEST GARO HILLS,Dadenggiri,safe
3665,MEGHALAYA,WEST GARO HILLS,Dalu,safe
3666,MEGHALAYA,WEST GARO HILLS,Gambegre,safe
3667,MEGHALAYA,WEST GARO HILLS,Rongram,safe
3668,MEGHALAYA,WEST GARO HILLS,Selsella,safe
3669,MEGHALAYA,WEST GARO HILLS,Tikrikilla,safe
3670,MEGHALAYA,WEST JAINTIA HILLS,Amlarem,safe
3671,MEGHALAYA,WEST JAINTIA HILLS,Laskein,safe
3672,MEGHALAYA,WEST JAINTIA HILLS,Thadlaskein,safe
3673,MEGHALAYA,WEST KHASI HILLS,Mairang,safe
3674,MEGHALAYA,WEST KHASI HILLS,Mawshynrut,safe
3675,MEGHALAYA,WEST KHASI HILLS,Mawthadraishan,safe
3676,MEGHALAYA,WEST KHASI HILLS,Nongstoin,safe
3677,MIZORAM,AIZAWL,AIBAWK,safe
3678,MIZORAM,AIZAWL,DARLAWN,safe
3679,MIZORAM,AIZAWL,PHULLEN,safe
3680,MIZORAM,AIZAWL,THINGSULTHLIAH,safe
3681,MIZORAM,AIZAWL,TLANGNUAM,safe
3682,MIZORAM,CHAMPHAI,CHAMPHAI,safe
3683,MIZORAM,CHAMPHAI,KHAWBUNG,safe
3684,MIZORAM,CHAMPHAI,KHAWZAWL,safe
3685,MIZORAM,CHAMPHAI,NGOPA,safe
3686,MIZORAM,KOLASIB,BILKHAWTHLIR,safe
3687,MIZORAM,KOLASIB,NORTH THINGDAWL,safe
3688,MIZORAM,LAWNGTLAI,BUNGTLANG SOUTH,safe
3689,MIZORAM,LAWNGTLAI,CHAWNGTE,safe
3690,MIZORAM,LAWNGTLAI,LAWNGTLAI,safe
3691,MIZORAM,LAWNGTLAI,SANGAU,safe
3692,MIZORAM,LUNGLEI,HNAHTHIAL,safe
3693,MIZORAM,LUNGLEI,LUNGLEI,safe
3694,MIZORAM,LUNGLEI,LUNGSEN,safe
3695,MIZORAM,LUNGLEI,WEST BUNGHMUN,safe
3696,MIZORAM,MAMIT,REIEK,safe
3697,MIZORAM,MAMIT,WEST PHAILENG,safe
3698,MIZORAM,MAMIT,ZAWLNUAM,safe
3699,MIZORAM,SAIHA,SAIHA,safe
3700,MIZORAM,SAIHA,TUIPANG,safe
3701,MIZORAM,SERCHHIP,E LUNGDAR,safe
3702,MIZORAM,SERCHHIP,SERCHHIP,safe
3703,NAGALAND,Dimapur,Dhansiripar,safe
3704,NAGALAND,Dimapur,Kuhoboto,safe
3705,NAGALAND,Dimapur,Medziphema,safe
3706,NAGALAND,Dimapur,Niuland,safe
3707,NAGALAND,Kiphire,Kiphire,safe
3708,NAGALAND,Kiphire,Pungro,safe
3709,NAGALAND,Kiphire,Simiti,safe
3710,NAGALAND,Kohima,Chiephobozou,safe
3711,NAGALAND,Kohima,Jakhama,safe
3712,NAGALAND,Kohima,Kohima,safe
3713,NAGALAND,Kohima,Tseminyu,safe
3714,NAGALAND,Longleng,Longleng,safe
3715,NAGALAND,Longleng,Tamlu,safe
3716,NAGALAND,Mokokchung,Changtongya,safe
3717,NAGALAND,Mokokchung,Kubulong,safe
3718,NAGALAND,Mokokchung,Longchem,safe
3719,NAGALAND,Mokokchung,Mangkolemba,safe
3720,NAGALAND,Mokokchung,Ongpangkong North,safe
3721,NAGALAND,Mokokchung,Ongpangkong South,safe
3722,NAGALAND,Mon,Chen,safe
3723,NAGALAND,Mon,Mon,safe
3724,NAGALAND,Mon,Pomching,safe
3725,NAGALAND,Mon,Tizit,safe
3726,NAGALAND,Mon,Tobu,safe
3727,NAGALAND,Mon,Wakching,safe
3728,NAGALAND,Peren,Jalukie,safe
3729,NAGALAND,Peren,Peren,safe
3730,NAGALAND,Peren,Tening,safe
3731,NAGALAND,Phek,Kikruma,safe
3732,NAGALAND,Phek,Meluri,safe
3733,NAGALAND,Phek,Pfutsero,safe
3734,NAGALAND,Phek,Phek,safe
3735,NAGALAND,Phek,Sekruzu,safe
3736,NAGALAND,Tuensang,Chare,safe
3737,NAGALAND,Tuensang,Chessore,safe
3738,NAGALAND,Tuensang,Longkhim,safe
3739,NAGALAND,Tuensang,Noklak,safe
3740,NAGALAND,Tuensang,Noksen,safe
3741,NAGALAND,Tuensang,Sangsangnyu,safe
3742,NAGALAND,Tuensang,Shamator,safe
3743,NAGALAND,Tuensang,Thonoknyu,safe
3744,NAGALAND,Wokha,Bhandari,safe
3745,NAGALAND,Wokha,Chukitong,safe
3746,NAGALAND,Wokha,Sanis,safe
3747,NAGALAND,Wokha,Wokha,safe
3748,NAGALAND,Wokha,Wozhuru Ralan,safe
3749,NAGALAND,Zunheboto,Akuluto,safe
3750,NAGALAND,Zunheboto,Ghathashi,safe
3751,NAGALAND,Zunheboto,Satakha,safe
3752,NAGALAND,Zunheboto,Suruhoto,safe
3753,NAGALAND,Zunheboto,Tokiye,safe
3754,NAGALAND,Zunheboto,Zunheboto,safe
3755,ODISHA,ANGUL,ANUGUL,safe
3756,ODISHA,ANGUL,ATHMALLIK,safe
3757,ODISHA,ANGUL,BANARPAL,safe
3758,ODISHA,ANGUL,CHHENDIPADA,safe
3759,ODISHA,ANGUL,KANIHA,safe
3760,ODISHA,ANGUL,KISHORENAGAR,safe
3761,ODISHA,ANGUL,PALALAHADA,safe
3762,ODISHA,ANGUL,TALCHER,semi_critical
3763,ODISHA,BALASORE,BAHANAGA,safe
3764,ODISHA,BALASORE,BALASORE,safe
3765,ODISHA,BALASORE,BALIAPAL,semi_critical
3766,ODISHA,BALASORE,BASTA,safe
3767,ODISHA,BALASORE,BHOGRAI,safe
3768,ODISHA,BALASORE,JALESWAR,safe
3769,ODISHA,BALASORE,KHAIRA,safe
3770,ODISHA,BALASORE,NILGIRI,safe
3771,ODISHA,BALASORE,OUPADA,safe
3772,ODISHA,BALASORE,REMUNA,safe
3773,ODISHA,BALASORE,SIMULIA,safe
3774,ODISHA,BALASORE,SORO,safe
3775,ODISHA,BARGARH,AMBABHONA,safe
3776,ODISHA,BARGARH,ATTABIRA,safe
3777,ODISHA,BARGARH,BARAPALI,safe
3778,ODISHA,BARGARH,BARGARH,semi_critical
3779,ODISHA,BARGARH,BHATLI,safe
3780,ODISHA,BARGARH,BHEDEN,safe
3781,ODISHA,BARGARH,BIJEPUR,safe
3782,ODISHA,BARGARH,GAISILET,safe
3783,ODISHA,BARGARH,JHARBANDHA,safe
3784,ODISHA,BARGARH,PADAMPUR,safe
3785,ODISHA,BARGARH,PAIKAMAL,safe
3786,ODISHA,BARGARH,SOHELA,safe
3787,ODISHA,BHADRAK,BASUDEVPUR,safe
3788,ODISHA,BHADRAK,BHADRAK,safe
3789,ODISHA,BHADRAK,BHANDARIPOKHARI,safe
3790,ODISHA,BHADRAK,BONTH,safe
3792,ODISHA,BHADRAK,DHAMNAGAR,safe
3793,ODISHA,BHADRAK,TIHIDI,safe
3794,ODISHA,BOLANGIR,AGALPUR,safe
3795,ODISHA,BOLANGIR,BALANGIR,safe
3796,ODISHA,BOLANGIR,BANGOMUNDA,safe
3797,ODISHA,BOLANGIR,BELPARA,safe
3798,ODISHA,BOLANGIR,DEOGAON,safe
3799,ODISHA,BOLANGIR,GUDVELLA,safe
3800,ODISHA,BOLANGIR,KHAPRAKHOL,safe
3801,ODISHA,BOLANGIR,LOISINGA,safe
3802,ODISHA,BOLANGIR,MURIBAHAL,safe
3803,ODISHA,BOLANGIR,PATNAGARH,safe
3804,ODISHA,BOLANGIR,PUINTALA,safe
3805,ODISHA,BOLANGIR,SAINTALA,safe
3806,ODISHA,BOLANGIR,TITLAGARH,safe
3807,ODISHA,BOLANGIR,TUREKELA,safe
3808,ODISHA,BOUDH,BOUDH,safe
3809,ODISHA,BOUDH,HARBHANGA,safe
3810,ODISHA,BOUDH,KANTAMAL,safe
3811,ODISHA,CUTTACK,ATHAGAD,safe
3812,ODISHA,CUTTACK,BADAMBA,safe
3813,ODISHA,CUTTACK,BANKI,safe
3814,ODISHA,CUTTACK,BANKI-DAMPARA,safe
3815,ODISHA,CUTTACK,BARANG,safe
3816,ODISHA,CUTTACK,CUTTACK SADAR,safe
3817,ODISHA,CUTTACK,KANTAPADA,safe
3818,ODISHA,CUTTACK,MAHANGA,safe
3819,ODISHA,CUTTACK,NARASINGHPUR,safe
3820,ODISHA,CUTTACK,NIALI,safe
3821,ODISHA,CUTTACK,NISCHINTAKOILI,safe
3822,ODISHA,CUTTACK,SALEPUR,safe
3823,ODISHA,CUTTACK,TANGI-CHOUDWAR,safe
3824,ODISHA,CUTTACK,TIGIRIA,safe
3825,ODISHA,DEOGARH,BARKOTE,safe
3826,ODISHA,DEOGARH,REAMAL,safe
3827,ODISHA,DEOGARH,TILEIBANI,safe
3828,ODISHA,DHENKANAL,BHUBAN,safe
3829,ODISHA,DHENKANAL,DHENKANAL,safe
3830,ODISHA,DHENKANAL,GOUNDIA,safe
3831,ODISHA,DHENKANAL,HINDOL,safe
3832,ODISHA,DHENKANAL,KAMAKSHYANAGAR,safe
3833,ODISHA,DHENKANAL,KANKADAHAD,safe
3834,ODISHA,DHENKANAL,ODAPADA,safe
3835,ODISHA,DHENKANAL,PARAJANG,safe
3836,ODISHA,GAJAPATI,GOSANI,safe
3837,ODISHA,GAJAPATI,GUMA,safe
3838,ODISHA,GAJAPATI,KASHINAGARA,safe
3839,ODISHA,GAJAPATI,MOHANA,safe
3840,ODISHA,GAJAPATI,NUAGADA,safe
3841,ODISHA,GAJAPATI,R. UDAYGIRI,safe
3842,ODISHA,GAJAPATI,RAYAGADA,safe
3843,ODISHA,GANJAM,ASKA,safe
3844,ODISHA,GANJAM,BELGUNTHA,safe
3845,ODISHA,GANJAM,BHANJANAGAR,safe
3846,ODISHA,GANJAM,BUGUDA,safe
3847,ODISHA,GANJAM,CHHATRAPUR,safe
3848,ODISHA,GANJAM,CHIKITI,safe
3849,ODISHA,GANJAM,DHARAKOTE,safe
3850,ODISHA,GANJAM,DIGAPAHANDI,safe
3851,ODISHA,GANJAM,GANJAM,safe
3852,ODISHA,GANJAM,HINJILICUT,safe
3853,ODISHA,GANJAM,JAGANATHPRASAD,safe
3854,ODISHA,GANJAM,KABISURYANAGAR,safe
3855,ODISHA,GANJAM,KHALIKOTE,safe
3856,ODISHA,GANJAM,KODALA,safe
3857,ODISHA,GANJAM,KUKUDAKHANDI,safe
3858,ODISHA,GANJAM,PALASARA,safe
3859,ODISHA,GANJAM,PATRAPUR,safe
3860,ODISHA,GANJAM,PURUSOTTAMPUR,safe
3861,ODISHA,GANJAM,RANGEILUNDA,safe
3862,ODISHA,GANJAM,SANAKHEMUNDI,safe
3863,ODISHA,GANJAM,SERGARH,safe
3864,ODISHA,GANJAM,SORADA,safe
3865,ODISHA,JAGATSINGHPUR,BALIKUDA,safe
3866,ODISHA,JAGATSINGHPUR,BIRIDI,safe
3868,ODISHA,JAGATSINGHPUR,JAGATSINGHPUR,safe
3869,ODISHA,JAGATSINGHPUR,KUJANGA,safe
3870,ODISHA,JAGATSINGHPUR,NAUGAON,safe
3871,ODISHA,JAGATSINGHPUR,RAGHUNATHPUR,safe
3872,ODISHA,JAGATSINGHPUR,TIRTOL,safe
3873,ODISHA,JAJPUR,BADACHANA,safe
3874,ODISHA,JAJPUR,BARI,safe
3875,ODISHA,JAJPUR,BINJHARPUR,safe
3876,ODISHA,JAJPUR,DANAGADI,safe
3877,ODISHA,JAJPUR,DASARATHPUR,safe
3878,ODISHA,JAJPUR,DHARMASALA,safe
3879,ODISHA,JAJPUR,JAJPUR,safe
3880,ODISHA,JAJPUR,KOREI,semi_critical
3881,ODISHA,JAJPUR,RASULPUR,safe
3882,ODISHA,JAJPUR,SUKINDA,safe
3883,ODISHA,JHARSUGUDA,JHARSUGUDA,semi_critical
3884,ODISHA,JHARSUGUDA,KIRMIRA,safe
3885,ODISHA,JHARSUGUDA,KULABIRA,safe
3886,ODISHA,JHARSUGUDA,LAIKERA,safe
3887,ODISHA,JHARSUGUDA,LAKHANPUR,safe
3888,ODISHA,KALAHANDI,BHAWANIPATNA,safe
3889,ODISHA,KALAHANDI,DHARMAGARH,safe
3890,ODISHA,KALAHANDI,GOLAMUNDA,safe
3891,ODISHA,KALAHANDI,JAIPATNA,safe
3892,ODISHA,KALAHANDI,JUNAGARH,safe
3893,ODISHA,KALAHANDI,KALAMPUR,safe
3894,ODISHA,KALAHANDI,KARLAMUNDA,safe
3895,ODISHA,KALAHANDI,KESINGA,safe
3896,ODISHA,KALAHANDI,KOKSARA,safe
3897,ODISHA,KALAHANDI,LANJIGARH,safe
3898,ODISHA,KALAHANDI,M. RAMPUR,safe
3899,ODISHA,KALAHANDI,NARLA,safe
3900,ODISHA,KALAHANDI,TH. RAMPUR,safe
3901,ODISHA,KANDHAMAL,BALIGUDA,safe
3902,ODISHA,KANDHAMAL,CHAKAPADA,safe
3903,ODISHA,KANDHAMAL,DARINGIBADI,safe
3904,ODISHA,KANDHAMAL,G. UDAYAGIRI,safe
3905,ODISHA,KANDHAMAL,K. NUAGAON,safe
3906,ODISHA,KANDHAMAL,KHAJURIPADA,safe
3907,ODISHA,KANDHAMAL,KOTAGARH,safe
3908,ODISHA,KANDHAMAL,PHIRINGIA,safe
3909,ODISHA,KANDHAMAL,PHULBANI,safe
3910,ODISHA,KANDHAMAL,RAIKIA,safe
3911,ODISHA,KANDHAMAL,TIKABALI,safe
3912,ODISHA,KANDHAMAL,TUMUDIBANDHA,safe
3913,ODISHA,KENDRAPARA,AUL,safe
3914,ODISHA,KENDRAPARA,DERABISH,safe
3915,ODISHA,KENDRAPARA,GARADPUR,safe
3916,ODISHA,KENDRAPARA,KENDRAPARA,safe
3919,ODISHA,KENDRAPARA,PATTAMUNDAI,safe
3922,ODISHA,KEONJHAR,ANANDAPUR,safe
3923,ODISHA,KEONJHAR,BANSPAL,safe
3924,ODISHA,KEONJHAR,CHAMPUA,safe
3925,ODISHA,KEONJHAR,GHASHIPURA,safe
3926,ODISHA,KEONJHAR,GHATAGAON,safe
3927,ODISHA,KEONJHAR,HARICHANDANPUR,safe
3928,ODISHA,KEONJHAR,HATADIHI,safe
3929,ODISHA,KEONJHAR,JHUMPURA,safe
3930,ODISHA,KEONJHAR,JODA,safe
3931,ODISHA,KEONJHAR,KEONJHAR,safe
3932,ODISHA,KEONJHAR,PATNA,safe
3933,ODISHA,KEONJHAR,SAHARAPADA,safe
3934,ODISHA,KEONJHAR,TELKOI,safe
3935,ODISHA,KHURDA,BALIANTA,safe
3936,ODISHA,KHURDA,BALIPATNA,safe
3937,ODISHA,KHURDA,BANAPUR,safe
3938,ODISHA,KHURDA,BEGUNIA,safe
3939,ODISHA,KHURDA,BHUBANESWAR,semi_critical
3940,ODISHA,KHURDA,BOLOGARH,semi_critical
3941,ODISHA,KHURDA,CHILIKA,safe
3942,ODISHA,KHURDA,JATNI,safe
3943,ODISHA,KHURDA,KHURDA,semi_critical
3944,ODISHA,KHURDA,TANGI,safe
3945,ODISHA,KORAPUT,BAIPARIGUDA,safe
3946,ODISHA,KORAPUT,BANDHUGAON,safe
3947,ODISHA,KORAPUT,BORIGUMA,safe
3948,ODISHA,KORAPUT,DASMANTAPUR,safe
3949,ODISHA,KORAPUT,JEYPORE,safe
3950,ODISHA,KORAPUT,KORAPUT,safe
3951,ODISHA,KORAPUT,KOTPAD,safe
3952,ODISHA,KORAPUT,KUNDRA,safe
3953,ODISHA,KORAPUT,LAMTAPUT,safe
3954,ODISHA,KORAPUT,LAXMIPUR,safe
3955,ODISHA,KORAPUT,NANDAPUR,safe
3956,ODISHA,KORAPUT,NARAYANAPATNA,safe
3957,ODISHA,KORAPUT,POTANGI,safe
3958,ODISHA,KORAPUT,SIMILIGUDA,safe
3959,ODISHA,MALKANGIRI,KALIMELA,safe
3960,ODISHA,MALKANGIRI,KHAIRAPUT,safe
3961,ODISHA,MALKANGIRI,KORKUNDA,safe
3962,ODISHA,MALKANGIRI,KUDUMULUGUMA,safe
3963,ODISHA,MALKANGIRI,MALKANGIRI,safe
3964,ODISHA,MALKANGIRI,MATHILI,safe
3965,ODISHA,MALKANGIRI,PODIA,safe
3966,ODISHA,MAYURBHANJ,BADASAHI,safe
3967,ODISHA,MAYURBHANJ,BAHALDA,safe
3968,ODISHA,MAYURBHANJ,BANGIRIPOSI,safe
3969,ODISHA,MAYURBHANJ,BARIPADA,safe
3970,ODISHA,MAYURBHANJ,BETNOTI,safe
3971,ODISHA,MAYURBHANJ,BIJATALA,safe
3972,ODISHA,MAYURBHANJ,BISOI,safe
3973,ODISHA,MAYURBHANJ,GOPABANDHU NAGAR,safe
3974,ODISHA,MAYURBHANJ,JAMDA,safe
3975,ODISHA,MAYURBHANJ,JASHIPUR,safe
3976,ODISHA,MAYURBHANJ,KAPTIPADA,safe
3977,ODISHA,MAYURBHANJ,KARANJIA,safe
3978,ODISHA,MAYURBHANJ,KHUNTA,safe
3979,ODISHA,MAYURBHANJ,KULIANA,safe
3980,ODISHA,MAYURBHANJ,KUSUMI,safe
3981,ODISHA,MAYURBHANJ,MORODA,safe
3982,ODISHA,MAYURBHANJ,RAIRANGPUR,safe
3983,ODISHA,MAYURBHANJ,RARUAN,safe
3984,ODISHA,MAYURBHANJ,RASGOVINDPUR,safe
3985,ODISHA,MAYURBHANJ,SAMAKHUNTA,safe
3986,ODISHA,MAYURBHANJ,SARASKANA,safe
3987,ODISHA,MAYURBHANJ,SUKRULI,safe
3988,ODISHA,MAYURBHANJ,SULIAPADA,safe
3989,ODISHA,MAYURBHANJ,THAKURMUNDA,safe
3990,ODISHA,MAYURBHANJ,TIRING,safe
3991,ODISHA,MAYURBHANJ,UDALA,safe
3992,ODISHA,NABARANGAPUR,CHANDAHANDI,safe
3993,ODISHA,NABARANGAPUR,DABUGAON,safe
3994,ODISHA,NABARANGAPUR,JHARIGAON,safe
3995,ODISHA,NABARANGAPUR,KASAGUMUDA,safe
3996,ODISHA,NABARANGAPUR,NABARANGAPUR,safe
3997,ODISHA,NABARANGAPUR,NANDAHANDI,safe
3998,ODISHA,NABARANGAPUR,PAPADHANDI,safe
3999,ODISHA,NABARANGAPUR,RAIGHAR,safe
4000,ODISHA,NABARANGAPUR,TENTULIKHUNTI,safe
4001,ODISHA,NABARANGAPUR,UMERKOTE,safe
4002,ODISHA,NAYAGARH,BHAPUR,safe
4003,ODISHA,NAYAGARH,DASPALLA,safe
4004,ODISHA,NAYAGARH,GANIA,safe
4005,ODISHA,NAYAGARH,KHANDAPADA,safe
4006,ODISHA,NAYAGARH,NAYAGARH,semi_critical
4007,ODISHA,NAYAGARH,NUAGAON,safe
4008,ODISHA,NAYAGARH,ODOGAON,safe
4009,ODISHA,NAYAGARH,RANAPUR,safe
4010,ODISHA,NUAPADA,BODEN,safe
4011,ODISHA,NUAPADA,KHARIAR,safe
4012,ODISHA,NUAPADA,KOMNA,safe
4013,ODISHA,NUAPADA,NUAPADA,semi_critical
4014,ODISHA,NUAPADA,SINAPALI,safe
4015,ODISHA,PURI,ASTARANG,safe
4016,ODISHA,PURI,BRAHMAGIRI,safe
4017,ODISHA,PURI,DELANG,safe
4018,ODISHA,PURI,GOP,safe
4019,ODISHA,PURI,KAKATPUR,safe
4020,ODISHA,PURI,KANAS,safe
4021,ODISHA,PURI,KRUSHNAPRASAD,safe
4022,ODISHA,PURI,NIMAPARA,safe
4023,ODISHA,PURI,PIPILI,safe
4024,ODISHA,PURI,PURI,safe
4025,ODISHA,PURI,SATYABADI,safe
4026,ODISHA,RAYAGADA,BISAMCUTTACK,safe
4027,ODISHA,RAYAGADA,CHANDRAPUR,safe
4028,ODISHA,RAYAGADA,GUDARI,safe
4029,ODISHA,RAYAGADA,GUNUPUR,safe
4030,ODISHA,RAYAGADA,KALAYANSINGHPUR,safe
4031,ODISHA,RAYAGADA,KASHIPUR,safe
4032,ODISHA,RAYAGADA,KOLNARA,safe
4033,ODISHA,RAYAGADA,MUNIGUDA,safe
4034,ODISHA,RAYAGADA,PADMAPUR,safe
4035,ODISHA,RAYAGADA,RAMANAGUDA,safe
4036,ODISHA,RAYAGADA,RAYAGADA,safe
4037,ODISHA,SAMBALPUR,BAMRA,safe
4038,ODISHA,SAMBALPUR,DHANKAUDA,safe
4039,ODISHA,SAMBALPUR,JAMANKIRA,safe
4040,ODISHA,SAMBALPUR,JUJUMURA,safe
4041,ODISHA,SAMBALPUR,KUCHINDA,safe
4042,ODISHA,SAMBALPUR,MANESWAR,safe
4043,ODISHA,SAMBALPUR,NAKTIDEOL,safe
4044,ODISHA,SAMBALPUR,RAIRAKHOL,safe
4045,ODISHA,SAMBALPUR,RENGALI,safe
4046,ODISHA,SUBARNAPUR,BINKA,safe
4047,ODISHA,SUBARNAPUR,BIRAMAHARAJPUR,safe
4048,ODISHA,SUBARNAPUR,DUNGRIPALI,safe
4049,ODISHA,SUBARNAPUR,SONEPUR,safe
4050,ODISHA,SUBARNAPUR,TARVA,safe
4051,ODISHA,SUBARNAPUR,ULLUNDA,safe
4052,ODISHA,SUNDARGARH,BALISHANKARA,safe
4053,ODISHA,SUNDARGARH,BARAGAON,safe
4054,ODISHA,SUNDARGARH,BISRA,safe
4055,ODISHA,SUNDARGARH,BONEIGARH,safe
4056,ODISHA,SUNDARGARH,GURUNDIA,safe
4057,ODISHA,SUNDARGARH,HEMGIRI,safe
4058,ODISHA,SUNDARGARH,KOIRA,safe
4059,ODISHA,SUNDARGARH,KUANRMUNDA,safe
4060,ODISHA,SUNDARGARH,KUTRA,safe
4061,ODISHA,SUNDARGARH,LAHUNIPADA,safe
4062,ODISHA,SUNDARGARH,LATHIKATA,safe
4063,ODISHA,SUNDARGARH,LEFRIPADA,safe
4064,ODISHA,SUNDARGARH,NUAGAON,safe
4065,ODISHA,SUNDARGARH,RAJGANGPUR,safe
4066,ODISHA,SUNDARGARH,SUBDEGA,safe
4067,ODISHA,SUNDARGARH,SUNDARGARH,safe
4068,ODISHA,SUNDARGARH,TANGARPALLI,safe
4069,PUDUCHERRY,KARAIKAL,KARAIKAL,safe
4070,PUDUCHERRY,KARAIKAL,THIRUNALLA,safe
4071,PUDUCHERRY,PUDUCHERRY,BAHOUR,semi_critical
4072,PUDUCHERRY,PUDUCHERRY,MAHE,safe
4073,PUDUCHERRY,PUDUCHERRY,OZHUKARAI,semi_critical
4074,PUDUCHERRY,PUDUCHERRY,PUDUCHERRY,over_exploited
4075,PUDUCHERRY,PUDUCHERRY,VILLIANUR,semi_critical
4077,PUNJAB,Amritsar,Ajnala,over_exploited
4078,PUNJAB,Amritsar,Amritsar Urban,over_exploited
4079,PUNJAB,Amritsar,Attari,over_exploited
4080,PUNJAB,Amritsar,Chogawan,over_exploited
4081,PUNJAB,Amritsar,Harsha Chhina,over_exploited
4082,PUNJAB,Amritsar,Jandiala Guru,over_exploited
4083,PUNJAB,Amritsar,Majitha,over_exploited
4084,PUNJAB,Amritsar,Rayya,over_exploited
4085,PUNJAB,Amritsar,Tarsikka,over_exploited
4086,PUNJAB,Amritsar,Verka,over_exploited
4087,PUNJAB,Barnala,Barnala,over_exploited
4088,PUNJAB,Barnala,Mahal Kalan,over_exploited
4089,PUNJAB,Barnala,Sehna,over_exploited
4090,PUNJAB,Bathinda,Bathinda,semi_critical
4091,PUNJAB,Bathinda,Bhagta Bhai Ka,over_exploited
4092,PUNJAB,Bathinda,Goniana Mandi,over_exploited
4093,PUNJAB,Bathinda,Maur,over_exploited
4094,PUNJAB,Bathinda,Nathana,over_exploited
4095,PUNJAB,Bathinda,Phul,over_exploited
4096,PUNJAB,Bathinda,Rampura,semi_critical
4097,PUNJAB,Bathinda,Sangat,semi_critical
4098,PUNJAB,Bathinda,Talwandi Sabo,semi_critical
4099,PUNJAB,Faridkot,Faridkot,critical
4100,PUNJAB,Faridkot,Jaiton,over_exploited
4101,PUNJAB,Faridkot,Kot Kapura,over_exploited
4102,PUNJAB,Fatehgarh Sahib,Amloh,over_exploited
4103,PUNJAB,Fatehgarh Sahib,Bassi Pathanan,over_exploited
4104,PUNJAB,Fatehgarh Sahib,Khamanon,over_exploited
4105,PUNJAB,Fatehgarh Sahib,Khera,over_exploited
4106,PUNJAB,Fatehgarh Sahib,Sirhind,over_exploited
4107,PUNJAB,Fazilka,Abohar,safe
4108,PUNJAB,Fazilka,Arniwala Sheikh Subanpur,semi_critical
4109,PUNJAB,Fazilka,Fazilka,safe
4110,PUNJAB,Fazilka,Jalalabad,over_exploited
4111,PUNJAB,Fazilka,Khuian Sarwar,safe
4112,PUNJAB,Firozpur,Firozpur,critical
4113,PUNJAB,Firozpur,Ghall Khurd,over_exploited
4114,PUNJAB,Firozpur,Guruhar Sahai,safe
4115,PUNJAB,Firozpur,Makhu,semi_critical
4116,PUNJAB,Firozpur,Mamdot,critical
4117,PUNJAB,Firozpur,Zira,over_exploited
4118,PUNJAB,Gurdaspur,Batala,over_exploited
4119,PUNJAB,Gurdaspur,Dera Baba Nanak,over_exploited
4120,PUNJAB,Gurdaspur,Dhariwal,over_exploited
4121,PUNJAB,Gurdaspur,Dina Nagar,safe
4122,PUNJAB,Gurdaspur,Dorangala,semi_critical
4123,PUNJAB,Gurdaspur,Fatehgarh Churian,over_exploited
4124,PUNJAB,Gurdaspur,Gurdaspur,over_exploited
4125,PUNJAB,Gurdaspur,Kahnuwan,over_exploited
4126,PUNJAB,Gurdaspur,Kalanaur,over_exploited
4127,PUNJAB,Gurdaspur,Qadian,critical
4128,PUNJAB,Gurdaspur,Sri Hargobindpur,critical
4129,PUNJAB,Hoshiarpur,Bhunga,critical
4130,PUNJAB,Hoshiarpur,Dasuya,over_exploited
4131,PUNJAB,Hoshiarpur,Garh Shankar,over_exploited
4132,PUNJAB,Hoshiarpur,Hajipur,semi_critical
4133,PUNJAB,Hoshiarpur,Hoshiarpur-1,over_exploited
4134,PUNJAB,Hoshiarpur,Hoshiarpur-2,critical
4135,PUNJAB,Hoshiarpur,Mahilpur,over_exploited
4136,PUNJAB,Hoshiarpur,Mukerian,over_exploited
4137,PUNJAB,Hoshiarpur,Talwara,safe
4138,PUNJAB,Hoshiarpur,Tanda,over_exploited
4139,PUNJAB,Jalandhar,Adampur,over_exploited
4140,PUNJAB,Jalandhar,Bhogpur,over_exploited
4141,PUNJAB,Jalandhar,Jalandhar City,over_exploited
4142,PUNJAB,Jalandhar,Jalandhar East,over_exploited
4143,PUNJAB,Jalandhar,Jalandhar West,over_exploited
4144,PUNJAB,Jalandhar,Lohian,over_exploited
4145,PUNJAB,Jalandhar,Mehatpur,over_exploited
4146,PUNJAB,Jalandhar,Nakodar,over_exploited
4147,PUNJAB,Jalandhar,Nur Mahal,over_exploited
4148,PUNJAB,Jalandhar,Phillaur,over_exploited
4149,PUNJAB,Jalandhar,Rurka Kalan,over_exploited
4150,PUNJAB,Jalandhar,Shahkot,over_exploited
4151,PUNJAB,Kapurthala,Dhilwan,over_exploited
4152,PUNJAB,Kapurthala,Kapurthala,over_exploited
4153,PUNJAB,Kapurthala,Nadala,over_exploited
4154,PUNJAB,Kapurthala,Phagwara,over_exploited
4155,PUNJAB,Kapurthala,Sultanpur Lodhi,over_exploited
4156,PUNJAB,Ludhiana,Dehlon,over_exploited
4157,PUNJAB,Ludhiana,Doraha,over_exploited
4158,PUNJAB,Ludhiana,Jagraon,over_exploited
4159,PUNJAB,Ludhiana,Khanna,over_exploited
4160,PUNJAB,Ludhiana,Ludhiana City,over_exploited
4161,PUNJAB,Ludhiana,Ludhiana-1,over_exploited
4162,PUNJAB,Ludhiana,Ludhiana-2,over_exploited
4163,PUNJAB,Ludhiana,Machhiwara,over_exploited
4164,PUNJAB,Ludhiana,Maloud,over_exploited
4165,PUNJAB,Ludhiana,Pakhowal,over_exploited
4166,PUNJAB,Ludhiana,Raikot,over_exploited
4167,PUNJAB,Ludhiana,Samrala,over_exploited
4168,PUNJAB,Ludhiana,Sidhwan Bet,over_exploited
4169,PUNJAB,Ludhiana,Sudhar,over_exploited
4170,PUNJAB,Malerkotla,Malerkotla-1,over_exploited
4171,PUNJAB,Malerkotla,Malerkotla-2,over_exploited
4172,PUNJAB,Mansa,Bhikhi,over_exploited
4173,PUNJAB,Mansa,Budhlada,critical
4174,PUNJAB,Mansa,Jhunir,safe
4175,PUNJAB,Mansa,Mansa,over_exploited
4176,PUNJAB,Mansa,Sardulgarh,semi_critical
4177,PUNJAB,Moga,Bagha Purana,over_exploited
4178,PUNJAB,Moga,Kot Ise Khan At Dharamkot,over_exploited
4179,PUNJAB,Moga,Moga-1,over_exploited
4180,PUNJAB,Moga,Moga-2,over_exploited
4181,PUNJAB,Moga,Nihal Singh Wala,over_exploited
4182,PUNJAB,Muktsar,Kot Bhai At Gidderbaha,safe
4183,PUNJAB,Muktsar,Lambi,safe
4184,PUNJAB,Muktsar,Malout,safe
4185,PUNJAB,Muktsar,Muktsar,safe
4186,PUNJAB,Pathankot,Bamial,semi_critical
4187,PUNJAB,Pathankot,Dhar Kalan,safe
4188,PUNJAB,Pathankot,Gharota,safe
4189,PUNJAB,Pathankot,Narot Jaimal Singh,semi_critical
4190,PUNJAB,Pathankot,Pathankot,safe
4191,PUNJAB,Pathankot,Sujanpur,safe
4192,PUNJAB,Patiala,Bhunarheri,over_exploited
4193,PUNJAB,Patiala,Ghanaur,over_exploited
4194,PUNJAB,Patiala,Nabha,over_exploited
4195,PUNJAB,Patiala,Patiala,over_exploited
4196,PUNJAB,Patiala,Patran,over_exploited
4197,PUNJAB,Patiala,Rajpura,over_exploited
4198,PUNJAB,Patiala,Samana,over_exploited
4199,PUNJAB,Patiala,Sanaur,over_exploited
4200,PUNJAB,Patiala,Shambu Kalan,over_exploited
4201,PUNJAB,Rupnagar,Anandpur Sahib,semi_critical
4202,PUNJAB,Rupnagar,Chamkaur Sahib,over_exploited
4203,PUNJAB,Rupnagar,Morinda,over_exploited
4204,PUNJAB,Rupnagar,Nurpur Bedi,safe
4205,PUNJAB,Rupnagar,Rupnagar,safe
4206,PUNJAB,Sangrur,Andana,over_exploited
4207,PUNJAB,Sangrur,Bhawanigarh,over_exploited
4208,PUNJAB,Sangrur,Dhuri,over_exploited
4209,PUNJAB,Sangrur,Dirba,over_exploited
4210,PUNJAB,Sangrur,Lehra Gaga,over_exploited
4211,PUNJAB,Sangrur,Sangrur,over_exploited
4212,PUNJAB,Sangrur,Sher Pur,over_exploited
4213,PUNJAB,Sangrur,Sunam,over_exploited
4214,PUNJAB,SAS Nagar,Derabassi,over_exploited
4215,PUNJAB,SAS Nagar,Kharar,critical
4216,PUNJAB,SAS Nagar,Majri,semi_critical
4217,PUNJAB,SBS Nagar,Aur,critical
4218,PUNJAB,SBS Nagar,Balachaur,semi_critical
4219,PUNJAB,SBS Nagar,Banga,over_exploited
4220,PUNJAB,SBS Nagar,Nawan Shahr,over_exploited
4221,PUNJAB,SBS Nagar,Saroya,semi_critical
4222,PUNJAB,Tarn Taran,Bhikhiwind,over_exploited
4223,PUNJAB,Tarn Taran,Chohla Sahib,over_exploited
4224,PUNJAB,Tarn Taran,Gandiwind Tatla,over_exploited
4225,PUNJAB,Tarn Taran,Khadur Sahib,over_exploited
4226,PUNJAB,Tarn Taran,Naushera Pannuan,over_exploited
4227,PUNJAB,Tarn Taran,Patti,over_exploited
4228,PUNJAB,Tarn Taran,Tarn Taran,over_exploited
4229,PUNJAB,Tarn Taran,Valtoha,over_exploited
4230,RAJASTHAN,AJMER,AJMER_URBAN,over_exploited
4231,RAJASTHAN,AJMER,ARAIN,over_exploited
4232,RAJASTHAN,AJMER,BHINAY,over_exploited
4233,RAJASTHAN,AJMER,JAWAJA,over_exploited
4234,RAJASTHAN,AJMER,KEKRI,over_exploited
4235,RAJASTHAN,AJMER,KISHANGARH,over_exploited
4236,RAJASTHAN,AJMER,MASOODA,over_exploited
4237,RAJASTHAN,AJMER,PEESANGAN_RURAL,over_exploited
4238,RAJASTHAN,AJMER,SARWAR,over_exploited
4239,RAJASTHAN,AJMER,SHRINAGAR_RURAL,over_exploited
4240,RAJASTHAN,ALWAR,BANSUR,over_exploited
4241,RAJASTHAN,ALWAR,BEHROR,over_exploited
4242,RAJASTHAN,ALWAR,KATHUMAR,over_exploited
4243,RAJASTHAN,ALWAR,KISHANGARH BAS,over_exploited
4244,RAJASTHAN,ALWAR,KOTKASIM,over_exploited
4245,RAJASTHAN,ALWAR,LAXMANGARH,over_exploited
4246,RAJASTHAN,ALWAR,MANDAWAR,over_exploited
4247,RAJASTHAN,ALWAR,NEEMRANA,over_exploited
4248,RAJASTHAN,ALWAR,RAJGARH,over_exploited
4249,RAJASTHAN,ALWAR,RAMGARH,over_exploited
4250,RAJASTHAN,ALWAR,RENI,over_exploited
4251,RAJASTHAN,ALWAR,THANAGAZI,over_exploited
4252,RAJASTHAN,ALWAR,TIJARA,over_exploited
4253,RAJASTHAN,ALWAR,UMREN,over_exploited
4254,RAJASTHAN,BANSWARA,ANANDPURI,critical
4255,RAJASTHAN,BANSWARA,ARTHOONA,safe
4256,RAJASTHAN,BANSWARA,BAGIDORA,semi_critical
4257,RAJASTHAN,BANSWARA,BANSWARA,safe
4258,RAJASTHAN,BANSWARA,CHHOTISARVAN,safe
4259,RAJASTHAN,BANSWARA,GANGAR TALAI,semi_critical
4260,RAJASTHAN,BANSWARA,GARHI,semi_critical
4261,RAJASTHAN,BANSWARA,GHATOL,safe
4262,RAJASTHAN,BANSWARA,KUSHALGARH,critical
4263,RAJASTHAN,BANSWARA,SAJJANGARH,safe
4264,RAJASTHAN,BANSWARA,TALWARA,safe
4265,RAJASTHAN,BARAN,ANTAH,semi_critical
4266,RAJASTHAN,BARAN,ATRU,over_exploited
4267,RAJASTHAN,BARAN,BARAN,over_exploited
4268,RAJASTHAN,BARAN,CHHABRA,over_exploited
4269,RAJASTHAN,BARAN,CHHIPABAROD,over_exploited
4270,RAJASTHAN,BARAN,KISHANGANJ,critical
4271,RAJASTHAN,BARAN,SHAHBAD,critical
4272,RAJASTHAN,BARMER,BALOTRA,over_exploited
4273,RAJASTHAN,BARMER,BARMER,over_exploited
4274,RAJASTHAN,BARMER,BAYTOO,over_exploited
4275,RAJASTHAN,BARMER,CHOHTAN,semi_critical
4276,RAJASTHAN,BARMER,DHANAOO,critical
4277,RAJASTHAN,BARMER,DHORIMANNA,over_exploited
4278,RAJASTHAN,BARMER,GADRAROAD,over_exploited
4279,RAJASTHAN,BARMER,GIRA,over_exploited
4280,RAJASTHAN,BARMER,GUDHAMALANI,critical
4281,RAJASTHAN,BARMER,KALYANPUR,semi_critical
4282,RAJASTHAN,BARMER,PATODI,semi_critical
4283,RAJASTHAN,BARMER,RAMSAR,over_exploited
4284,RAJASTHAN,BARMER,SAMDARI,over_exploited
4285,RAJASTHAN,BARMER,SERWA,over_exploited
4286,RAJASTHAN,BARMER,SHEO,over_exploited
4287,RAJASTHAN,BARMER,SINDHARI,over_exploited
4288,RAJASTHAN,BARMER,SIWANA,over_exploited
4289,RAJASTHAN,BHARATPUR,BAYANA,over_exploited
4290,RAJASTHAN,BHARATPUR,DEEG,over_exploited
4291,RAJASTHAN,BHARATPUR,KAMAN,over_exploited
4292,RAJASTHAN,BHARATPUR,KUMHER,over_exploited
4293,RAJASTHAN,BHARATPUR,NADBAI,over_exploited
4294,RAJASTHAN,BHARATPUR,NAGAR,over_exploited
4295,RAJASTHAN,BHARATPUR,PAHARI,over_exploited
4296,RAJASTHAN,BHARATPUR,RUPBAS,over_exploited
4297,RAJASTHAN,BHARATPUR,SEWAR,over_exploited
4298,RAJASTHAN,BHARATPUR,WEIR,over_exploited
4299,RAJASTHAN,BHILWARA,ASIND,over_exploited
4300,RAJASTHAN,BHILWARA,BANERA,over_exploited
4301,RAJASTHAN,BHILWARA,BIJOLIYAN,over_exploited
4302,RAJASTHAN,BHILWARA,HURDA,over_exploited
4303,RAJASTHAN,BHILWARA,JAHAZPUR,over_exploited
4304,RAJASTHAN,BHILWARA,KOTRI,over_exploited
4305,RAJASTHAN,BHILWARA,MANDAL,over_exploited
4306,RAJASTHAN,BHILWARA,MANDALGARH,over_exploited
4307,RAJASTHAN,BHILWARA,RAIPUR,over_exploited
4308,RAJASTHAN,BHILWARA,SAHARA,over_exploited
4309,RAJASTHAN,BHILWARA,SHAHPURA,over_exploited
4310,RAJASTHAN,BHILWARA,SUWANA,over_exploited
4311,RAJASTHAN,BIKANER,BIKANER_RURAL,over_exploited
4312,RAJASTHAN,BIKANER,BIKANER_URBAN,safe
4313,RAJASTHAN,BIKANER,DUNGARGARH,over_exploited
4315,RAJASTHAN,BIKANER,KOLAYAT,safe
4316,RAJASTHAN,BIKANER,LUNKARANSAR,safe
4317,RAJASTHAN,BIKANER,NOKHA,over_exploited
4318,RAJASTHAN,BIKANER,PANCHOO,semi_critical
4319,RAJASTHAN,BUNDI,BUNDI,over_exploited
4320,RAJASTHAN,BUNDI,HINDOLI,over_exploited
4321,RAJASTHAN,BUNDI,KESHORAI PATAN,semi_critical
4322,RAJASTHAN,BUNDI,NAINWA,over_exploited
4323,RAJASTHAN,BUNDI,TALERA,safe
4324,RAJASTHAN,CHITTAURGARH,BARI SADRI,over_exploited
4325,RAJASTHAN,CHITTAURGARH,BEGUN,over_exploited
4326,RAJASTHAN,CHITTAURGARH,BHADESAR,over_exploited
4327,RAJASTHAN,CHITTAURGARH,BHAINSRORGARH,over_exploited
4328,RAJASTHAN,CHITTAURGARH,BHOPALSAGAR,over_exploited
4329,RAJASTHAN,CHITTAURGARH,CHITTAURGARH,over_exploited
4330,RAJASTHAN,CHITTAURGARH,DUNGLA,over_exploited
4331,RAJASTHAN,CHITTAURGARH,GANGRAR,over_exploited
4332,RAJASTHAN,CHITTAURGARH,KAPASAN,over_exploited
4333,RAJASTHAN,CHITTAURGARH,NIMBAHERA,over_exploited
4334,RAJASTHAN,CHITTAURGARH,RASHMI,over_exploited
4335,RAJASTHAN,CHURU,BIDASAR,over_exploited
4336,RAJASTHAN,CHURU,CHURU,over_exploited
4337,RAJASTHAN,CHURU,RAJGARH,over_exploited
4338,RAJASTHAN,CHURU,RATANGARH,over_exploited
4339,RAJASTHAN,CHURU,SARDARSHAHAR,safe
4340,RAJASTHAN,CHURU,SUJANGARH,over_exploited
4342,RAJASTHAN,DAUSA,BANDIKUI,over_exploited
4343,RAJASTHAN,DAUSA,DAUSA,over_exploited
4344,RAJASTHAN,DAUSA,LALSOT,over_exploited
4345,RAJASTHAN,DAUSA,LAWAN,over_exploited
4346,RAJASTHAN,DAUSA,MAHWA,over_exploited
4347,RAJASTHAN,DAUSA,SIKRAI,over_exploited
4348,RAJASTHAN,DHAULPUR,BARI,over_exploited
4349,RAJASTHAN,DHAULPUR,BASERI,over_exploited
4350,RAJASTHAN,DHAULPUR,DHAULPUR,over_exploited
4351,RAJASTHAN,DHAULPUR,RAJAKHERA,over_exploited
4352,RAJASTHAN,DHAULPUR,SAIPU,over_exploited
4353,RAJASTHAN,DUNGARPUR,ASPUR,safe
4354,RAJASTHAN,DUNGARPUR,BICHHIWARA,safe
4355,RAJASTHAN,DUNGARPUR,CHEEKHLI,safe
4356,RAJASTHAN,DUNGARPUR,DOVRA,semi_critical
4357,RAJASTHAN,DUNGARPUR,DUNGARPUR,safe
4358,RAJASTHAN,DUNGARPUR,GALIAKOT,safe
4359,RAJASTHAN,DUNGARPUR,JHONTHRI,safe
4360,RAJASTHAN,DUNGARPUR,SABLA,safe
4361,RAJASTHAN,DUNGARPUR,SAGWARA,semi_critical
4362,RAJASTHAN,DUNGARPUR,SIMALWARA,safe
4363,RAJASTHAN,GANGANAGAR,ANUPGARH,safe
4364,RAJASTHAN,GANGANAGAR,GANGANAGAR,semi_critical
4365,RAJASTHAN,GANGANAGAR,GHADSANA,safe
4366,RAJASTHAN,GANGANAGAR,KARANPUR,safe
4367,RAJASTHAN,GANGANAGAR,PADAMPUR,safe
4368,RAJASTHAN,GANGANAGAR,RAISINGHNAGAR,safe
4369,RAJASTHAN,GANGANAGAR,SADULSHAHAR,safe
4370,RAJASTHAN,GANGANAGAR,SRI VIJAYNAGAR,safe
4371,RAJASTHAN,GANGANAGAR,SURATGARH,safe
4372,RAJASTHAN,HANUMANGARH,BHADRA,safe
4373,RAJASTHAN,HANUMANGARH,HANUMANGARH,safe
4374,RAJASTHAN,HANUMANGARH,NOHAR,safe
4375,RAJASTHAN,HANUMANGARH,PILIBANGA,semi_critical
4377,RAJASTHAN,HANUMANGARH,SANGARIYA,safe
4378,RAJASTHAN,HANUMANGARH,TIBI,safe
4379,RAJASTHAN,JAIPUR,AMBER_RURAL,over_exploited
4380,RAJASTHAN,JAIPUR,BASSI,over_exploited
4381,RAJASTHAN,JAIPUR,CHAKSU,over_exploited
4382,RAJASTHAN,JAIPUR,DUDU,over_exploited
4383,RAJASTHAN,JAIPUR,GOVINDGARH,over_exploited
4384,RAJASTHAN,JAIPUR,JAIPUR_URBAN,over_exploited
4385,RAJASTHAN,JAIPUR,JALSOO,over_exploited
4386,RAJASTHAN,JAIPUR,JAMWA RAMGARH,over_exploited
4387,RAJASTHAN,JAIPUR,JHOTWARA_RURAL,over_exploited
4388,RAJASTHAN,JAIPUR,KOTPUTLI,over_exploited
4389,RAJASTHAN,JAIPUR,PAOTA,over_exploited
4390,RAJASTHAN,JAIPUR,PHAGI,over_exploited
4391,RAJASTHAN,JAIPUR,SAMBHAR,over_exploited
4392,RAJASTHAN,JAIPUR,SANGANER_RURAL,over_exploited
4393,RAJASTHAN,JAIPUR,SHAHPURA,over_exploited
4394,RAJASTHAN,JAIPUR,VIRATNAGAR,over_exploited
4395,RAJASTHAN,JAISALMER,JAISALMER_RURAL,over_exploited
4396,RAJASTHAN,JAISALMER,JAISALMER_URBAN,over_exploited
4397,RAJASTHAN,JAISALMER,SAM,over_exploited
4398,RAJASTHAN,JAISALMER,SANKRA,over_exploited
4399,RAJASTHAN,JALOR,AHORE,over_exploited
4400,RAJASTHAN,JALOR,BHINMAL,over_exploited
4401,RAJASTHAN,JALOR,CHITALWANA,critical
4402,RAJASTHAN,JALOR,JALORE,over_exploited
4403,RAJASTHAN,JALOR,JASWANTPURA,over_exploited
4404,RAJASTHAN,JALOR,RANIWARA,over_exploited
4405,RAJASTHAN,JALOR,SANCHORE,over_exploited
4406,RAJASTHAN,JALOR,SAYLA,over_exploited
4407,RAJASTHAN,JHALAWAR,AKLERA,semi_critical
4408,RAJASTHAN,JHALAWAR,BAKANI,over_exploited
4409,RAJASTHAN,JHALAWAR,BHAWANI MANDI,semi_critical
4410,RAJASTHAN,JHALAWAR,DAG,over_exploited
4411,RAJASTHAN,JHALAWAR,JHALRAPATAN,over_exploited
4412,RAJASTHAN,JHALAWAR,KHANPUR,over_exploited
4413,RAJASTHAN,JHALAWAR,MANOHAR THANA,semi_critical
4414,RAJASTHAN,JHALAWAR,PIRAWA,safe
4415,RAJASTHAN,JHUNJHUNU,ALSISAR,over_exploited
4416,RAJASTHAN,JHUNJHUNU,BUHANA,over_exploited
4417,RAJASTHAN,JHUNJHUNU,CHIRAWA,over_exploited
4418,RAJASTHAN,JHUNJHUNU,JHUNJHUNUN,over_exploited
4419,RAJASTHAN,JHUNJHUNU,KHETRI,over_exploited
4420,RAJASTHAN,JHUNJHUNU,NAWALGARH,over_exploited
4421,RAJASTHAN,JHUNJHUNU,SURAJGARH,over_exploited
4422,RAJASTHAN,JHUNJHUNU,UDAIPURWATI,over_exploited
4423,RAJASTHAN,JODHPUR,BALESAR,over_exploited
4424,RAJASTHAN,JODHPUR,BAORI,over_exploited
4425,RAJASTHAN,JODHPUR,BAP,over_exploited
4426,RAJASTHAN,JODHPUR,BAPINI,over_exploited
4427,RAJASTHAN,JODHPUR,BHOPALGARH,over_exploited
4428,RAJASTHAN,JODHPUR,BILARA,over_exploited
4429,RAJASTHAN,JODHPUR,DECHOO,over_exploited
4430,RAJASTHAN,JODHPUR,JODHPUR_URBAN,semi_critical
4431,RAJASTHAN,JODHPUR,LOHAWAT,over_exploited
4432,RAJASTHAN,JODHPUR,LUNI,critical
4433,RAJASTHAN,JODHPUR,MANDOR_RURAL,over_exploited
4434,RAJASTHAN,JODHPUR,OSIAN,over_exploited
4435,RAJASTHAN,JODHPUR,PHALODI,over_exploited
4436,RAJASTHAN,JODHPUR,PIPAR CITY,over_exploited
4437,RAJASTHAN,JODHPUR,SHEKHALA,over_exploited
4438,RAJASTHAN,JODHPUR,SHERGARH,over_exploited
4439,RAJASTHAN,JODHPUR,TIWARI,over_exploited
4440,RAJASTHAN,KARAULI,HINDAUN,over_exploited
4441,RAJASTHAN,KARAULI,KARAULI,over_exploited
4442,RAJASTHAN,KARAULI,MANDRAIL,over_exploited
4443,RAJASTHAN,KARAULI,NADOTI,safe
4444,RAJASTHAN,KARAULI,SAPOTRA,over_exploited
4445,RAJASTHAN,KARAULI,TODABHIM,over_exploited
4446,RAJASTHAN,KOTA,ITAWA,semi_critical
4447,RAJASTHAN,KOTA,KHAIRABAD,over_exploited
4448,RAJASTHAN,KOTA,KOTA_URBAN,over_exploited
4449,RAJASTHAN,KOTA,LADPURA_RURAL,over_exploited
4450,RAJASTHAN,KOTA,SANGOD,over_exploited
4451,RAJASTHAN,KOTA,SULTANPUR,semi_critical
4452,RAJASTHAN,NAGAUR,DEGANA,over_exploited
4453,RAJASTHAN,NAGAUR,DIDWANA,over_exploited
4454,RAJASTHAN,NAGAUR,JAYAL,over_exploited
4455,RAJASTHAN,NAGAUR,KHEENVSAR,over_exploited
4456,RAJASTHAN,NAGAUR,KUCHAMAN CITY,over_exploited
4457,RAJASTHAN,NAGAUR,LADNU,over_exploited
4458,RAJASTHAN,NAGAUR,MAKRANA,critical
4459,RAJASTHAN,NAGAUR,MERTA,over_exploited
4460,RAJASTHAN,NAGAUR,MOLASAR,over_exploited
4461,RAJASTHAN,NAGAUR,MUNDWA,over_exploited
4462,RAJASTHAN,NAGAUR,NAGAUR,over_exploited
4463,RAJASTHAN,NAGAUR,NAWA,over_exploited
4464,RAJASTHAN,NAGAUR,PARBATSAR,over_exploited
4465,RAJASTHAN,NAGAUR,RIYAN BARI,over_exploited
4466,RAJASTHAN,PALI,BALI,over_exploited
4467,RAJASTHAN,PALI,DESURI,over_exploited
4468,RAJASTHAN,PALI,JAITARAN,over_exploited
4469,RAJASTHAN,PALI,KHARCHI (MARWAR JUNCTION),over_exploited
4470,RAJASTHAN,PALI,PALI,semi_critical
4471,RAJASTHAN,PALI,RAIPUR,over_exploited
4472,RAJASTHAN,PALI,RANI STATION,over_exploited
4473,RAJASTHAN,PALI,ROHAT,safe
4474,RAJASTHAN,PALI,SOJAT,over_exploited
4475,RAJASTHAN,PALI,SUMERPUR,over_exploited
4476,RAJASTHAN,PRATAPGARH,ARNOD,over_exploited
4477,RAJASTHAN,PRATAPGARH,CHHOTI SADRI,over_exploited
4478,RAJASTHAN,PRATAPGARH,DHARIAWAD,critical
4479,RAJASTHAN,PRATAPGARH,PEEPALKHOONT,semi_critical
4480,RAJASTHAN,PRATAPGARH,PRATAPGARH,over_exploited
4481,RAJASTHAN,RAJSAMAND,AMET,over_exploited
4482,RAJASTHAN,RAJSAMAND,BHIM,over_exploited
4483,RAJASTHAN,RAJSAMAND,DEOGARH,over_exploited
4484,RAJASTHAN,RAJSAMAND,KHAMNOR,critical
4485,RAJASTHAN,RAJSAMAND,KUMBHALGARH,critical
4486,RAJASTHAN,RAJSAMAND,RAILMAGRA,over_exploited
4487,RAJASTHAN,RAJSAMAND,RAJSAMAND,over_exploited
4488,RAJASTHAN,SAWAI MADHOPUR,BAMANWAS,over_exploited
4489,RAJASTHAN,SAWAI MADHOPUR,BONLI,over_exploited
4490,RAJASTHAN,SAWAI MADHOPUR,CHAUTH KA BARWARA,over_exploited
4491,RAJASTHAN,SAWAI MADHOPUR,GANGAPUR,over_exploited
4492,RAJASTHAN,SAWAI MADHOPUR,KHANDAR,over_exploited
4493,RAJASTHAN,SAWAI MADHOPUR,SAWAI MADHOPUR,over_exploited
4494,RAJASTHAN,SIKAR,DANTA RAMGARH,over_exploited
4495,RAJASTHAN,SIKAR,DHOND,over_exploited
4496,RAJASTHAN,SIKAR,FATEHPUR,semi_critical
4497,RAJASTHAN,SIKAR,KHANDELA,over_exploited
4498,RAJASTHAN,SIKAR,LACHHMANGARH,over_exploited
4499,RAJASTHAN,SIKAR,NEEM KA THANA,over_exploited
4500,RAJASTHAN,SIKAR,PATAN,over_exploited
4501,RAJASTHAN,SIKAR,PIPRALI,over_exploited
4502,RAJASTHAN,SIKAR,SRIMADHOPUR,over_exploited
4503,RAJASTHAN,SIROHI,ABU ROAD,over_exploited
4504,RAJASTHAN,SIROHI,PINDWARA,critical
4505,RAJASTHAN,SIROHI,REODAR,over_exploited
4506,RAJASTHAN,SIROHI,SHEOGANJ,over_exploited
4507,RAJASTHAN,SIROHI,SIROHI,critical
4508,RAJASTHAN,TONK,DEOLI,semi_critical
4509,RAJASTHAN,TONK,MALPURA,over_exploited
4510,RAJASTHAN,TONK,NIWAI,over_exploited
4511,RAJASTHAN,TONK,TODARAISINGH,safe
4512,RAJASTHAN,TONK,TONK,semi_critical
4513,RAJASTHAN,TONK,UNIARA,critical
4514,RAJASTHAN,UDAIPUR,BARGAON,over_exploited
4515,RAJASTHAN,UDAIPUR,BHINDAR,critical
4516,RAJASTHAN,UDAIPUR,GIRWA_RURAL,critical
4517,RAJASTHAN,UDAIPUR,GOGUNDA,critical
4518,RAJASTHAN,UDAIPUR,JHADOL,critical
4519,RAJASTHAN,UDAIPUR,JHALARA,semi_critical
4520,RAJASTHAN,UDAIPUR,KHERWARA,over_exploited
4521,RAJASTHAN,UDAIPUR,KOTRA,over_exploited
4522,RAJASTHAN,UDAIPUR,KURAWAR,critical
4523,RAJASTHAN,UDAIPUR,LASADIYA,over_exploited
4524,RAJASTHAN,UDAIPUR,MAVLI,over_exploited
4525,RAJASTHAN,UDAIPUR,PHALASIYA,critical
4526,RAJASTHAN,UDAIPUR,RISHABHDEV,over_exploited
4527,RAJASTHAN,UDAIPUR,SALUMBAR,semi_critical
4528,RAJASTHAN,UDAIPUR,SARADA,semi_critical
4529,RAJASTHAN,UDAIPUR,SAYRA,critical
4530,RAJASTHAN,UDAIPUR,SEMARI,critical
4531,RAJASTHAN,UDAIPUR,UDAIPUR_URBAN,over_exploited
4532,SIKKIM,Gangtok,Gangtok / Nandok,safe
4533,SIKKIM,Gangtok,Gangtok_ROA,safe
4534,SIKKIM,Gangtok,Khamdong,safe
4535,SIKKIM,Gangtok,Martam,safe
4536,SIKKIM,Gangtok,Rakdong Tintek,safe
4537,SIKKIM,Gangtok,Ranka,safe
4538,SIKKIM,Gyalsingh,Arithang Chongrang,safe
4539,SIKKIM,Gyalsingh,Dentam,safe
4540,SIKKIM,Gyalsingh,Gyalsingh,safe
4541,SIKKIM,Gyalsingh,Gyalsingh_ROA,safe
4542,SIKKIM,Gyalsingh,Hee Martam,safe
4543,SIKKIM,Gyalsingh,Yuksom,safe
4544,SIKKIM,Mangan,Chunthang,safe
4545,SIKKIM,Mangan,Dzongu / Passingdang,safe
4546,SIKKIM,Mangan,Kabi Tingda,safe
4547,SIKKIM,Mangan,Mangan,safe
4548,SIKKIM,Namchi,Jorethang,safe
4549,SIKKIM,Namchi,Melli Sumbuk,safe
4550,SIKKIM,Namchi,Namchi,safe
4551,SIKKIM,Namchi,Namchi_ROA,safe
4552,SIKKIM,Namchi,Namthang,safe
4553,SIKKIM,Namchi,Ravangla,safe
4554,SIKKIM,Namchi,Temi Tarku,safe
4555,SIKKIM,Namchi,Wok Sikkip,safe
4556,SIKKIM,Namchi,Yangdang,safe
4557,SIKKIM,Pakyong,Duga,safe
4558,SIKKIM,Pakyong,Namchibong,safe
4559,SIKKIM,Pakyong,Pakyong,safe
4560,SIKKIM,Pakyong,Pakyong_ROA,safe
4561,SIKKIM,Pakyong,Parkha,safe
4562,SIKKIM,Pakyong,Regu,safe
4563,SIKKIM,Pakyong,Rhenock,safe
4564,SIKKIM,Soreng,Baiguney,safe
4565,SIKKIM,Soreng,Chumbung-Chakung,safe
4566,SIKKIM,Soreng,Daramdin,safe
4567,SIKKIM,Soreng,Kaluk,safe
4568,SIKKIM,Soreng,Mangalbarey,safe
4569,SIKKIM,Soreng,Soreng,safe
4570,TAMILNADU,ARIYALUR,ANDIMADAM,semi_critical
4571,TAMILNADU,ARIYALUR,ARIYALUR,safe
4572,TAMILNADU,ARIYALUR,SENDURAI,safe
4573,TAMILNADU,ARIYALUR,UDAYARPALAYAM,safe
4574,TAMILNADU,CHENGALPATTU,CHENGALPATTU,semi_critical
4575,TAMILNADU,CHENGALPATTU,CHEYYUR,safe
4576,TAMILNADU,CHENGALPATTU,MADHURANTAKAM,safe
4577,TAMILNADU,CHENGALPATTU,PALLAVARAM,safe
4578,TAMILNADU,CHENGALPATTU,TAMBARAM,safe
4579,TAMILNADU,CHENGALPATTU,THIRUKKALUKUNDRAM,semi_critical
4580,TAMILNADU,CHENGALPATTU,THIRUPPORUR,safe
4581,TAMILNADU,CHENGALPATTU,VANDALUR,safe
4582,TAMILNADU,CHENNAI,ALANDUR,semi_critical
4583,TAMILNADU,CHENNAI,AMBATTUR,over_exploited
4584,TAMILNADU,CHENNAI,AMINJIKARAI,over_exploited
4585,TAMILNADU,CHENNAI,AYANAVARAM,over_exploited
4586,TAMILNADU,CHENNAI,EGMORE,over_exploited
4587,TAMILNADU,CHENNAI,GUINDY,over_exploited
4588,TAMILNADU,CHENNAI,MADHAVARAM,semi_critical
4589,TAMILNADU,CHENNAI,MADURAVOYAL,over_exploited
4590,TAMILNADU,CHENNAI,MAMBALAM,over_exploited
4591,TAMILNADU,CHENNAI,MYLAPORE,over_exploited
4592,TAMILNADU,CHENNAI,PERAMBUR,over_exploited
4593,TAMILNADU,CHENNAI,PURASAIVAKKAM,over_exploited
4594,TAMILNADU,CHENNAI,SHOLINGANALLUR,safe
4595,TAMILNADU,CHENNAI,THIRUVOTTIYUR,over_exploited
4596,TAMILNADU,CHENNAI,TONDIARPET,over_exploited
4597,TAMILNADU,CHENNAI,VELACHERI,over_exploited
4598,TAMILNADU,COIMBATORE,ANAMALAI,safe
4599,TAMILNADU,COIMBATORE,ANNUR,over_exploited
4600,TAMILNADU,COIMBATORE,COIMBATORE NORTH,over_exploited
4601,TAMILNADU,COIMBATORE,COIMBATORE SOUTH,over_exploited
4602,TAMILNADU,COIMBATORE,KINATHUKADAVU,over_exploited
4603,TAMILNADU,COIMBATORE,MADUKARAI,semi_critical
4604,TAMILNADU,COIMBATORE,METTUPALAYAM,over_exploited
4605,TAMILNADU,COIMBATORE,PERUR,over_exploited
4606,TAMILNADU,COIMBATORE,POLLACHI,over_exploited
4607,TAMILNADU,COIMBATORE,SULUR,over_exploited
4608,TAMILNADU,COIMBATORE,VALPARAI,critical
4609,TAMILNADU,CUDDALORE,BHUVANAGIRI,safe
4610,TAMILNADU,CUDDALORE,CHIDAMBARAM,safe
4611,TAMILNADU,CUDDALORE,CUDDALORE,critical
4612,TAMILNADU,CUDDALORE,KATTUMANNARKOIL,safe
4613,TAMILNADU,CUDDALORE,KURINJIPADI,safe
4614,TAMILNADU,CUDDALORE,PANRUTTI,critical
4615,TAMILNADU,CUDDALORE,SRIMUSHNAM,safe
4616,TAMILNADU,CUDDALORE,TITAGUDI,over_exploited
4617,TAMILNADU,CUDDALORE,VEPPUR,over_exploited
4618,TAMILNADU,CUDDALORE,VRIDHACHALAM,over_exploited
4619,TAMILNADU,DHARMAPURI,DHARMAPURI,semi_critical
4620,TAMILNADU,DHARMAPURI,HARUR,safe
4621,TAMILNADU,DHARMAPURI,KARIMANGALAM,over_exploited
4622,TAMILNADU,DHARMAPURI,NALLAMPALLI,semi_critical
4623,TAMILNADU,DHARMAPURI,PALACODE,critical
4624,TAMILNADU,DHARMAPURI,PAPPIREDDIPATTI,over_exploited
4625,TAMILNADU,DHARMAPURI,PENNAGARAM,semi_critical
4626,TAMILNADU,DINDIGUL,ATHOOR,over_exploited
4627,TAMILNADU,DINDIGUL,DINDIGUL EAST,over_exploited
4628,TAMILNADU,DINDIGUL,DINDIGUL WEST,over_exploited
4629,TAMILNADU,DINDIGUL,GUJILIAMPARAI,over_exploited
4630,TAMILNADU,DINDIGUL,KODAIKANAL,safe
4631,TAMILNADU,DINDIGUL,NATHAM,semi_critical
4632,TAMILNADU,DINDIGUL,NILAKOTTAI,over_exploited
4633,TAMILNADU,DINDIGUL,ODDENCHATRAM,over_exploited
4634,TAMILNADU,DINDIGUL,PALANI,semi_critical
4635,TAMILNADU,DINDIGUL,VEDASANDUR,over_exploited
4636,TAMILNADU,ERODE,ANTHIYUR,semi_critical
4637,TAMILNADU,ERODE,BHAVANI,safe
4638,TAMILNADU,ERODE,ERODE,semi_critical
4639,TAMILNADU,ERODE,GOBICHETTIPALAYAM,safe
4640,TAMILNADU,ERODE,KODUMUDI,semi_critical
4641,TAMILNADU,ERODE,MODAKURICHI,semi_critical
4642,TAMILNADU,ERODE,NAMBIYUR,over_exploited
4643,TAMILNADU,ERODE,PERUNDURAI,over_exploited
4644,TAMILNADU,ERODE,SATHYAMANGALAM,critical
4645,TAMILNADU,ERODE,THALAVADI,safe
4646,TAMILNADU,KALLAKURICHCHI,CHINNA SELAM,over_exploited
4647,TAMILNADU,KALLAKURICHCHI,KALLAKURICHCHI,over_exploited
4648,TAMILNADU,KALLAKURICHCHI,KALVARAYAN HILLS,semi_critical
4649,TAMILNADU,KALLAKURICHCHI,SANKARAPURAM,safe
4650,TAMILNADU,KALLAKURICHCHI,TIRUKKOILUR,safe
4651,TAMILNADU,KALLAKURICHCHI,ULUNDURPET,semi_critical
4652,TAMILNADU,KANCHEEPURAM,KANCHEEPURAM,safe
4653,TAMILNADU,KANCHEEPURAM,KUNDRATHUR,safe
4654,TAMILNADU,KANCHEEPURAM,SRIPERUMBUDUR,safe
4655,TAMILNADU,KANCHEEPURAM,UTHIRAMERUR,safe
4656,TAMILNADU,KANCHEEPURAM,WALAJABAD,safe
4657,TAMILNADU,KANNIYAKUMARI,AGASTHEESWARAM,safe
4658,TAMILNADU,KANNIYAKUMARI,KALKULAM,safe
4659,TAMILNADU,KANNIYAKUMARI,KILLIYUR,safe
4660,TAMILNADU,KANNIYAKUMARI,THIRUVATTAR,safe
4661,TAMILNADU,KANNIYAKUMARI,THOVALAI,safe
4662,TAMILNADU,KANNIYAKUMARI,VILAVANCODE,safe
4663,TAMILNADU,KARUR,ARAVAKURICHI,critical
4664,TAMILNADU,KARUR,KADAVUR,over_exploited
4665,TAMILNADU,KARUR,KARUR,over_exploited
4666,TAMILNADU,KARUR,KRISHNARAYAPURAM,critical
4667,TAMILNADU,KARUR,KULITHALAI,critical
4668,TAMILNADU,KARUR,MANMANGALAM,over_exploited
4669,TAMILNADU,KARUR,PUGALUR,over_exploited
4670,TAMILNADU,KRISHNAGIRI,ANCHETTY,safe
4671,TAMILNADU,KRISHNAGIRI,BARGUR,over_exploited
4672,TAMILNADU,KRISHNAGIRI,DENKANIKOTTAI,safe
4673,TAMILNADU,KRISHNAGIRI,HOSUR,critical
4674,TAMILNADU,KRISHNAGIRI,KRISHNAGIRI,over_exploited
4675,TAMILNADU,KRISHNAGIRI,POCHAMPALLI,critical
4676,TAMILNADU,KRISHNAGIRI,SHOOLAGIRI,safe
4677,TAMILNADU,KRISHNAGIRI,UTHANGARAI,over_exploited
4678,TAMILNADU,MADURAI,KALLIKUDI,safe
4679,TAMILNADU,MADURAI,MADURAI EAST,safe
4680,TAMILNADU,MADURAI,MADURAI NORTH,safe
4681,TAMILNADU,MADURAI,MADURAI SOUTH,semi_critical
4682,TAMILNADU,MADURAI,MADURAI WEST,over_exploited
4683,TAMILNADU,MADURAI,MELUR,semi_critical
4684,TAMILNADU,MADURAI,PERAIYUR,semi_critical
4685,TAMILNADU,MADURAI,THIRUPPARANKUNDRAM,safe
4686,TAMILNADU,MADURAI,TIRUMANGALAM,safe
4687,TAMILNADU,MADURAI,USILAMPATTI,critical
4688,TAMILNADU,MADURAI,VADIPATTI,semi_critical
4689,TAMILNADU,MAYILADUTHURAI,KUTHALAM,over_exploited
4690,TAMILNADU,MAYILADUTHURAI,MAYILADUTHURAI,critical
4691,TAMILNADU,MAYILADUTHURAI,SIRKAZHI,over_exploited
4692,TAMILNADU,MAYILADUTHURAI,THARANGAMBADI,over_exploited
4697,TAMILNADU,NAMAKKAL,KOLLI HILLS,safe
4698,TAMILNADU,NAMAKKAL,KUMARAPALAYAM,semi_critical
4699,TAMILNADU,NAMAKKAL,MOHANUR,over_exploited
4700,TAMILNADU,NAMAKKAL,NAMAKKAL,over_exploited
4701,TAMILNADU,NAMAKKAL,PARAMATHI VELUR,over_exploited
4702,TAMILNADU,NAMAKKAL,RASIPURAM,over_exploited
4703,TAMILNADU,NAMAKKAL,SENDAMANGALAM,over_exploited
4704,TAMILNADU,NAMAKKAL,TIRUCHENGODE,critical
4705,TAMILNADU,PERAMBALUR,ALATHUR,over_exploited
4706,TAMILNADU,PERAMBALUR,KUNNAM,safe
4707,TAMILNADU,PERAMBALUR,PERAMBALUR,over_exploited
4708,TAMILNADU,PERAMBALUR,VEPPANTHATTAI,over_exploited
4709,TAMILNADU,PUDUKKOTTAI,ALANGUDY,safe
4710,TAMILNADU,PUDUKKOTTAI,ARANTANGI,safe
4711,TAMILNADU,PUDUKKOTTAI,AVADAIYARKOVIL,safe
4712,TAMILNADU,PUDUKKOTTAI,GANDARVAKOTTAI,semi_critical
4713,TAMILNADU,PUDUKKOTTAI,ILUPPUR,safe
4714,TAMILNADU,PUDUKKOTTAI,KARAMBAKUDI,safe
4715,TAMILNADU,PUDUKKOTTAI,KULATHUR,semi_critical
4716,TAMILNADU,PUDUKKOTTAI,MANAMELKUDI,safe
4717,TAMILNADU,PUDUKKOTTAI,PONNAMARAVATHI,semi_critical
4718,TAMILNADU,PUDUKKOTTAI,PUDUKKOTTAI,semi_critical
4719,TAMILNADU,PUDUKKOTTAI,THIRUMAYAM,safe
4720,TAMILNADU,PUDUKKOTTAI,VIRALIMALAI,semi_critical
4721,TAMILNADU,RAMANATHAPURAM,KADALADI,safe
4722,TAMILNADU,RAMANATHAPURAM,KAMUTHI,safe
4723,TAMILNADU,RAMANATHAPURAM,KEELAKARAI,safe
4724,TAMILNADU,RAMANATHAPURAM,MUDUKULATHUR,safe
4725,TAMILNADU,RAMANATHAPURAM,PARAMAKUDI,safe
4726,TAMILNADU,RAMANATHAPURAM,RAMANATHAPURAM,safe
4727,TAMILNADU,RAMANATHAPURAM,RAMESWARAM,safe
4728,TAMILNADU,RAMANATHAPURAM,RSMANGALAM,safe
4729,TAMILNADU,RAMANATHAPURAM,THIRUVADANI,safe
4730,TAMILNADU,RANIPET,ARAKKONAM,semi_critical
4731,TAMILNADU,RANIPET,ARCOT,over_exploited
4732,TAMILNADU,RANIPET,KALAVAI,semi_critical
4733,TAMILNADU,RANIPET,NEMILI,semi_critical
4734,TAMILNADU,RANIPET,SHOLINGUR,semi_critical
4735,TAMILNADU,RANIPET,WALAJAPET,critical
4736,TAMILNADU,SALEM,ATTUR,over_exploited
4737,TAMILNADU,SALEM,EDAPPADY,over_exploited
4738,TAMILNADU,SALEM,GANGAVALLI,over_exploited
4739,TAMILNADU,SALEM,KADAYAMPATTI,over_exploited
4740,TAMILNADU,SALEM,METTUR,over_exploited
4741,TAMILNADU,SALEM,OMALUR,over_exploited
4742,TAMILNADU,SALEM,PEDDANAYAKKANPALAYAM,over_exploited
4743,TAMILNADU,SALEM,SALEM,over_exploited
4744,TAMILNADU,SALEM,SALEM SOUTH,over_exploited
4745,TAMILNADU,SALEM,SALEM WEST,over_exploited
4746,TAMILNADU,SALEM,SANKARI,over_exploited
4747,TAMILNADU,SALEM,THALAIVASAL,over_exploited
4748,TAMILNADU,SALEM,VALAPADY,over_exploited
4749,TAMILNADU,SALEM,YERCAUD,safe
4750,TAMILNADU,SIVAGANGAI,DEVAKOTTAI,safe
4751,TAMILNADU,SIVAGANGAI,ILAYANKUDI,safe
4752,TAMILNADU,SIVAGANGAI,KALAIYARKOVIL,safe
4753,TAMILNADU,SIVAGANGAI,KARAIKUDI,safe
4754,TAMILNADU,SIVAGANGAI,MANAMADURAI,safe
4755,TAMILNADU,SIVAGANGAI,SINGAMPUNARI,safe
4756,TAMILNADU,SIVAGANGAI,SIVAGANGAI,safe
4757,TAMILNADU,SIVAGANGAI,THIRUPATTUR,safe
4758,TAMILNADU,SIVAGANGAI,THIRUPPUVANAM,safe
4759,TAMILNADU,TENKASI,ALANGULAM,semi_critical
4760,TAMILNADU,TENKASI,KADAYANALLUR,semi_critical
4761,TAMILNADU,TENKASI,SANKARANKOVIL,over_exploited
4762,TAMILNADU,TENKASI,SENGOTTAI,safe
4763,TAMILNADU,TENKASI,SIVAGIRI,safe
4764,TAMILNADU,TENKASI,TENKASI,safe
4765,TAMILNADU,TENKASI,THIRUVENGADAM,over_exploited
4766,TAMILNADU,TENKASI,VIRAKERALAMPUDUR,critical
4767,TAMILNADU,THANJAVUR,BUDALUR,semi_critical
4768,TAMILNADU,THANJAVUR,KUMBAKONAM,over_exploited
4769,TAMILNADU,THANJAVUR,ORATHANADU,over_exploited
4770,TAMILNADU,THANJAVUR,PAPANASAM,over_exploited
4771,TAMILNADU,THANJAVUR,PATTUKKOTTAI,over_exploited
4772,TAMILNADU,THANJAVUR,PERAVURANI,semi_critical
4773,TAMILNADU,THANJAVUR,THANJAVUR,critical
4774,TAMILNADU,THANJAVUR,THIRUVAIYARU,over_exploited
4775,TAMILNADU,THANJAVUR,THIRUVIDAIMARUDHUR,over_exploited
4776,TAMILNADU,THE NILGIRIS,COONOOR,safe
4777,TAMILNADU,THE NILGIRIS,GUDALUR,safe
4778,TAMILNADU,THE NILGIRIS,KOTAGIRI,safe
4779,TAMILNADU,THE NILGIRIS,KUNDAH,safe
4780,TAMILNADU,THE NILGIRIS,PANTHALUR,safe
4781,TAMILNADU,THE NILGIRIS,UDHAGAMANDALAM,safe
4782,TAMILNADU,THENI,AUNDIPATTI,over_exploited
4783,TAMILNADU,THENI,BODINAYAKANUR,safe
4784,TAMILNADU,THENI,PERIYAKULAM,semi_critical
4785,TAMILNADU,THENI,THENI,safe
4786,TAMILNADU,THENI,UTHAMAPALAYAM,semi_critical
4787,TAMILNADU,THIRUVARUR,KUDAVASAL,over_exploited
4788,TAMILNADU,THIRUVARUR,KUTTANALLUR,safe
4789,TAMILNADU,THIRUVARUR,MANNARGUDI,safe
4790,TAMILNADU,THIRUVARUR,NANNILAM,over_exploited
4791,TAMILNADU,THIRUVARUR,NEEDAMANGALAM,safe
4793,TAMILNADU,THIRUVARUR,THIRUVARUR,safe
4794,TAMILNADU,THIRUVARUR,VALANGAIMAN,over_exploited
4795,TAMILNADU,THOOTHUKUDI,ERAL,safe
4796,TAMILNADU,THOOTHUKUDI,ETTAYAPURAM,safe
4797,TAMILNADU,THOOTHUKUDI,KAYATTAR,safe
4798,TAMILNADU,THOOTHUKUDI,KOVILPATTY,safe
4799,TAMILNADU,THOOTHUKUDI,OTTAPIDARAM,safe
4800,TAMILNADU,THOOTHUKUDI,SATTANKULAM,semi_critical
4801,TAMILNADU,THOOTHUKUDI,SRIVAIKUNDAM,safe
4802,TAMILNADU,THOOTHUKUDI,THOOTHUKUDI,safe
4803,TAMILNADU,THOOTHUKUDI,TIRUCHENDUR,safe
4804,TAMILNADU,THOOTHUKUDI,VILATHIKULAM,safe
4805,TAMILNADU,TIRUCHIRAPPALLI,LALGUDI,safe
4806,TAMILNADU,TIRUCHIRAPPALLI,MANAPPARAI,over_exploited
4807,TAMILNADU,TIRUCHIRAPPALLI,MANNACHANALLUR,semi_critical
4808,TAMILNADU,TIRUCHIRAPPALLI,MARUNGAPURI,over_exploited
4809,TAMILNADU,TIRUCHIRAPPALLI,MUSIRI,over_exploited
4810,TAMILNADU,TIRUCHIRAPPALLI,SRIRANGAM,safe
4811,TAMILNADU,TIRUCHIRAPPALLI,THIRUCHIRAPALLI-EAST,safe
4812,TAMILNADU,TIRUCHIRAPPALLI,THIRUCHIRAPALLI-WEST,safe
4813,TAMILNADU,TIRUCHIRAPPALLI,THIRUVERUMBUR,safe
4814,TAMILNADU,TIRUCHIRAPPALLI,THOTTIAM,semi_critical
4815,TAMILNADU,TIRUCHIRAPPALLI,THURAIYUR,over_exploited
4816,TAMILNADU,TIRUNELVELI,AMBASAMUDRAM,safe
4817,TAMILNADU,TIRUNELVELI,CHERANMAHADEVI,safe
4818,TAMILNADU,TIRUNELVELI,MANUR,semi_critical
4819,TAMILNADU,TIRUNELVELI,NANGUNERI,safe
4820,TAMILNADU,TIRUNELVELI,PALAYANKOTTAI,safe
4821,TAMILNADU,TIRUNELVELI,RADHAPURAM,safe
4822,TAMILNADU,TIRUNELVELI,THIRUNELVELI,safe
4823,TAMILNADU,TIRUNELVELI,TISAIYANVILAI,safe
4824,TAMILNADU,TIRUPATHUR,AMBUR,over_exploited
4825,TAMILNADU,TIRUPATHUR,NATRAMPALLI,over_exploited
4826,TAMILNADU,TIRUPATHUR,TIRUPATTUR,over_exploited
4827,TAMILNADU,TIRUPATHUR,VANIYAMBADI,over_exploited
4828,TAMILNADU,TIRUPPUR,AVINASHI,critical
4829,TAMILNADU,TIRUPPUR,DHARAPURAM,semi_critical
4830,TAMILNADU,TIRUPPUR,KANGEYAM,semi_critical
4831,TAMILNADU,TIRUPPUR,MADATHUKKULAM,safe
4832,TAMILNADU,TIRUPPUR,PALLADAM,over_exploited
4833,TAMILNADU,TIRUPPUR,TIRUPPUR NORTH,semi_critical
4834,TAMILNADU,TIRUPPUR,TIRUPPUR SOUTH,over_exploited
4835,TAMILNADU,TIRUPPUR,UDUMALPET,semi_critical
4836,TAMILNADU,TIRUPPUR,UTHUKKULI,critical
4837,TAMILNADU,TIRUVALLUR,AVADI,semi_critical
4838,TAMILNADU,TIRUVALLUR,GUMMUDIPOONDI,safe
4839,TAMILNADU,TIRUVALLUR,PALLIPATTU,safe
4840,TAMILNADU,TIRUVALLUR,PONNERI,safe
4841,TAMILNADU,TIRUVALLUR,POONAMALLEE,safe
4842,TAMILNADU,TIRUVALLUR,RK PETTAI,semi_critical
4843,TAMILNADU,TIRUVALLUR,TIRUTTANI,semi_critical
4844,TAMILNADU,TIRUVALLUR,TIRUVALLUR,safe
4845,TAMILNADU,TIRUVALLUR,UTHUKKOTTAI,safe
4846,TAMILNADU,TIRUVANNAMALAI,ARNI,semi_critical
4847,TAMILNADU,TIRUVANNAMALAI,CHENGAM,over_exploited
4848,TAMILNADU,TIRUVANNAMALAI,CHETPET,semi_critical
4849,TAMILNADU,TIRUVANNAMALAI,CHEYYAR,semi_critical
4850,TAMILNADU,TIRUVANNAMALAI,JAMUNAMARATHUR,semi_critical
4851,TAMILNADU,TIRUVANNAMALAI,KALASAPAKKAM,semi_critical
4852,TAMILNADU,TIRUVANNAMALAI,KILPENNATHUR,critical
4853,TAMILNADU,TIRUVANNAMALAI,POLUR,semi_critical
4854,TAMILNADU,TIRUVANNAMALAI,THANDRAMPET,over_exploited
4855,TAMILNADU,TIRUVANNAMALAI,TIRUVANNAMALAI,critical
4856,TAMILNADU,TIRUVANNAMALAI,VANDAVASI,over_exploited
4857,TAMILNADU,TIRUVANNAMALAI,VEMBAKKAM,safe
4858,TAMILNADU,VELLORE,ANAIKKATTU,over_exploited
4859,TAMILNADU,VELLORE,GUDIYATTAM,over_exploited
4860,TAMILNADU,VELLORE,K V KUPPAM,over_exploited
4861,TAMILNADU,VELLORE,KATPADI,semi_critical
4862,TAMILNADU,VELLORE,PERNAMBUT,over_exploited
4863,TAMILNADU,VELLORE,VELLORE,over_exploited
4864,TAMILNADU,VILLUPURAM,GINGEE,over_exploited
4865,TAMILNADU,VILLUPURAM,KANDACHIPURAM,safe
4866,TAMILNADU,VILLUPURAM,MARAKKANAM,critical
4867,TAMILNADU,VILLUPURAM,MELMALAIYANAUR,over_exploited
4868,TAMILNADU,VILLUPURAM,TINDIVANAM,safe
4869,TAMILNADU,VILLUPURAM,TIRUVENNAINALLUR,critical
4870,TAMILNADU,VILLUPURAM,VANUR,safe
4871,TAMILNADU,VILLUPURAM,VIKKIRAVANDI,over_exploited
4872,TAMILNADU,VILLUPURAM,VILLUPURAM,semi_critical
4873,TAMILNADU,VIRUDHUNAGAR,ARUPPUKOTTAI,safe
4874,TAMILNADU,VIRUDHUNAGAR,KARIYAPATTI,safe
4875,TAMILNADU,VIRUDHUNAGAR,RAJAPALAYAM,semi_critical
4876,TAMILNADU,VIRUDHUNAGAR,SATTUR,safe
4877,TAMILNADU,VIRUDHUNAGAR,SIVAKASI,semi_critical
4878,TAMILNADU,VIRUDHUNAGAR,SRIVLLIPUTHUR,semi_critical
4879,TAMILNADU,VIRUDHUNAGAR,TIRUCHULI,safe
4880,TAMILNADU,VIRUDHUNAGAR,VARATTIRAYIRUPPU,semi_critical
4881,TAMILNADU,VIRUDHUNAGAR,VEMBAKOTTAI,critical
4882,TAMILNADU,VIRUDHUNAGAR,VIRUDHUNAGAR,semi_critical
4883,TELANGANA,Adilabad,Adilabad Rural,safe
4884,TELANGANA,Adilabad,Adilabad Urban,over_exploited
4885,TELANGANA,Adilabad,Bazarhathnoor,safe
4886,TELANGANA,Adilabad,Bela,safe
4887,TELANGANA,Adilabad,Bheempoor,safe
4888,TELANGANA,Adilabad,Bhoraj,safe
4889,TELANGANA,Adilabad,Boath,safe
4890,TELANGANA,Adilabad,Gadiguda,safe
4891,TELANGANA,Adilabad,Gudihathnur,safe
4892,TELANGANA,Adilabad,Ichoda,safe
4893,TELANGANA,Adilabad,Inderavelly,safe
4894,TELANGANA,Adilabad,Jainad,safe
4895,TELANGANA,Adilabad,Mavala,critical
4896,TELANGANA,Adilabad,Narnoor,safe
4897,TELANGANA,Adilabad,Neradigonda,safe
4898,TELANGANA,Adilabad,Sathnala,safe
4899,TELANGANA,Adilabad,Sirikonda,safe
4900,TELANGANA,Adilabad,Sonala,safe
4901,TELANGANA,Adilabad,Talamadugu,safe
4902,TELANGANA,Adilabad,Tamsi,safe
4903,TELANGANA,Adilabad,Utnur,safe
4904,TELANGANA,Bhadradri Kothagudem,Allapalli,safe
4905,TELANGANA,Bhadradri Kothagudem,Annapureddipalle,safe
4906,TELANGANA,Bhadradri Kothagudem,Aswapuram,safe
4907,TELANGANA,Bhadradri Kothagudem,Aswaraopeta,safe
4908,TELANGANA,Bhadradri Kothagudem,Bhadrachalam,safe
4909,TELANGANA,Bhadradri Kothagudem,Burgampadu,safe
4910,TELANGANA,Bhadradri Kothagudem,Chandrugonda,semi_critical
4911,TELANGANA,Bhadradri Kothagudem,Cherla,safe
4912,TELANGANA,Bhadradri Kothagudem,Chunchupally,semi_critical
4913,TELANGANA,Bhadradri Kothagudem,Dammapeta,safe
4914,TELANGANA,Bhadradri Kothagudem,Dummugudem,safe
4915,TELANGANA,Bhadradri Kothagudem,Gundala,safe
4916,TELANGANA,Bhadradri Kothagudem,Julurpad,safe
4917,TELANGANA,Bhadradri Kothagudem,Karakagudem,safe
4918,TELANGANA,Bhadradri Kothagudem,Kothagudem,semi_critical
4919,TELANGANA,Bhadradri Kothagudem,Laxmidevipalli,safe
4920,TELANGANA,Bhadradri Kothagudem,Manuguru,safe
4921,TELANGANA,Bhadradri Kothagudem,Mulakalapalle,safe
4922,TELANGANA,Bhadradri Kothagudem,Palawancha,safe
4923,TELANGANA,Bhadradri Kothagudem,Pinapaka,safe
4924,TELANGANA,Bhadradri Kothagudem,Sujathanagar,semi_critical
4925,TELANGANA,Bhadradri Kothagudem,Tekulapalle,safe
4926,TELANGANA,Bhadradri Kothagudem,Yellandu,safe
4927,TELANGANA,Hanumakonda,Atmakur,safe
4928,TELANGANA,Hanumakonda,Bheemadevarapalle,semi_critical
4929,TELANGANA,Hanumakonda,Damera,safe
4930,TELANGANA,Hanumakonda,Dharmasagar,semi_critical
4931,TELANGANA,Hanumakonda,Elkathurthi,safe
4932,TELANGANA,Hanumakonda,Hanamkonda,safe
4933,TELANGANA,Hanumakonda,Hasanparthy,safe
4934,TELANGANA,Hanumakonda,Inole,safe
4935,TELANGANA,Hanumakonda,Kamalapur,safe
4936,TELANGANA,Hanumakonda,Khazipet,safe
4937,TELANGANA,Hanumakonda,Nadikuda,safe
4938,TELANGANA,Hanumakonda,Parkal,safe
4939,TELANGANA,Hanumakonda,Shayampet,safe
4940,TELANGANA,Hanumakonda,Velair,semi_critical
4941,TELANGANA,Hyderabad,Amberpet,over_exploited
4942,TELANGANA,Hyderabad,Ammerpet,over_exploited
4943,TELANGANA,Hyderabad,Asifnagar,over_exploited
4944,TELANGANA,Hyderabad,Bahadurpura,critical
4945,TELANGANA,Hyderabad,Bandlaguda,critical
4946,TELANGANA,Hyderabad,Charminar,over_exploited
4947,TELANGANA,Hyderabad,Golkonda,over_exploited
4948,TELANGANA,Hyderabad,Himayatnagar,over_exploited
4949,TELANGANA,Hyderabad,Khairatabad,over_exploited
4950,TELANGANA,Hyderabad,Maredpally,critical
4951,TELANGANA,Hyderabad,Musheerabad,critical
4952,TELANGANA,Hyderabad,Nampally,critical
4953,TELANGANA,Hyderabad,Saidabad,over_exploited
4954,TELANGANA,Hyderabad,Secunderabad,critical
4955,TELANGANA,Hyderabad,Shaikpet,critical
4956,TELANGANA,Hyderabad,Tirumalgiri,semi_critical
4957,TELANGANA,Jagtial,Beerpur,safe
4958,TELANGANA,Jagtial,Bheemaram,safe
4959,TELANGANA,Jagtial,Buggaram,safe
4960,TELANGANA,Jagtial,Dharmapuri,safe
4961,TELANGANA,Jagtial,Endapalli,safe
4962,TELANGANA,Jagtial,Gollapalle,safe
4963,TELANGANA,Jagtial,Ibrahimpatnam,safe
4964,TELANGANA,Jagtial,Jagityal_Rural,safe
4965,TELANGANA,Jagtial,Jagtial,safe
4966,TELANGANA,Jagtial,Kathlapur,safe
4967,TELANGANA,Jagtial,Kodimial,safe
4968,TELANGANA,Jagtial,Koratla,safe
4969,TELANGANA,Jagtial,Malial,safe
4970,TELANGANA,Jagtial,Mallapur,safe
4971,TELANGANA,Jagtial,Medipalle,safe
4972,TELANGANA,Jagtial,Metpalle,safe
4973,TELANGANA,Jagtial,Pegadapalle,safe
4974,TELANGANA,Jagtial,Raikal,safe
4975,TELANGANA,Jagtial,Sarangapur,safe
4976,TELANGANA,Jagtial,Velgatoor,safe
4977,TELANGANA,Jangaon,Bachannapeta,safe
4978,TELANGANA,Jangaon,Chilpur,safe
4979,TELANGANA,Jangaon,Devaruppala,safe
4980,TELANGANA,Jangaon,Ganpur_stn,safe
4981,TELANGANA,Jangaon,Jangaon,critical
4982,TELANGANA,Jangaon,Kodakandla,semi_critical
4983,TELANGANA,Jangaon,Lingalaghanpur,safe
4984,TELANGANA,Jangaon,Narmetta,safe
4985,TELANGANA,Jangaon,Palakurthi,safe
4986,TELANGANA,Jangaon,Raghunathpalle,safe
4987,TELANGANA,Jangaon,Tharigoppula,safe
4988,TELANGANA,Jangaon,Zaffergadh,safe
4989,TELANGANA,Jayashankar Bhupalapally,Bhupalpalle,safe
4990,TELANGANA,Jayashankar Bhupalapally,Chityal,safe
4991,TELANGANA,Jayashankar Bhupalapally,Ghanapur_Mulug,safe
4992,TELANGANA,Jayashankar Bhupalapally,Kataram,safe
4993,TELANGANA,Jayashankar Bhupalapally,Kothapallygori,safe
4994,TELANGANA,Jayashankar Bhupalapally,Mahadevpur,safe
4995,TELANGANA,Jayashankar Bhupalapally,Malharrao,safe
4996,TELANGANA,Jayashankar Bhupalapally,Mogullapalle,safe
4997,TELANGANA,Jayashankar Bhupalapally,Mutharam_Mahadevpur,safe
4998,TELANGANA,Jayashankar Bhupalapally,Palmela,safe
4999,TELANGANA,Jayashankar Bhupalapally,Regonda,safe
5000,TELANGANA,Jayashankar Bhupalapally,Tekumatla,safe
5001,TELANGANA,Jogulamba Gadwal,Aiza,safe
5002,TELANGANA,Jogulamba Gadwal,Alampur,safe
5003,TELANGANA,Jogulamba Gadwal,Dharur,safe
5004,TELANGANA,Jogulamba Gadwal,Gadwal,safe
5005,TELANGANA,Jogulamba Gadwal,Ghattu,safe
5006,TELANGANA,Jogulamba Gadwal,Itikyal,safe
5007,TELANGANA,Jogulamba Gadwal,Kaloor_Timmanadoddi,semi_critical
5008,TELANGANA,Jogulamba Gadwal,Maldakal,safe
5009,TELANGANA,Jogulamba Gadwal,Manopad,safe
5010,TELANGANA,Jogulamba Gadwal,Rajoli,safe
5011,TELANGANA,Jogulamba Gadwal,Undavelli,safe
5012,TELANGANA,Jogulamba Gadwal,Waddepalle,safe
5013,TELANGANA,Jogulamba Gadwal,Yerravalli,safe
5014,TELANGANA,Kamareddy,Banswada,safe
5015,TELANGANA,Kamareddy,Bhiknur,semi_critical
5016,TELANGANA,Kamareddy,Bibipet,semi_critical
5017,TELANGANA,Kamareddy,Bichkunda,safe
5018,TELANGANA,Kamareddy,Birkoor,safe
5019,TELANGANA,Kamareddy,Domakonda,safe
5020,TELANGANA,Kamareddy,Dongli,safe
5021,TELANGANA,Kamareddy,Gandhari,safe
5022,TELANGANA,Kamareddy,Jukkal,safe
5023,TELANGANA,Kamareddy,Kamareddy,semi_critical
5024,TELANGANA,Kamareddy,Lingampet,safe
5025,TELANGANA,Kamareddy,Machareddy,safe
5026,TELANGANA,Kamareddy,Madnur,safe
5027,TELANGANA,Kamareddy,Mohammadnagar,safe
5028,TELANGANA,Kamareddy,Naga_Reddipet,safe
5029,TELANGANA,Kamareddy,Nasurullabad,safe
5030,TELANGANA,Kamareddy,Nizamsagar,safe
5031,TELANGANA,Kamareddy,Palvancha,semi_critical
5032,TELANGANA,Kamareddy,Pedda Kodapgal,safe
5033,TELANGANA,Kamareddy,Pitlam,safe
5034,TELANGANA,Kamareddy,Rajampet,safe
5035,TELANGANA,Kamareddy,Ramareddy,safe
5036,TELANGANA,Kamareddy,Sadasivanagar,safe
5037,TELANGANA,Kamareddy,Tadwai,safe
5038,TELANGANA,Kamareddy,Yellareddy,safe
5039,TELANGANA,Karimnagar,Chigurumamidi,safe
5040,TELANGANA,Karimnagar,Choppadandi,safe
5041,TELANGANA,Karimnagar,Ellandakunta,safe
5042,TELANGANA,Karimnagar,Gangadhara,semi_critical
5043,TELANGANA,Karimnagar,Gannervaram,safe
5044,TELANGANA,Karimnagar,Huzurabad,safe
5045,TELANGANA,Karimnagar,Jammikunta,safe
5046,TELANGANA,Karimnagar,Karimnagar,safe
5047,TELANGANA,Karimnagar,Karimnagar_Rural,safe
5048,TELANGANA,Karimnagar,Kothapalle,safe
5049,TELANGANA,Karimnagar,Manakondur,safe
5050,TELANGANA,Karimnagar,Ramadugu,semi_critical
5051,TELANGANA,Karimnagar,Shankarapatnam,safe
5052,TELANGANA,Karimnagar,Thimmapur,safe
5053,TELANGANA,Karimnagar,V_Saidapur,safe
5054,TELANGANA,Karimnagar,Veenavanka,safe
5055,TELANGANA,Khammam,Bonakal,safe
5056,TELANGANA,Khammam,Chinthakani,safe
5057,TELANGANA,Khammam,Enkuru,safe
5058,TELANGANA,Khammam,Kalluru,safe
5059,TELANGANA,Khammam,Kamepalle,safe
5060,TELANGANA,Khammam,Khammam_Rural,safe
5061,TELANGANA,Khammam,Khammam_Urban,safe
5062,TELANGANA,Khammam,Konijerla,safe
5063,TELANGANA,Khammam,Kusumanchi,safe
5064,TELANGANA,Khammam,Madhira,safe
5065,TELANGANA,Khammam,Mudigonda,safe
5066,TELANGANA,Khammam,Nelakondapalle,safe
5067,TELANGANA,Khammam,Penuballi,safe
5068,TELANGANA,Khammam,Raghunadhapalem,over_exploited
5069,TELANGANA,Khammam,Sathupalle,safe
5070,TELANGANA,Khammam,Singareni,semi_critical
5071,TELANGANA,Khammam,Thallada,safe
5072,TELANGANA,Khammam,Thirumalayapalem,semi_critical
5073,TELANGANA,Khammam,Vemsoor,semi_critical
5074,TELANGANA,Khammam,Wyra,safe
5075,TELANGANA,Khammam,Yerrupalem,safe
5076,TELANGANA,Komarambheem Asifabad,Asifabad,safe
5077,TELANGANA,Komarambheem Asifabad,Bejjur,safe
5078,TELANGANA,Komarambheem Asifabad,Chintalamanepally,safe
5079,TELANGANA,Komarambheem Asifabad,Dahegaon,safe
5080,TELANGANA,Komarambheem Asifabad,Jainoor,safe
5081,TELANGANA,Komarambheem Asifabad,Kagaznagar,safe
5082,TELANGANA,Komarambheem Asifabad,Kerameri,safe
5083,TELANGANA,Komarambheem Asifabad,Kouthala,safe
5084,TELANGANA,Komarambheem Asifabad,Lingapur,safe
5085,TELANGANA,Komarambheem Asifabad,Penchikalpet,safe
5086,TELANGANA,Komarambheem Asifabad,Rebbana,safe
5087,TELANGANA,Komarambheem Asifabad,Sirpur_T,safe
5088,TELANGANA,Komarambheem Asifabad,Sirpur_U,safe
5089,TELANGANA,Komarambheem Asifabad,Tiryani,safe
5090,TELANGANA,Komarambheem Asifabad,Wankdi,safe
5091,TELANGANA,Mahabubabad,Bayyaram,safe
5092,TELANGANA,Mahabubabad,Chinnagudur,safe
5093,TELANGANA,Mahabubabad,Danthalapalle,semi_critical
5094,TELANGANA,Mahabubabad,Dornakal,safe
5095,TELANGANA,Mahabubabad,Ganagavaram,safe
5096,TELANGANA,Mahabubabad,Garla,semi_critical
5097,TELANGANA,Mahabubabad,Gudur,safe
5098,TELANGANA,Mahabubabad,Inugurthy,safe
5099,TELANGANA,Mahabubabad,Kesamudram,safe
5100,TELANGANA,Mahabubabad,Kothaguda,safe
5101,TELANGANA,Mahabubabad,Kuravi,safe
5102,TELANGANA,Mahabubabad,Mahabubabad,safe
5103,TELANGANA,Mahabubabad,Maripeda,safe
5104,TELANGANA,Mahabubabad,Narsimhulapet,safe
5105,TELANGANA,Mahabubabad,Nellikudur,safe
5106,TELANGANA,Mahabubabad,Peddavangara,semi_critical
5107,TELANGANA,Mahabubabad,Seerole,safe
5108,TELANGANA,Mahabubabad,Thorrur,safe
5109,TELANGANA,Mahabubnagar,Addakal,semi_critical
5110,TELANGANA,Mahabubnagar,Balanagar,critical
5111,TELANGANA,Mahabubnagar,Bhoothpur,semi_critical
5112,TELANGANA,Mahabubnagar,Chinna_Chintha_Kunta,semi_critical
5113,TELANGANA,Mahabubnagar,Devarkadara,semi_critical
5114,TELANGANA,Mahabubnagar,Gandeed,semi_critical
5115,TELANGANA,Mahabubnagar,Hanwada,semi_critical
5116,TELANGANA,Mahabubnagar,Jadcherla,semi_critical
5117,TELANGANA,Mahabubnagar,Koilkonda,semi_critical
5118,TELANGANA,Mahabubnagar,Koukuntla,safe
5119,TELANGANA,Mahabubnagar,Mahabubnagar_Rural,safe
5120,TELANGANA,Mahabubnagar,Mahabubnagar_Urban,semi_critical
5121,TELANGANA,Mahabubnagar,Midjil,semi_critical
5122,TELANGANA,Mahabubnagar,Mohammadabad,semi_critical
5123,TELANGANA,Mahabubnagar,Musapet,semi_critical
5124,TELANGANA,Mahabubnagar,Nawabpet,semi_critical
5125,TELANGANA,Mahabubnagar,Rajapur,semi_critical
5126,TELANGANA,Mancherial,Bellampalle,safe
5127,TELANGANA,Mancherial,Bheemini,safe
5128,TELANGANA,Mancherial,Bhimaram,safe
5129,TELANGANA,Mancherial,Chennur,safe
5130,TELANGANA,Mancherial,Dandepalle,safe
5131,TELANGANA,Mancherial,Hajipur,safe
5132,TELANGANA,Mancherial,Jaipur,safe
5133,TELANGANA,Mancherial,Jannaram,safe
5134,TELANGANA,Mancherial,Kannepalli,safe
5135,TELANGANA,Mancherial,Kasipet,safe
5136,TELANGANA,Mancherial,Kotapalle,safe
5137,TELANGANA,Mancherial,Luxettipet,safe
5138,TELANGANA,Mancherial,Mancherial,safe
5139,TELANGANA,Mancherial,Mandamarri,safe
5140,TELANGANA,Mancherial,Naspur,safe
5141,TELANGANA,Mancherial,Nennal,safe
5142,TELANGANA,Mancherial,Tandur,safe
5143,TELANGANA,Mancherial,Vemanpalle,safe
5144,TELANGANA,Medak,Alladurg,safe
5145,TELANGANA,Medak,Chegunta,semi_critical
5146,TELANGANA,Medak,Chilipched,safe
5147,TELANGANA,Medak,Havelighanpur,safe
5148,TELANGANA,Medak,Kowdipalle,safe
5149,TELANGANA,Medak,Kulcharam,safe
5150,TELANGANA,Medak,Manoharabad,semi_critical
5151,TELANGANA,Medak,Masaipet,semi_critical
5152,TELANGANA,Medak,Medak,semi_critical
5153,TELANGANA,Medak,Narsapur,semi_critical
5154,TELANGANA,Medak,Narsingi,semi_critical
5155,TELANGANA,Medak,Nizampet,critical
5156,TELANGANA,Medak,Papannapet,safe
5157,TELANGANA,Medak,Ramayampet,semi_critical
5158,TELANGANA,Medak,Regode,safe
5159,TELANGANA,Medak,Shankarampet_A,semi_critical
5160,TELANGANA,Medak,Shankarampet_R,semi_critical
5161,TELANGANA,Medak,Shivampet,safe
5162,TELANGANA,Medak,Tekmal,semi_critical
5163,TELANGANA,Medak,Tupran,critical
5164,TELANGANA,Medak,Yeldurthy,safe
5165,TELANGANA,Medchal Malkajgiri,Alwal,semi_critical
5166,TELANGANA,Medchal Malkajgiri,Bachpalle,critical
5167,TELANGANA,Medchal Malkajgiri,Balanagar,over_exploited
5168,TELANGANA,Medchal Malkajgiri,Dundigal_Gandimaisamma,safe
5169,TELANGANA,Medchal Malkajgiri,Ghatkesar,semi_critical
5170,TELANGANA,Medchal Malkajgiri,Kapra,safe
5171,TELANGANA,Medchal Malkajgiri,Keesara,critical
5172,TELANGANA,Medchal Malkajgiri,Kukatpally,over_exploited
5173,TELANGANA,Medchal Malkajgiri,Malkajgiri,over_exploited
5174,TELANGANA,Medchal Malkajgiri,Medchel,semi_critical
5175,TELANGANA,Medchal Malkajgiri,Medipally,safe
5176,TELANGANA,Medchal Malkajgiri,Muduchinthalapally,critical
5177,TELANGANA,Medchal Malkajgiri,Quthbullapur,over_exploited
5178,TELANGANA,Medchal Malkajgiri,Shamirpet,safe
5179,TELANGANA,Medchal Malkajgiri,Uppal,safe
5180,TELANGANA,Mulug,Eturunagaram,safe
5181,TELANGANA,Mulug,Govindaraopet,safe
5182,TELANGANA,Mulug,Kannaigudem,safe
5183,TELANGANA,Mulug,Mangapet,safe
5184,TELANGANA,Mulug,Mulug,safe
5185,TELANGANA,Mulug,Tadvai,safe
5186,TELANGANA,Mulug,Venkatapur,safe
5187,TELANGANA,Mulug,Venkatapuram,safe
5188,TELANGANA,Mulug,Wazeed,safe
5189,TELANGANA,Nagarkurnool,Achampet,safe
5190,TELANGANA,Nagarkurnool,Amrabad,safe
5191,TELANGANA,Nagarkurnool,Balmoor,safe
5192,TELANGANA,Nagarkurnool,Bijinapalle,safe
5193,TELANGANA,Nagarkurnool,Charakonda,safe
5194,TELANGANA,Nagarkurnool,Kalwakurthy,safe
5195,TELANGANA,Nagarkurnool,Kodair,safe
5196,TELANGANA,Nagarkurnool,Kollapur,safe
5197,TELANGANA,Nagarkurnool,Lingal,safe
5198,TELANGANA,Nagarkurnool,Nagar_Kurnool,safe
5199,TELANGANA,Nagarkurnool,Padra,safe
5200,TELANGANA,Nagarkurnool,Peddakothapalle,safe
5201,TELANGANA,Nagarkurnool,Pentlavelli,safe
5202,TELANGANA,Nagarkurnool,Tadoor,safe
5203,TELANGANA,Nagarkurnool,Telkapalle,safe
5204,TELANGANA,Nagarkurnool,Thimmajipeta,safe
5205,TELANGANA,Nagarkurnool,Uppunuthala,safe
5206,TELANGANA,Nagarkurnool,Urkonda,safe
5207,TELANGANA,Nagarkurnool,Vangoor,safe
5208,TELANGANA,Nagarkurnool,Veldanda,semi_critical
5209,TELANGANA,Nalgonda,Adavi devula palli,safe
5210,TELANGANA,Nalgonda,Anumula_Haliya,safe
5211,TELANGANA,Nalgonda,Chandampet,safe
5212,TELANGANA,Nalgonda,Chandur,semi_critical
5213,TELANGANA,Nalgonda,Chinthapalle,semi_critical
5214,TELANGANA,Nalgonda,Chityala,critical
5215,TELANGANA,Nalgonda,Damaracherla,safe
5216,TELANGANA,Nalgonda,Devarakonda,safe
5217,TELANGANA,Nalgonda,Gattuppal,safe
5218,TELANGANA,Nalgonda,Gudipally,safe
5219,TELANGANA,Nalgonda,Gundlapalle,safe
5220,TELANGANA,Nalgonda,Gurrampode,safe
5221,TELANGANA,Nalgonda,Kangal,safe
5222,TELANGANA,Nalgonda,Kattangoor,semi_critical
5223,TELANGANA,Nalgonda,Kethepalle,safe
5224,TELANGANA,Nalgonda,Kondamallapally,safe
5225,TELANGANA,Nalgonda,Madugulapally,safe
5226,TELANGANA,Nalgonda,Marriguda,safe
5227,TELANGANA,Nalgonda,Miryalaguda,safe
5228,TELANGANA,Nalgonda,Munugode,over_exploited
5229,TELANGANA,Nalgonda,Nakrekal,safe
5230,TELANGANA,Nalgonda,Nalgonda,semi_critical
5231,TELANGANA,Nalgonda,Nampalle,safe
5232,TELANGANA,Nalgonda,Narketpalle,safe
5233,TELANGANA,Nalgonda,Neredugommu,safe
5234,TELANGANA,Nalgonda,Nidamanur,safe
5235,TELANGANA,Nalgonda,Pedda_adiserlapalle,safe
5236,TELANGANA,Nalgonda,Peddavura,safe
5237,TELANGANA,Nalgonda,Saligouraram,safe
5238,TELANGANA,Nalgonda,Thipparthi,safe
5239,TELANGANA,Nalgonda,Thripuraram,safe
5240,TELANGANA,Nalgonda,Tirumalagiri_Sagar,safe
5241,TELANGANA,Nalgonda,Vemulapalle,safe
5242,TELANGANA,Narayanpet,Damaragidda,safe
5243,TELANGANA,Narayanpet,Dhanwada,safe
5244,TELANGANA,Narayanpet,Gundumal,safe
5245,TELANGANA,Narayanpet,Kosgi,safe
5246,TELANGANA,Narayanpet,Kothapalle,safe
5247,TELANGANA,Narayanpet,Krishna,safe
5248,TELANGANA,Narayanpet,Maddur,safe
5249,TELANGANA,Narayanpet,Maganoor,safe
5250,TELANGANA,Narayanpet,Makthal,safe
5251,TELANGANA,Narayanpet,Marikal,safe
5252,TELANGANA,Narayanpet,Narayanpet,safe
5253,TELANGANA,Narayanpet,Narva,safe
5254,TELANGANA,Narayanpet,Utkoor,safe
5255,TELANGANA,Nirmal,Basar,safe
5256,TELANGANA,Nirmal,Bhainsa,safe
5257,TELANGANA,Nirmal,Dastuarabad,safe
5258,TELANGANA,Nirmal,Dilawarpur,safe
5259,TELANGANA,Nirmal,Kaddampeddur,safe
5260,TELANGANA,Nirmal,Khanpur,safe
5261,TELANGANA,Nirmal,Kubeer,safe
5262,TELANGANA,Nirmal,Kuntala,safe
5263,TELANGANA,Nirmal,Laxmanchanda,safe
5264,TELANGANA,Nirmal,Lokeswaram,safe
5265,TELANGANA,Nirmal,Mamda,safe
5266,TELANGANA,Nirmal,Mudhole,safe
5267,TELANGANA,Nirmal,Narsapur_G,safe
5268,TELANGANA,Nirmal,Nirmal,safe
5269,TELANGANA,Nirmal,Nirmal_Rural,safe
5270,TELANGANA,Nirmal,Pembi,safe
5271,TELANGANA,Nirmal,Sarangapur,safe
5272,TELANGANA,Nirmal,Soan,safe
5273,TELANGANA,Nirmal,Tanur,safe
5274,TELANGANA,Nizamabad,Aloor,semi_critical
5275,TELANGANA,Nizamabad,Armur,semi_critical
5276,TELANGANA,Nizamabad,Balkonda,safe
5277,TELANGANA,Nizamabad,Bheemgal,semi_critical
5278,TELANGANA,Nizamabad,Bodhan,safe
5279,TELANGANA,Nizamabad,Chandur,safe
5280,TELANGANA,Nizamabad,Dharpalle,safe
5281,TELANGANA,Nizamabad,Dichpalle,safe
5282,TELANGANA,Nizamabad,Donkeshwar,safe
5283,TELANGANA,Nizamabad,Indalwai,safe
5284,TELANGANA,Nizamabad,Jakranpalle,semi_critical
5285,TELANGANA,Nizamabad,Kammarpalle,safe
5286,TELANGANA,Nizamabad,Kotgiri,safe
5287,TELANGANA,Nizamabad,Makloor,safe
5288,TELANGANA,Nizamabad,Mendora,safe
5289,TELANGANA,Nizamabad,Mortad,semi_critical
5290,TELANGANA,Nizamabad,Mosra,safe
5291,TELANGANA,Nizamabad,Mugpal,safe
5292,TELANGANA,Nizamabad,Mupkal,safe
5293,TELANGANA,Nizamabad,Nandipet,safe
5294,TELANGANA,Nizamabad,Navipet,safe
5295,TELANGANA,Nizamabad,Nizamabad_North,safe
5296,TELANGANA,Nizamabad,Nizamabad_Rural,safe
5297,TELANGANA,Nizamabad,Nizamabad_South,over_exploited
5298,TELANGANA,Nizamabad,Pothangal,safe
5299,TELANGANA,Nizamabad,Ranjal,safe
5300,TELANGANA,Nizamabad,Rudrur,safe
5301,TELANGANA,Nizamabad,Saloora,safe
5302,TELANGANA,Nizamabad,Sirkonda,safe
5303,TELANGANA,Nizamabad,Vailpur,safe
5304,TELANGANA,Nizamabad,Varni,safe
5305,TELANGANA,Nizamabad,Yeda_Palle,safe
5306,TELANGANA,Nizamabad,Yergatla,safe
5307,TELANGANA,Peddapalle,Antargoan,safe
5308,TELANGANA,Peddapalle,Dharmaram,safe
5309,TELANGANA,Peddapalle,Elgaid,safe
5310,TELANGANA,Peddapalle,Julapalle,safe
5311,TELANGANA,Peddapalle,Kamanpur,safe
5312,TELANGANA,Peddapalle,Manthani,safe
5313,TELANGANA,Peddapalle,Mutharam_Manthani,safe
5314,TELANGANA,Peddapalle,Odela,safe
5315,TELANGANA,Peddapalle,Palakurthy,safe
5316,TELANGANA,Peddapalle,Peddapalle,safe
5317,TELANGANA,Peddapalle,Ramagiri,safe
5318,TELANGANA,Peddapalle,Ramagundam,safe
5319,TELANGANA,Peddapalle,Srirampur,safe
5320,TELANGANA,Peddapalle,Sultanabad,safe
5321,TELANGANA,Rajanna Siricilla,Boinpalle,safe
5322,TELANGANA,Rajanna Siricilla,Chandurthi,semi_critical
5323,TELANGANA,Rajanna Siricilla,Ellanthakunta,safe
5324,TELANGANA,Rajanna Siricilla,Gambhiraopeta,semi_critical
5325,TELANGANA,Rajanna Siricilla,Konaraopeta,semi_critical
5326,TELANGANA,Rajanna Siricilla,Mustabad,semi_critical
5327,TELANGANA,Rajanna Siricilla,Rudrangi,semi_critical
5328,TELANGANA,Rajanna Siricilla,Sirsilla,semi_critical
5329,TELANGANA,Rajanna Siricilla,Thangallapalle,semi_critical
5330,TELANGANA,Rajanna Siricilla,Veernapalle,safe
5331,TELANGANA,Rajanna Siricilla,Vemulawada,safe
5332,TELANGANA,Rajanna Siricilla,Vemulawada_Rural,safe
5333,TELANGANA,Rajanna Siricilla,Yellareddypeta,semi_critical
5334,TELANGANA,Rangareddy,Abdullapurmet,safe
5335,TELANGANA,Rangareddy,Amangal,semi_critical
5336,TELANGANA,Rangareddy,Balapur,safe
5337,TELANGANA,Rangareddy,Chevella,semi_critical
5338,TELANGANA,Rangareddy,Chowdergudem,over_exploited
5339,TELANGANA,Rangareddy,Farooqnagar,safe
5340,TELANGANA,Rangareddy,Gandipet,safe
5341,TELANGANA,Rangareddy,Hayathnagar,over_exploited
5342,TELANGANA,Rangareddy,Ibrahimpatnam,semi_critical
5343,TELANGANA,Rangareddy,Kadthal,safe
5344,TELANGANA,Rangareddy,Kandukur,semi_critical
5345,TELANGANA,Rangareddy,Keshampeta,safe
5346,TELANGANA,Rangareddy,Kondurg,semi_critical
5347,TELANGANA,Rangareddy,Kothur,semi_critical
5348,TELANGANA,Rangareddy,Madgul,safe
5349,TELANGANA,Rangareddy,Maheshwaram,safe
5350,TELANGANA,Rangareddy,Manchal,safe
5351,TELANGANA,Rangareddy,Moinabad,semi_critical
5352,TELANGANA,Rangareddy,Nandigam,safe
5353,TELANGANA,Rangareddy,Rajendranagar,semi_critical
5354,TELANGANA,Rangareddy,Saroornagar,over_exploited
5355,TELANGANA,Rangareddy,Serilingampally,over_exploited
5356,TELANGANA,Rangareddy,Shabad,safe
5357,TELANGANA,Rangareddy,Shamshabad,safe
5358,TELANGANA,Rangareddy,Shankarpalle,safe
5359,TELANGANA,Rangareddy,Talakondapalle,semi_critical
5360,TELANGANA,Rangareddy,Yacharam,safe
5361,TELANGANA,Sangareddy,Ameenapur,semi_critical
5362,TELANGANA,Sangareddy,Andhole,safe
5363,TELANGANA,Sangareddy,Choutkur,safe
5364,TELANGANA,Sangareddy,Gummadidala,safe
5365,TELANGANA,Sangareddy,Hathanoora,safe
5366,TELANGANA,Sangareddy,Jharasangam,semi_critical
5367,TELANGANA,Sangareddy,Jinnaram,safe
5368,TELANGANA,Sangareddy,Kalher,safe
5369,TELANGANA,Sangareddy,Kandi,semi_critical
5370,TELANGANA,Sangareddy,Kangti,safe
5371,TELANGANA,Sangareddy,Kohir,safe
5372,TELANGANA,Sangareddy,Kondapur,safe
5373,TELANGANA,Sangareddy,Manoor,safe
5374,TELANGANA,Sangareddy,Mogdampalle,safe
5375,TELANGANA,Sangareddy,Munipalli,safe
5376,TELANGANA,Sangareddy,Nagalgidda,safe
5377,TELANGANA,Sangareddy,Narayankhed,safe
5378,TELANGANA,Sangareddy,Naykal,safe
5379,TELANGANA,Sangareddy,Nizampet,safe
5380,TELANGANA,Sangareddy,Patancheruvu,over_exploited
5381,TELANGANA,Sangareddy,Pulkal,safe
5382,TELANGANA,Sangareddy,Raikode,safe
5383,TELANGANA,Sangareddy,Ramachandrapuram,safe
5384,TELANGANA,Sangareddy,Sadasivpet,safe
5385,TELANGANA,Sangareddy,Sangareddy,semi_critical
5386,TELANGANA,Sangareddy,Sirgapoor,safe
5387,TELANGANA,Sangareddy,Watpalle,safe
5388,TELANGANA,Sangareddy,Zahirabad,semi_critical
5389,TELANGANA,Siddipet,Akbarpet-Bhoompally,semi_critical
5390,TELANGANA,Siddipet,Akkannapeta,safe
5391,TELANGANA,Siddipet,Bejjanki,safe
5392,TELANGANA,Siddipet,Cheriyal,semi_critical
5393,TELANGANA,Siddipet,Chinnakodur,semi_critical
5394,TELANGANA,Siddipet,Dhoolmitta,semi_critical
5395,TELANGANA,Siddipet,Doultabad,semi_critical
5396,TELANGANA,Siddipet,Dubbak,safe
5397,TELANGANA,Siddipet,Gajwel,safe
5398,TELANGANA,Siddipet,Husnabad,safe
5399,TELANGANA,Siddipet,Jagadevpur,safe
5400,TELANGANA,Siddipet,Koheda,semi_critical
5401,TELANGANA,Siddipet,Komaravelly,semi_critical
5402,TELANGANA,Siddipet,Kondapak,safe
5403,TELANGANA,Siddipet,Kukunoorpally,semi_critical
5404,TELANGANA,Siddipet,Maddur,semi_critical
5405,TELANGANA,Siddipet,Markook,semi_critical
5406,TELANGANA,Siddipet,Mirdoddi,semi_critical
5407,TELANGANA,Siddipet,Mulug,semi_critical
5408,TELANGANA,Siddipet,Nanganur,semi_critical
5409,TELANGANA,Siddipet,Narayanraopet,safe
5410,TELANGANA,Siddipet,Rayapole,safe
5411,TELANGANA,Siddipet,Siddipet_Rural,safe
5412,TELANGANA,Siddipet,Siddipet_Urban,semi_critical
5413,TELANGANA,Siddipet,Thoguta,safe
5414,TELANGANA,Siddipet,Wargal,semi_critical
5415,TELANGANA,Suryapet,Ananthagiri,safe
5416,TELANGANA,Suryapet,Atmakur_S,safe
5417,TELANGANA,Suryapet,Chilkur,safe
5418,TELANGANA,Suryapet,Chinthala palem,safe
5419,TELANGANA,Suryapet,Chivvemla,safe
5420,TELANGANA,Suryapet,Garidepalle,safe
5421,TELANGANA,Suryapet,Huzur nagar,safe
5422,TELANGANA,Suryapet,Jajireddigudem,safe
5423,TELANGANA,Suryapet,Kodad,safe
5424,TELANGANA,Suryapet,Maddirala,safe
5425,TELANGANA,Suryapet,Mattampalle,safe
5426,TELANGANA,Suryapet,Mellachervu,safe
5427,TELANGANA,Suryapet,Mothey,safe
5428,TELANGANA,Suryapet,Munagala,safe
5429,TELANGANA,Suryapet,Nadigudem,safe
5430,TELANGANA,Suryapet,Nagaram,safe
5431,TELANGANA,Suryapet,Neredcherla,safe
5432,TELANGANA,Suryapet,Noothankal,safe
5433,TELANGANA,Suryapet,Palakeedu,safe
5434,TELANGANA,Suryapet,Penpahad,safe
5435,TELANGANA,Suryapet,Suryapet,safe
5436,TELANGANA,Suryapet,Thirumalagiri,safe
5437,TELANGANA,Suryapet,Thungathurthi,semi_critical
5438,TELANGANA,Vikarabad,Bantwaram,safe
5439,TELANGANA,Vikarabad,Basheerabad,safe
5440,TELANGANA,Vikarabad,Bomraspeta,safe
5441,TELANGANA,Vikarabad,Chowdapur,safe
5442,TELANGANA,Vikarabad,Dharur,safe
5443,TELANGANA,Vikarabad,Doma,safe
5444,TELANGANA,Vikarabad,Doulatabad,safe
5445,TELANGANA,Vikarabad,Dudyal,semi_critical
5446,TELANGANA,Vikarabad,Kodangal,safe
5447,TELANGANA,Vikarabad,Kotepally,safe
5448,TELANGANA,Vikarabad,Kulkacharla,safe
5449,TELANGANA,Vikarabad,Marpalle,safe
5450,TELANGANA,Vikarabad,Mominpet,safe
5451,TELANGANA,Vikarabad,Nawabpet,safe
5452,TELANGANA,Vikarabad,Pargi,safe
5453,TELANGANA,Vikarabad,Peddemul,safe
5454,TELANGANA,Vikarabad,Pudur,safe
5455,TELANGANA,Vikarabad,Tandur,safe
5456,TELANGANA,Vikarabad,Vikarabad,safe
5457,TELANGANA,Vikarabad,Yelal,safe
5458,TELANGANA,Wanaparthy,Amarchinta,safe
5459,TELANGANA,Wanaparthy,Atmakur,safe
5460,TELANGANA,Wanaparthy,Chinnambavi,safe
5461,TELANGANA,Wanaparthy,Ghanpur,safe
5462,TELANGANA,Wanaparthy,Gopalpeta,safe
5463,TELANGANA,Wanaparthy,Kothakota,safe
5464,TELANGANA,Wanaparthy,Madanapur,safe
5465,TELANGANA,Wanaparthy,Pangal,safe
5466,TELANGANA,Wanaparthy,Pebbair,safe
5467,TELANGANA,Wanaparthy,Peddamandadi,safe
5468,TELANGANA,Wanaparthy,Revelly,safe
5469,TELANGANA,Wanaparthy,Srirangapur,safe
5470,TELANGANA,Wanaparthy,Veepangandla,safe
5471,TELANGANA,Wanaparthy,Wanaparthy,safe
5472,TELANGANA,Wanaparthy,Yedula,safe
5473,TELANGANA,Warangal,Chennaraopeta,safe
5474,TELANGANA,Warangal,Duggondi,safe
5475,TELANGANA,Warangal,Geesugonda,safe
5476,TELANGANA,Warangal,Khanapur,safe
5477,TELANGANA,Warangal,Khilla_Warangal,safe
5478,TELANGANA,Warangal,Nallabelly,safe
5479,TELANGANA,Warangal,Narsampet,safe
5480,TELANGANA,Warangal,Nekkonda,safe
5481,TELANGANA,Warangal,Parvathagiri,safe
5482,TELANGANA,Warangal,Raiparthy,safe
5483,TELANGANA,Warangal,Sangem,safe
5484,TELANGANA,Warangal,Warangal,safe
5485,TELANGANA,Warangal,Wardhannapet,safe
5486,TELANGANA,Yadadri Bhuvanagiri,Addagudur,semi_critical
5487,TELANGANA,Yadadri Bhuvanagiri,Alair,critical
5488,TELANGANA,Yadadri Bhuvanagiri,Atmakur_M,over_exploited
5489,TELANGANA,Yadadri Bhuvanagiri,Bhongiri,semi_critical
5490,TELANGANA,Yadadri Bhuvanagiri,Bibinagar,safe
5491,TELANGANA,Yadadri Bhuvanagiri,Bommalaramaram,semi_critical
5492,TELANGANA,Yadadri Bhuvanagiri,Choutuppal,semi_critical
5493,TELANGANA,Yadadri Bhuvanagiri,Gundala,semi_critical
5494,TELANGANA,Yadadri Bhuvanagiri,Mootakondur,critical
5495,TELANGANA,Yadadri Bhuvanagiri,Mothkur,semi_critical
5496,TELANGANA,Yadadri Bhuvanagiri,Narayanapur,over_exploited
5497,TELANGANA,Yadadri Bhuvanagiri,Pochampalle,safe
5498,TELANGANA,Yadadri Bhuvanagiri,Rajapet,critical
5499,TELANGANA,Yadadri Bhuvanagiri,Ramannapeta,safe
5500,TELANGANA,Yadadri Bhuvanagiri,Turkapalle_M,semi_critical
5501,TELANGANA,Yadadri Bhuvanagiri,Valigonda,safe
5502,TELANGANA,Yadadri Bhuvanagiri,Yadagirigutta,safe
5503,TRIPURA,DHALAI,AMBASA,safe
5504,TRIPURA,DHALAI,CHAWMANU,safe
5505,TRIPURA,DHALAI,DUMBURNAGAR,safe
5506,TRIPURA,DHALAI,DURGACHOWMOHANI,safe
5507,TRIPURA,DHALAI,GANGANAGAR,safe
5508,TRIPURA,DHALAI,MANU,safe
5509,TRIPURA,DHALAI,RAISHYABARI,safe
5510,TRIPURA,DHALAI,SALEMA,safe
5511,TRIPURA,GOMATI,AMARPUR,safe
5512,TRIPURA,GOMATI,KAKRABAN,safe
5513,TRIPURA,GOMATI,KARBOOK,safe
5514,TRIPURA,GOMATI,KILLA,safe
5515,TRIPURA,GOMATI,MATABARI,safe
5516,TRIPURA,GOMATI,OMPI,safe
5517,TRIPURA,GOMATI,SILACHHARI,safe
5518,TRIPURA,GOMATI,TEPANIA,safe
5519,TRIPURA,KHOWAI,KALYANPUR,safe
5520,TRIPURA,KHOWAI,KHOWAI,safe
5521,TRIPURA,KHOWAI,MUNGIAKAMI,safe
5522,TRIPURA,KHOWAI,PADMABIL,safe
5523,TRIPURA,KHOWAI,TELIAMURA,safe
5524,TRIPURA,KHOWAI,TULASIKHAR,safe
5525,TRIPURA,NORTH TRIPURA,DAMCHHERA,safe
5526,TRIPURA,NORTH TRIPURA,DASDA,safe
5527,TRIPURA,NORTH TRIPURA,JAMPUI HILL,safe
5528,TRIPURA,NORTH TRIPURA,JUBARAJNAGAR,safe
5529,TRIPURA,NORTH TRIPURA,KADAMTALA,safe
5530,TRIPURA,NORTH TRIPURA,KALACHERRA,safe
5531,TRIPURA,NORTH TRIPURA,LALJURI,safe
5532,TRIPURA,NORTH TRIPURA,PANISAGAR,safe
5533,TRIPURA,SEPAHIJALA,BISHALGARH,safe
5534,TRIPURA,SEPAHIJALA,BOXANAGAR,safe
5535,TRIPURA,SEPAHIJALA,CHARILAM,safe
5536,TRIPURA,SEPAHIJALA,JAMPUIJALA,safe
5537,TRIPURA,SEPAHIJALA,KANTHALIA,safe
5538,TRIPURA,SEPAHIJALA,MOHANBHOG,safe
5539,TRIPURA,SEPAHIJALA,NALCHAR,safe
5540,TRIPURA,SOUTH TRIPURA,BAGAFA,safe
5541,TRIPURA,SOUTH TRIPURA,BHARAT CH NAGAR,safe
5542,TRIPURA,SOUTH TRIPURA,HRISHYAMUKH,safe
5543,TRIPURA,SOUTH TRIPURA,JOLAIBARI,safe
5544,TRIPURA,SOUTH TRIPURA,POANGBARI,safe
5545,TRIPURA,SOUTH TRIPURA,RAJNAGAR,safe
5546,TRIPURA,SOUTH TRIPURA,RUPAICHARI,safe
5547,TRIPURA,SOUTH TRIPURA,SATCHAND,safe
5548,TRIPURA,UNAKOTI,CHANDIPUR,safe
5549,TRIPURA,UNAKOTI,GOURNAGAR,safe
5550,TRIPURA,UNAKOTI,KUMARGHAT,safe
5551,TRIPURA,UNAKOTI,PENCHARTHAL,safe
5552,TRIPURA,WEST TRIPURA,AMC,safe
5553,TRIPURA,WEST TRIPURA,BAMUTIA,safe
5554,TRIPURA,WEST TRIPURA,BELBARI,safe
5555,TRIPURA,WEST TRIPURA,DUKLI,safe
5556,TRIPURA,WEST TRIPURA,HEZAMARA,safe
5557,TRIPURA,WEST TRIPURA,JIRANIA,safe
5558,TRIPURA,WEST TRIPURA,LEFUNGA,safe
5559,TRIPURA,WEST TRIPURA,MANDWI,safe
5560,TRIPURA,WEST TRIPURA,MOHANPUR,safe
5561,TRIPURA,WEST TRIPURA,OLD AGARTALA,safe
5562,UTTAR PRADESH,AGRA,ACHHNERA,semi_critical
5563,UTTAR PRADESH,AGRA,AGRA CITY,over_exploited
5564,UTTAR PRADESH,AGRA,AKOLA,critical
5565,UTTAR PRADESH,AGRA,BAH,over_exploited
5566,UTTAR PRADESH,AGRA,BARAULI AHIR,over_exploited
5567,UTTAR PRADESH,AGRA,BICHPURI,over_exploited
5568,UTTAR PRADESH,AGRA,ETMADPUR,over_exploited
5569,UTTAR PRADESH,AGRA,FATEHABAD,over_exploited
5570,UTTAR PRADESH,AGRA,FATEHPUR SIKRI,critical
5571,UTTAR PRADESH,AGRA,JAGNER,semi_critical
5572,UTTAR PRADESH,AGRA,JAITPUR KALAN,semi_critical
5573,UTTAR PRADESH,AGRA,KHANDAULI,over_exploited
5574,UTTAR PRADESH,AGRA,KHERAGARH,critical
5575,UTTAR PRADESH,AGRA,PINAHAT,semi_critical
5576,UTTAR PRADESH,AGRA,SAIYANA,over_exploited
5577,UTTAR PRADESH,AGRA,SHAMSABAD,over_exploited
5578,UTTAR PRADESH,ALIGARH,AKRABAD,semi_critical
5579,UTTAR PRADESH,ALIGARH,ALIGARH CITY,over_exploited
5580,UTTAR PRADESH,ALIGARH,ATRAULI,safe
5581,UTTAR PRADESH,ALIGARH,BIJAULI,safe
5582,UTTAR PRADESH,ALIGARH,CHANDAUS,semi_critical
5583,UTTAR PRADESH,ALIGARH,DHANIPUR,safe
5584,UTTAR PRADESH,ALIGARH,GANGIRI,semi_critical
5585,UTTAR PRADESH,ALIGARH,GONDA,semi_critical
5586,UTTAR PRADESH,ALIGARH,IGLAS,critical
5587,UTTAR PRADESH,ALIGARH,JAWA SIKANDAIRPUR,semi_critical
5588,UTTAR PRADESH,ALIGARH,KHAIR,semi_critical
5589,UTTAR PRADESH,ALIGARH,LODHA,semi_critical
5590,UTTAR PRADESH,ALIGARH,TAPPAL,safe
5591,UTTAR PRADESH,AMBEDKAR NAGAR,AKBARPUR,safe
5592,UTTAR PRADESH,AMBEDKAR NAGAR,BASKHARI,safe
5593,UTTAR PRADESH,AMBEDKAR NAGAR,BHITI,safe
5594,UTTAR PRADESH,AMBEDKAR NAGAR,BHIYAON,safe
5595,UTTAR PRADESH,AMBEDKAR NAGAR,JAHANGIRGANI,safe
5596,UTTAR PRADESH,AMBEDKAR NAGAR,JALALPUR,safe
5597,UTTAR PRADESH,AMBEDKAR NAGAR,KATEHARI,safe
5598,UTTAR PRADESH,AMBEDKAR NAGAR,RAMNAGAR,safe
5599,UTTAR PRADESH,AMBEDKAR NAGAR,TANDA,safe
5600,UTTAR PRADESH,AMETHI,AMETHI,safe
5601,UTTAR PRADESH,AMETHI,BAHADURPUR,safe
5602,UTTAR PRADESH,AMETHI,BHADAR,safe
5603,UTTAR PRADESH,AMETHI,BHETUA,safe
5604,UTTAR PRADESH,AMETHI,GAURIGANJ,safe
5605,UTTAR PRADESH,AMETHI,JAGDISHPUR,semi_critical
5606,UTTAR PRADESH,AMETHI,JAMO,safe
5607,UTTAR PRADESH,AMETHI,MUSAFIRKHANA,safe
5608,UTTAR PRADESH,AMETHI,SANGRAMPUR,semi_critical
5609,UTTAR PRADESH,AMETHI,SHAHGARH,safe
5610,UTTAR PRADESH,AMETHI,SHUKUL BAZAR,safe
5611,UTTAR PRADESH,AMETHI,SINGHPUR,safe
5612,UTTAR PRADESH,AMETHI,TILOI,safe
5613,UTTAR PRADESH,AMROHA,AMROHA,semi_critical
5614,UTTAR PRADESH,AMROHA,DHANAURA,critical
5615,UTTAR PRADESH,AMROHA,GAJRAULA,critical
5616,UTTAR PRADESH,AMROHA,GANGESHWARI,semi_critical
5617,UTTAR PRADESH,AMROHA,HASANPUR,semi_critical
5618,UTTAR PRADESH,AMROHA,JOYA,over_exploited
5619,UTTAR PRADESH,AURAIYA,ACHHALDA,safe
5620,UTTAR PRADESH,AURAIYA,AJITMAL,safe
5621,UTTAR PRADESH,AURAIYA,AURRAIYA,semi_critical
5622,UTTAR PRADESH,AURAIYA,BHAGYANAGAR,safe
5623,UTTAR PRADESH,AURAIYA,BIDHUNA,safe
5624,UTTAR PRADESH,AURAIYA,ERWA KATRA,safe
5625,UTTAR PRADESH,AURAIYA,SAHAR,safe
5626,UTTAR PRADESH,AYODHYA,AMANIGANJ,safe
5627,UTTAR PRADESH,AYODHYA,BIKAPUR,safe
5628,UTTAR PRADESH,AYODHYA,HARRINGTANGANJ,safe
5629,UTTAR PRADESH,AYODHYA,MASODHA,safe
5630,UTTAR PRADESH,AYODHYA,MAWAI,safe
5631,UTTAR PRADESH,AYODHYA,MAYA BAZAR,safe
5632,UTTAR PRADESH,AYODHYA,MILKIPUR,safe
5633,UTTAR PRADESH,AYODHYA,PURA BAZAR,safe
5634,UTTAR PRADESH,AYODHYA,RUDAULI,safe
5635,UTTAR PRADESH,AYODHYA,SOHAWAL,safe
5636,UTTAR PRADESH,AYODHYA,TARUN,safe
5637,UTTAR PRADESH,AZAMGARH,AHIRAULA,safe
5638,UTTAR PRADESH,AZAMGARH,ATRAULIA,safe
5639,UTTAR PRADESH,AZAMGARH,AZAMATGARH,safe
5640,UTTAR PRADESH,AZAMGARH,BILHARIYAGANJ,safe
5641,UTTAR PRADESH,AZAMGARH,HARAIYA,safe
5642,UTTAR PRADESH,AZAMGARH,JAHANGANJ,safe
5643,UTTAR PRADESH,AZAMGARH,KOILSA,safe
5644,UTTAR PRADESH,AZAMGARH,LALGANJ,safe
5645,UTTAR PRADESH,AZAMGARH,MAHARAJGANJ,safe
5646,UTTAR PRADESH,AZAMGARH,MARTINGANJ,safe
5647,UTTAR PRADESH,AZAMGARH,MEHNAGAR,safe
5648,UTTAR PRADESH,AZAMGARH,MIRZAPUR,safe
5649,UTTAR PRADESH,AZAMGARH,MOHAMMADPUR,safe
5650,UTTAR PRADESH,AZAMGARH,PALHANA,safe
5651,UTTAR PRADESH,AZAMGARH,PALHANI,safe
5652,UTTAR PRADESH,AZAMGARH,PAWAI,safe
5653,UTTAR PRADESH,AZAMGARH,PHULPUR,safe
5654,UTTAR PRADESH,AZAMGARH,RANI KI SARAI,safe
5655,UTTAR PRADESH,AZAMGARH,SATHIYAON,safe
5656,UTTAR PRADESH,AZAMGARH,TAHBARPUR,safe
5657,UTTAR PRADESH,AZAMGARH,TARWA,safe
5658,UTTAR PRADESH,AZAMGARH,THEKMA,safe
5659,UTTAR PRADESH,BAGPAT,BAGHPAT,semi_critical
5660,UTTAR PRADESH,BAGPAT,BARAUT,semi_critical
5661,UTTAR PRADESH,BAGPAT,BINAULI,over_exploited
5662,UTTAR PRADESH,BAGPAT,CHHAPRAULI,semi_critical
5663,UTTAR PRADESH,BAGPAT,KHEKRA,over_exploited
5664,UTTAR PRADESH,BAGPAT,PILANA,over_exploited
5665,UTTAR PRADESH,BAHRAICH,BALHA,safe
5666,UTTAR PRADESH,BAHRAICH,BISHESHWARGANJ,safe
5667,UTTAR PRADESH,BAHRAICH,CHITTAURA,safe
5668,UTTAR PRADESH,BAHRAICH,FAKHARPUR,safe
5669,UTTAR PRADESH,BAHRAICH,HUZURPUR,safe
5670,UTTAR PRADESH,BAHRAICH,JARWAL,safe
5671,UTTAR PRADESH,BAHRAICH,KAISARGANJ,safe
5672,UTTAR PRADESH,BAHRAICH,MAHASI,safe
5673,UTTAR PRADESH,BAHRAICH,MIHIPURWA,safe
5674,UTTAR PRADESH,BAHRAICH,NAWABGANJ,safe
5675,UTTAR PRADESH,BAHRAICH,PAYAGPUR,safe
5676,UTTAR PRADESH,BAHRAICH,RISIYA,safe
5677,UTTAR PRADESH,BAHRAICH,SHIVPUR,safe
5678,UTTAR PRADESH,BAHRAICH,TEJWAPUR,safe
5679,UTTAR PRADESH,BALLIA,BAIRIA KHERA,safe
5680,UTTAR PRADESH,BALLIA,BANSDIH,safe
5681,UTTAR PRADESH,BALLIA,BELHARI,safe
5682,UTTAR PRADESH,BALLIA,BERUAR,safe
5683,UTTAR PRADESH,BALLIA,CHILKAHAR,safe
5684,UTTAR PRADESH,BALLIA,DUBAHAND,safe
5685,UTTAR PRADESH,BALLIA,GARWAR,safe
5686,UTTAR PRADESH,BALLIA,HANUMANGANJ BRAHMIN,safe
5687,UTTAR PRADESH,BALLIA,MANIYAR,safe
5688,UTTAR PRADESH,BALLIA,MURLI CHHAPRA,safe
5689,UTTAR PRADESH,BALLIA,NAWA NAGAR,safe
5690,UTTAR PRADESH,BALLIA,NEGARA,safe
5691,UTTAR PRADESH,BALLIA,PANDAH,safe
5692,UTTAR PRADESH,BALLIA,RASRA,safe
5693,UTTAR PRADESH,BALLIA,REOTI,safe
5694,UTTAR PRADESH,BALLIA,SIAR,safe
5695,UTTAR PRADESH,BALLIA,SOHAON,safe
5696,UTTAR PRADESH,BALRAMPUR,BALRAMPUR,safe
5697,UTTAR PRADESH,BALRAMPUR,GAINDAS BUZURG,safe
5698,UTTAR PRADESH,BALRAMPUR,GAINSARA,safe
5699,UTTAR PRADESH,BALRAMPUR,HARRAIYA SATGHARWA,safe
5700,UTTAR PRADESH,BALRAMPUR,PACHPERWA,safe
5701,UTTAR PRADESH,BALRAMPUR,REHRA BAZAR,safe
5702,UTTAR PRADESH,BALRAMPUR,SHRI DATT GANJ,safe
5703,UTTAR PRADESH,BALRAMPUR,TULSIPUR,safe
5704,UTTAR PRADESH,BALRAMPUR,UTRAULA,safe
5705,UTTAR PRADESH,BANDA,BABERU,semi_critical
5706,UTTAR PRADESH,BANDA,BAROKHAR,safe
5707,UTTAR PRADESH,BANDA,BISANDA,safe
5708,UTTAR PRADESH,BANDA,JASPURA,semi_critical
5709,UTTAR PRADESH,BANDA,KAMASIN,safe
5710,UTTAR PRADESH,BANDA,MAHUVA,safe
5711,UTTAR PRADESH,BANDA,NARAINI,semi_critical
5712,UTTAR PRADESH,BANDA,TINDWARI,semi_critical
5713,UTTAR PRADESH,BARABANKI,BANI KODAR,safe
5714,UTTAR PRADESH,BARABANKI,BANKI,safe
5715,UTTAR PRADESH,BARABANKI,DARIYABAD,safe
5716,UTTAR PRADESH,BARABANKI,DEWA,safe
5717,UTTAR PRADESH,BARABANKI,FATEHPUR,safe
5718,UTTAR PRADESH,BARABANKI,HAIDERGARH,safe
5719,UTTAR PRADESH,BARABANKI,HARAK,safe
5720,UTTAR PRADESH,BARABANKI,MASAULI,safe
5721,UTTAR PRADESH,BARABANKI,NINDAURA,safe
5722,UTTAR PRADESH,BARABANKI,PURE DALAI,safe
5723,UTTAR PRADESH,BARABANKI,RAMNAGAR,safe
5724,UTTAR PRADESH,BARABANKI,SIDDHAUR,safe
5725,UTTAR PRADESH,BARABANKI,SIRAULI GAUSPUR,safe
5726,UTTAR PRADESH,BARABANKI,SURATGANJ,safe
5727,UTTAR PRADESH,BARABANKI,TRIVEDIGANJ,safe
5728,UTTAR PRADESH,BAREILLY,ALAMPUR JAFARABAD,critical
5729,UTTAR PRADESH,BAREILLY,BAHERI,safe
5730,UTTAR PRADESH,BAREILLY,BAREILLY CITY,over_exploited
5731,UTTAR PRADESH,BAREILLY,BHADPURA,safe
5732,UTTAR PRADESH,BAREILLY,BHOJPURA,safe
5733,UTTAR PRADESH,BAREILLY,BHUTAH,safe
5734,UTTAR PRADESH,BAREILLY,BITHERI CHAINPUR,safe
5735,UTTAR PRADESH,BAREILLY,FARIDPUR,safe
5736,UTTAR PRADESH,BAREILLY,FATEHGANJ,semi_critical
5737,UTTAR PRADESH,BAREILLY,KYARA,safe
5738,UTTAR PRADESH,BAREILLY,MAJHGAWA,semi_critical
5739,UTTAR PRADESH,BAREILLY,MEERGANJ,safe
5740,UTTAR PRADESH,BAREILLY,NAWABGANJ,safe
5741,UTTAR PRADESH,BAREILLY,RAMNAGAR,semi_critical
5742,UTTAR PRADESH,BAREILLY,RICHHA,safe
5743,UTTAR PRADESH,BAREILLY,SHERGARH,safe
5744,UTTAR PRADESH,BASTI,BAHADURPUR,safe
5745,UTTAR PRADESH,BASTI,BANKATI,safe
5746,UTTAR PRADESH,BASTI,BASTI SADAR,safe
5747,UTTAR PRADESH,BASTI,DUBAULIYA,safe
5748,UTTAR PRADESH,BASTI,GAUR,safe
5749,UTTAR PRADESH,BASTI,HARRAIYA,safe
5750,UTTAR PRADESH,BASTI,KAPTANGANJ,safe
5751,UTTAR PRADESH,BASTI,KUDRAHA,safe
5752,UTTAR PRADESH,BASTI,PARASRAMPUR,safe
5753,UTTAR PRADESH,BASTI,RAMNAGAR,safe
5754,UTTAR PRADESH,BASTI,RUDHAULI,safe
5755,UTTAR PRADESH,BASTI,SALATUA,safe
5756,UTTAR PRADESH,BASTI,SAUGHAT,safe
5757,UTTAR PRADESH,BASTI,VIKRAMJOT,safe
5758,UTTAR PRADESH,BIJNOR,AFZALGARH,safe
5759,UTTAR PRADESH,BIJNOR,DHANPUR (ALHEPUR),safe
5760,UTTAR PRADESH,BIJNOR,HALDAUR (KHARI JHALU),safe
5761,UTTAR PRADESH,BIJNOR,JALEELPUR,semi_critical
5762,UTTAR PRADESH,BIJNOR,KIRATPUR,safe
5763,UTTAR PRADESH,BIJNOR,KOTWALI,semi_critical
5764,UTTAR PRADESH,BIJNOR,MOHAMMADPUR DEOMAL,safe
5765,UTTAR PRADESH,BIJNOR,NAJIBABAD,safe
5766,UTTAR PRADESH,BIJNOR,NEHTAUR (AAKU),semi_critical
5767,UTTAR PRADESH,BIJNOR,NOORPUR,semi_critical
5768,UTTAR PRADESH,BIJNOR,SEOHARA (BUDHANPUR),semi_critical
5769,UTTAR PRADESH,BUDAUN,AMBIAPUR,over_exploited
5770,UTTAR PRADESH,BUDAUN,ASAFPUR,semi_critical
5771,UTTAR PRADESH,BUDAUN,BISAULI,semi_critical
5772,UTTAR PRADESH,BUDAUN,DAHGAWAN,safe
5773,UTTAR PRADESH,BUDAUN,DATAGANJ,safe
5774,UTTAR PRADESH,BUDAUN,ISLAMNAGAR,over_exploited
5775,UTTAR PRADESH,BUDAUN,JAGAT,semi_critical
5776,UTTAR PRADESH,BUDAUN,MIAON,semi_critical
5777,UTTAR PRADESH,BUDAUN,QUADAR CHOWK,semi_critical
5778,UTTAR PRADESH,BUDAUN,SAHASWAN,semi_critical
5779,UTTAR PRADESH,BUDAUN,SALARPUR,semi_critical
5780,UTTAR PRADESH,BUDAUN,SAMRER,safe
5781,UTTAR PRADESH,BUDAUN,UJHANI,semi_critical
5782,UTTAR PRADESH,BUDAUN,USAWAN,safe
5783,UTTAR PRADESH,BUDAUN,WAZIRGANJ,semi_critical
5784,UTTAR PRADESH,BULANDSHAHAR,AGAUTA,safe
5785,UTTAR PRADESH,BULANDSHAHAR,ANUP SHAHAR,semi_critical
5786,UTTAR PRADESH,BULANDSHAHAR,ARNIA KHURD,critical
5787,UTTAR PRADESH,BULANDSHAHAR,BHAWAN BAHADUR NAGAR,critical
5788,UTTAR PRADESH,BULANDSHAHAR,BULANDSHAHAR,over_exploited
5789,UTTAR PRADESH,BULANDSHAHAR,DANPUR,critical
5790,UTTAR PRADESH,BULANDSHAHAR,DEBAI,semi_critical
5791,UTTAR PRADESH,BULANDSHAHAR,GULAOTHI,over_exploited
5792,UTTAR PRADESH,BULANDSHAHAR,JAHANGIRABAD,semi_critical
5793,UTTAR PRADESH,BULANDSHAHAR,KHURJA,critical
5794,UTTAR PRADESH,BULANDSHAHAR,LAKHAOTHI,semi_critical
5795,UTTAR PRADESH,BULANDSHAHAR,PAHASU,semi_critical
5796,UTTAR PRADESH,BULANDSHAHAR,SHIKARPUR,critical
5797,UTTAR PRADESH,BULANDSHAHAR,SIANA,over_exploited
5798,UTTAR PRADESH,BULANDSHAHAR,SIKANDRABAD,over_exploited
5799,UTTAR PRADESH,BULANDSHAHAR,UNCHAGAON,critical
5800,UTTAR PRADESH,CHANDAULI,BARAHANI,safe
5801,UTTAR PRADESH,CHANDAULI,CHAHNIYA,safe
5802,UTTAR PRADESH,CHANDAULI,CHAKIA,semi_critical
5803,UTTAR PRADESH,CHANDAULI,CHANDAULI,safe
5804,UTTAR PRADESH,CHANDAULI,DHANAPUR,safe
5805,UTTAR PRADESH,CHANDAULI,NAUGARH,safe
5806,UTTAR PRADESH,CHANDAULI,NIYAMATABAD,safe
5807,UTTAR PRADESH,CHANDAULI,SAKALDIHA,safe
5808,UTTAR PRADESH,CHANDAULI,SHAHABGANJ,safe
5809,UTTAR PRADESH,CHITRAKOOT,KARWI,critical
5810,UTTAR PRADESH,CHITRAKOOT,MANIKPUR,safe
5811,UTTAR PRADESH,CHITRAKOOT,MAU,semi_critical
5812,UTTAR PRADESH,CHITRAKOOT,PAHARI,semi_critical
5813,UTTAR PRADESH,CHITRAKOOT,RAMNAGAR,semi_critical
5814,UTTAR PRADESH,DEORIA,BANKATA,safe
5815,UTTAR PRADESH,DEORIA,BARHAJ,safe
5816,UTTAR PRADESH,DEORIA,BETALPUR,safe
5817,UTTAR PRADESH,DEORIA,BHAGALPUR,safe
5818,UTTAR PRADESH,DEORIA,BHALUANI,safe
5819,UTTAR PRADESH,DEORIA,BHATNI,safe
5820,UTTAR PRADESH,DEORIA,BHATPARANI,safe
5821,UTTAR PRADESH,DEORIA,DEORIA SADAR,safe
5822,UTTAR PRADESH,DEORIA,DESAHI DEORIA,safe
5823,UTTAR PRADESH,DEORIA,GAURI BAZAR,safe
5824,UTTAR PRADESH,DEORIA,LAR,safe
5825,UTTAR PRADESH,DEORIA,PATHER DEWA,safe
5826,UTTAR PRADESH,DEORIA,RAMPUR KARHANI,safe
5827,UTTAR PRADESH,DEORIA,RUDRAPUR,safe
5828,UTTAR PRADESH,DEORIA,SALEMPUR,safe
5829,UTTAR PRADESH,DEORIA,TARKULWA,safe
5830,UTTAR PRADESH,ETAH,ALIGANJ,semi_critical
5831,UTTAR PRADESH,ETAH,AWAGARH,safe
5832,UTTAR PRADESH,ETAH,JAITHARA,semi_critical
5833,UTTAR PRADESH,ETAH,JALESAR,semi_critical
5834,UTTAR PRADESH,ETAH,MARHARA,safe
5835,UTTAR PRADESH,ETAH,NIDHAULI KALAN,semi_critical
5836,UTTAR PRADESH,ETAH,SAKIT,safe
5837,UTTAR PRADESH,ETAH,SHITALPUR,semi_critical
5838,UTTAR PRADESH,ETAWAH,BARAHPURA,safe
5839,UTTAR PRADESH,ETAWAH,BASREHAR,safe
5840,UTTAR PRADESH,ETAWAH,BHARTHNA,safe
5841,UTTAR PRADESH,ETAWAH,CHAKARANAGAR,safe
5842,UTTAR PRADESH,ETAWAH,JASWANTNAGAR,safe
5843,UTTAR PRADESH,ETAWAH,MAHEWA,safe
5844,UTTAR PRADESH,ETAWAH,SEFAI,safe
5845,UTTAR PRADESH,ETAWAH,TAKHA,safe
5846,UTTAR PRADESH,FARRUKHABAD,BARHPUR,semi_critical
5847,UTTAR PRADESH,FARRUKHABAD,KAIMGANJ,safe
5848,UTTAR PRADESH,FARRUKHABAD,KAMALGANJ,semi_critical
5849,UTTAR PRADESH,FARRUKHABAD,MOHAMADABAD,semi_critical
5850,UTTAR PRADESH,FARRUKHABAD,NAWABGANJ,semi_critical
5851,UTTAR PRADESH,FARRUKHABAD,RAJEPUR,safe
5852,UTTAR PRADESH,FARRUKHABAD,SHAMSABAD,safe
5853,UTTAR PRADESH,FATEHPUR,AIRAYA,semi_critical
5854,UTTAR PRADESH,FATEHPUR,AMAULI,safe
5855,UTTAR PRADESH,FATEHPUR,ASODHAR,safe
5856,UTTAR PRADESH,FATEHPUR,BAHUA,semi_critical
5857,UTTAR PRADESH,FATEHPUR,BHITAURA,critical
5858,UTTAR PRADESH,FATEHPUR,DEOMAI,safe
5859,UTTAR PRADESH,FATEHPUR,DHATA,safe
5860,UTTAR PRADESH,FATEHPUR,HASWA,safe
5861,UTTAR PRADESH,FATEHPUR,HATHGAON,safe
5862,UTTAR PRADESH,FATEHPUR,KHAJUHA,semi_critical
5863,UTTAR PRADESH,FATEHPUR,MALAWAN,safe
5864,UTTAR PRADESH,FATEHPUR,TELYANI,semi_critical
5865,UTTAR PRADESH,FATEHPUR,VIJAYIPUR,safe
5866,UTTAR PRADESH,FIROZABAD,ARON,critical
5867,UTTAR PRADESH,FIROZABAD,EKA,safe
5868,UTTAR PRADESH,FIROZABAD,FIROZABAD,over_exploited
5869,UTTAR PRADESH,FIROZABAD,JASRANA,semi_critical
5870,UTTAR PRADESH,FIROZABAD,KHAIRGARH(HATHWANT),over_exploited
5871,UTTAR PRADESH,FIROZABAD,MADANPUR,safe
5872,UTTAR PRADESH,FIROZABAD,NARKHI,over_exploited
5873,UTTAR PRADESH,FIROZABAD,SHIKOHABAD,over_exploited
5874,UTTAR PRADESH,FIROZABAD,TUNDLA,over_exploited
5875,UTTAR PRADESH,G.B.NAGAR,BISRAKH,over_exploited
5876,UTTAR PRADESH,G.B.NAGAR,DADRI,semi_critical
5877,UTTAR PRADESH,G.B.NAGAR,JEWAR,semi_critical
5878,UTTAR PRADESH,GHAZIABAD,BHOJPUR,over_exploited
5879,UTTAR PRADESH,GHAZIABAD,GAZIABAD CITY,over_exploited
5880,UTTAR PRADESH,GHAZIABAD,LONI,over_exploited
5881,UTTAR PRADESH,GHAZIABAD,MURADNAGAR,semi_critical
5882,UTTAR PRADESH,GHAZIABAD,RAZAPUR,over_exploited
5883,UTTAR PRADESH,GHAZIPUR,BHADAURA,safe
5884,UTTAR PRADESH,GHAZIPUR,BHANWARKOL,safe
5885,UTTAR PRADESH,GHAZIPUR,BIRNO,safe
5886,UTTAR PRADESH,GHAZIPUR,DEOKALI,safe
5887,UTTAR PRADESH,GHAZIPUR,GHAZIPUR,safe
5888,UTTAR PRADESH,GHAZIPUR,JAKHANIA,safe
5889,UTTAR PRADESH,GHAZIPUR,KARANDA,safe
5890,UTTAR PRADESH,GHAZIPUR,KASIMABAD,safe
5891,UTTAR PRADESH,GHAZIPUR,MANIHARI,safe
5892,UTTAR PRADESH,GHAZIPUR,MARADH,safe
5893,UTTAR PRADESH,GHAZIPUR,MOHAMMADABAD,safe
5894,UTTAR PRADESH,GHAZIPUR,REVATIPUR,safe
5895,UTTAR PRADESH,GHAZIPUR,SADAT,safe
5896,UTTAR PRADESH,GHAZIPUR,SAIDPUR,semi_critical
5897,UTTAR PRADESH,GHAZIPUR,VARACHAKWAR,safe
5898,UTTAR PRADESH,GHAZIPUR,ZAMANIA,safe
5899,UTTAR PRADESH,GONDA,BABHANJOT,safe
5900,UTTAR PRADESH,GONDA,BELSAR,safe
5901,UTTAR PRADESH,GONDA,CHHAPIA,safe
5902,UTTAR PRADESH,GONDA,COLONELGANJ,safe
5903,UTTAR PRADESH,GONDA,HALDHARMAU,safe
5904,UTTAR PRADESH,GONDA,ITIA THOK,safe
5905,UTTAR PRADESH,GONDA,JHANJHRI,safe
5906,UTTAR PRADESH,GONDA,KATRA BAZAR,safe
5907,UTTAR PRADESH,GONDA,MANKAPUR,safe
5908,UTTAR PRADESH,GONDA,MUJHANA,safe
5909,UTTAR PRADESH,GONDA,NAWABGANJ,safe
5910,UTTAR PRADESH,GONDA,PANDRI KRIPAL,safe
5911,UTTAR PRADESH,GONDA,PARASPUR,safe
5912,UTTAR PRADESH,GONDA,RUPAIDIHA,safe
5913,UTTAR PRADESH,GONDA,TARABGANJ,safe
5914,UTTAR PRADESH,GONDA,WAZIRGANJ,safe
5915,UTTAR PRADESH,GORAKHPUR,BANSGAON,safe
5916,UTTAR PRADESH,GORAKHPUR,BARAHALGANJ,safe
5917,UTTAR PRADESH,GORAKHPUR,BELGHAT,safe
5918,UTTAR PRADESH,GORAKHPUR,BHAROHIYA,safe
5919,UTTAR PRADESH,GORAKHPUR,BHATAHAT,safe
5920,UTTAR PRADESH,GORAKHPUR,BRAHMPUR,safe
5921,UTTAR PRADESH,GORAKHPUR,CAMPIERGANJ,safe
5922,UTTAR PRADESH,GORAKHPUR,CHIRGAWAN,safe
5923,UTTAR PRADESH,GORAKHPUR,GAGAHA,safe
5924,UTTAR PRADESH,GORAKHPUR,GOLA,safe
5925,UTTAR PRADESH,GORAKHPUR,JANGAL KAUDIA,safe
5926,UTTAR PRADESH,GORAKHPUR,KAURIRAM,safe
5927,UTTAR PRADESH,GORAKHPUR,KHAJNI,safe
5928,UTTAR PRADESH,GORAKHPUR,KHORABAR,safe
5929,UTTAR PRADESH,GORAKHPUR,PALI,safe
5930,UTTAR PRADESH,GORAKHPUR,PIPRAICH,safe
5931,UTTAR PRADESH,GORAKHPUR,PIPRAULI,safe
5932,UTTAR PRADESH,GORAKHPUR,SAHJANWA,safe
5933,UTTAR PRADESH,GORAKHPUR,SARDAR NAGAR,safe
5934,UTTAR PRADESH,GORAKHPUR,URUA,safe
5935,UTTAR PRADESH,HAMIRPUR,GOHAND,semi_critical
5936,UTTAR PRADESH,HAMIRPUR,KURARA,safe
5937,UTTAR PRADESH,HAMIRPUR,MAUDAHA,safe
5938,UTTAR PRADESH,HAMIRPUR,MUSKARA,safe
5939,UTTAR PRADESH,HAMIRPUR,RATH,safe
5940,UTTAR PRADESH,HAMIRPUR,SARILA,safe
5941,UTTAR PRADESH,HAMIRPUR,SUMERPUR,semi_critical
5942,UTTAR PRADESH,HAPUR,DHOLANA,semi_critical
5943,UTTAR PRADESH,HAPUR,GARH,critical
5944,UTTAR PRADESH,HAPUR,HAPUR,critical
5945,UTTAR PRADESH,HAPUR,SIMBHOLI,critical
5946,UTTAR PRADESH,HARDOI,AHIRORI,safe
5947,UTTAR PRADESH,HARDOI,BAWAN,safe
5948,UTTAR PRADESH,HARDOI,BHARAWAN,safe
5949,UTTAR PRADESH,HARDOI,BHARKHANI,safe
5950,UTTAR PRADESH,HARDOI,BHENDER KALAN,safe
5951,UTTAR PRADESH,HARDOI,BILGRAM,safe
5952,UTTAR PRADESH,HARDOI,HARIYAWAN,safe
5953,UTTAR PRADESH,HARDOI,HARPALPUR,safe
5954,UTTAR PRADESH,HARDOI,KACHHAUNA,safe
5955,UTTAR PRADESH,HARDOI,KOTHAWAN,safe
5956,UTTAR PRADESH,HARDOI,MADHAVGANJ,safe
5957,UTTAR PRADESH,HARDOI,MALLAWAN,safe
5958,UTTAR PRADESH,HARDOI,PIHANI,safe
5959,UTTAR PRADESH,HARDOI,SANDI,safe
5960,UTTAR PRADESH,HARDOI,SANDILA,safe
5961,UTTAR PRADESH,HARDOI,SHAHABAD,safe
5962,UTTAR PRADESH,HARDOI,SURSA,safe
5963,UTTAR PRADESH,HARDOI,TADIYAWAN,safe
5964,UTTAR PRADESH,HARDOI,TODARPUR,safe
5965,UTTAR PRADESH,HATHRAS,HASAYAN,safe
5966,UTTAR PRADESH,HATHRAS,HATHRAS,critical
5967,UTTAR PRADESH,HATHRAS,MURSAN,over_exploited
5968,UTTAR PRADESH,HATHRAS,SADABAD,semi_critical
5969,UTTAR PRADESH,HATHRAS,SAHPAU,over_exploited
5970,UTTAR PRADESH,HATHRAS,SASNI,over_exploited
5971,UTTAR PRADESH,HATHRAS,SIKANDRA RAO,semi_critical
5972,UTTAR PRADESH,JALAUN,DAKOR,safe
5973,UTTAR PRADESH,JALAUN,JALAUN,safe
5974,UTTAR PRADESH,JALAUN,KADAURA,safe
5975,UTTAR PRADESH,JALAUN,KONCH,safe
5976,UTTAR PRADESH,JALAUN,KUTHOND,safe
5977,UTTAR PRADESH,JALAUN,MADHOGANJ,safe
5978,UTTAR PRADESH,JALAUN,MAHEWA,safe
5979,UTTAR PRADESH,JALAUN,NADIGAON,safe
5980,UTTAR PRADESH,JALAUN,RAMPURA,safe
5981,UTTAR PRADESH,JAUNPUR,BADLAPUR,semi_critical
5982,UTTAR PRADESH,JAUNPUR,BAKSHA,safe
5983,UTTAR PRADESH,JAUNPUR,BARSATHI,safe
5984,UTTAR PRADESH,JAUNPUR,DHARMAPUR,semi_critical
5985,UTTAR PRADESH,JAUNPUR,DOBHI,safe
5986,UTTAR PRADESH,JAUNPUR,JALALPUR,safe
5987,UTTAR PRADESH,JAUNPUR,KARANJA KALAN,semi_critical
5988,UTTAR PRADESH,JAUNPUR,KERAKAT,semi_critical
5989,UTTAR PRADESH,JAUNPUR,KHUTAHAN,safe
5990,UTTAR PRADESH,JAUNPUR,MACHHLISHAHR,safe
5991,UTTAR PRADESH,JAUNPUR,MAHARAJGANJ,semi_critical
5992,UTTAR PRADESH,JAUNPUR,MARIAHU,safe
5993,UTTAR PRADESH,JAUNPUR,MUFTIGANJ,semi_critical
5994,UTTAR PRADESH,JAUNPUR,MUNGRA BADSHAHPUR,safe
5995,UTTAR PRADESH,JAUNPUR,RAMNAGAR,semi_critical
5996,UTTAR PRADESH,JAUNPUR,RAMPUR,safe
5997,UTTAR PRADESH,JAUNPUR,SHAHGANJ,safe
5998,UTTAR PRADESH,JAUNPUR,SIKRARA,semi_critical
5999,UTTAR PRADESH,JAUNPUR,SIRKONI,semi_critical
6000,UTTAR PRADESH,JAUNPUR,SUITHA KALAN,safe
6001,UTTAR PRADESH,JAUNPUR,SUJANGANJ,safe
6002,UTTAR PRADESH,JHANSI,BABINA,semi_critical
6003,UTTAR PRADESH,JHANSI,BAMAUR,safe
6004,UTTAR PRADESH,JHANSI,BANGRA,semi_critical
6005,UTTAR PRADESH,JHANSI,BARAGAON,semi_critical
6006,UTTAR PRADESH,JHANSI,CHIRGAON,safe
6007,UTTAR PRADESH,JHANSI,GURSARAI,safe
6008,UTTAR PRADESH,JHANSI,MAURANIPUR,semi_critical
6009,UTTAR PRADESH,JHANSI,MOTH,safe
6010,UTTAR PRADESH,KANNAUJ,CHHIBRAMAU,semi_critical
6011,UTTAR PRADESH,KANNAUJ,GOGRAPUR,critical
6012,UTTAR PRADESH,KANNAUJ,HASERAN,safe
6013,UTTAR PRADESH,KANNAUJ,JALALABAD,over_exploited
6014,UTTAR PRADESH,KANNAUJ,KANNAUJ,critical
6015,UTTAR PRADESH,KANNAUJ,SAURIKH,safe
6016,UTTAR PRADESH,KANNAUJ,TALGRAM,over_exploited
6017,UTTAR PRADESH,KANNAUJ,UMARDA,safe
6018,UTTAR PRADESH,KANPUR DEHAT,AKBARPUR,semi_critical
6019,UTTAR PRADESH,KANPUR DEHAT,AMRAUDHA,safe
6020,UTTAR PRADESH,KANPUR DEHAT,DERAPUR,semi_critical
6021,UTTAR PRADESH,KANPUR DEHAT,JHINJHAK,semi_critical
6022,UTTAR PRADESH,KANPUR DEHAT,MAITHA,safe
6023,UTTAR PRADESH,KANPUR DEHAT,MALSA,semi_critical
6024,UTTAR PRADESH,KANPUR DEHAT,RAJPUR,safe
6025,UTTAR PRADESH,KANPUR DEHAT,RASULABAD,safe
6026,UTTAR PRADESH,KANPUR DEHAT,SANDALPUR,safe
6027,UTTAR PRADESH,KANPUR DEHAT,SARWAN KHERA,semi_critical
6028,UTTAR PRADESH,KANPUR NAGAR,BHITARGAON,safe
6029,UTTAR PRADESH,KANPUR NAGAR,BIDHNU,semi_critical
6030,UTTAR PRADESH,KANPUR NAGAR,BILHAUR,semi_critical
6031,UTTAR PRADESH,KANPUR NAGAR,CHAUBEPUR,critical
6032,UTTAR PRADESH,KANPUR NAGAR,GHATAMPUR,semi_critical
6033,UTTAR PRADESH,KANPUR NAGAR,KAKWAN,safe
6034,UTTAR PRADESH,KANPUR NAGAR,KALYANPUR,safe
6035,UTTAR PRADESH,KANPUR NAGAR,KANPUR CITY,over_exploited
6036,UTTAR PRADESH,KANPUR NAGAR,PARARA,safe
6037,UTTAR PRADESH,KANPUR NAGAR,SARSOL,semi_critical
6038,UTTAR PRADESH,KANPUR NAGAR,SHIVRAJAPUR,semi_critical
6039,UTTAR PRADESH,KASGANJ,AMANPUR,safe
6040,UTTAR PRADESH,KASGANJ,GANJDUNDWARA,semi_critical
6041,UTTAR PRADESH,KASGANJ,KASGANJ,semi_critical
6042,UTTAR PRADESH,KASGANJ,PATIYALI,semi_critical
6043,UTTAR PRADESH,KASGANJ,SAHAWAR,safe
6044,UTTAR PRADESH,KASGANJ,SIDHPURA,safe
6045,UTTAR PRADESH,KASGANJ,SORON,safe
6046,UTTAR PRADESH,KAUSHAMBI,CHAIL,over_exploited
6047,UTTAR PRADESH,KAUSHAMBI,KARA,semi_critical
6048,UTTAR PRADESH,KAUSHAMBI,KAUSHAMBI,safe
6049,UTTAR PRADESH,KAUSHAMBI,MANJHANPUR,critical
6050,UTTAR PRADESH,KAUSHAMBI,MURATGANJ,over_exploited
6051,UTTAR PRADESH,KAUSHAMBI,NEWADA,semi_critical
6052,UTTAR PRADESH,KAUSHAMBI,SARSAWAN,safe
6053,UTTAR PRADESH,KAUSHAMBI,SIRATHU,semi_critical
6054,UTTAR PRADESH,KUSHI NAGAR,DUDHAHI,safe
6055,UTTAR PRADESH,KUSHI NAGAR,FAZIL NAGAR,safe
6056,UTTAR PRADESH,KUSHI NAGAR,HATA,safe
6057,UTTAR PRADESH,KUSHI NAGAR,KAPTANGANJ,safe
6058,UTTAR PRADESH,KUSHI NAGAR,KASYA,safe
6059,UTTAR PRADESH,KUSHI NAGAR,KHADDA,safe
6060,UTTAR PRADESH,KUSHI NAGAR,MOTICHAK,safe
6061,UTTAR PRADESH,KUSHI NAGAR,NEDUA NAURANGIYA,safe
6062,UTTAR PRADESH,KUSHI NAGAR,PADRAUNA,safe
6063,UTTAR PRADESH,KUSHI NAGAR,RAMKOLA,safe
6064,UTTAR PRADESH,KUSHI NAGAR,SIWARHI,safe
6065,UTTAR PRADESH,KUSHI NAGAR,SUKRAULI,safe
6066,UTTAR PRADESH,KUSHI NAGAR,TAMKUHI RAJ,safe
6067,UTTAR PRADESH,KUSHI NAGAR,VISHUNPURWA,safe
6068,UTTAR PRADESH,LAKHIMPUR KHERI,BANKEYGANJ,safe
6069,UTTAR PRADESH,LAKHIMPUR KHERI,BEHJAM,safe
6070,UTTAR PRADESH,LAKHIMPUR KHERI,BIJUA,safe
6071,UTTAR PRADESH,LAKHIMPUR KHERI,DHAURAHARA,safe
6072,UTTAR PRADESH,LAKHIMPUR KHERI,ISANAGAR,safe
6073,UTTAR PRADESH,LAKHIMPUR KHERI,KUMBHIGOLA,safe
6074,UTTAR PRADESH,LAKHIMPUR KHERI,LAKHIMPUR,safe
6075,UTTAR PRADESH,LAKHIMPUR KHERI,MITAULI,safe
6076,UTTAR PRADESH,LAKHIMPUR KHERI,MOHAMMADI,safe
6077,UTTAR PRADESH,LAKHIMPUR KHERI,NAKAHA,safe
6078,UTTAR PRADESH,LAKHIMPUR KHERI,NIGHASAN,safe
6079,UTTAR PRADESH,LAKHIMPUR KHERI,PALIA,safe
6080,UTTAR PRADESH,LAKHIMPUR KHERI,PASGAWAN,safe
6081,UTTAR PRADESH,LAKHIMPUR KHERI,PHULBEHAR,safe
6082,UTTAR PRADESH,LAKHIMPUR KHERI,RAMIABEHAR,safe
6083,UTTAR PRADESH,LALITPUR,BAR,semi_critical
6084,UTTAR PRADESH,LALITPUR,BIRDHA,semi_critical
6085,UTTAR PRADESH,LALITPUR,JAKHORA,semi_critical
6086,UTTAR PRADESH,LALITPUR,MAHRONI,semi_critical
6087,UTTAR PRADESH,LALITPUR,MANDWARA,semi_critical
6088,UTTAR PRADESH,LALITPUR,TALBEHAT,semi_critical
6089,UTTAR PRADESH,LUCKNOW,BAKSHI KA TALAB,safe
6090,UTTAR PRADESH,LUCKNOW,CHINHAT,safe
6091,UTTAR PRADESH,LUCKNOW,GOSAIGANJ,safe
6092,UTTAR PRADESH,LUCKNOW,KAKORI,safe
6093,UTTAR PRADESH,LUCKNOW,LUCKNOW CITY,over_exploited
6094,UTTAR PRADESH,LUCKNOW,MAL,safe
6095,UTTAR PRADESH,LUCKNOW,MALIHABAD,semi_critical
6096,UTTAR PRADESH,LUCKNOW,MOHANLALGANJ,safe
6097,UTTAR PRADESH,LUCKNOW,SAROJNI NAGAR,safe
6098,UTTAR PRADESH,MAHOBA,CHARKHARI,semi_critical
6099,UTTAR PRADESH,MAHOBA,JAITPUR,critical
6100,UTTAR PRADESH,MAHOBA,KABRAI,semi_critical
6101,UTTAR PRADESH,MAHOBA,PANWARI,over_exploited
6102,UTTAR PRADESH,MAHRAJGANJ,BRIJMANGANJ,safe
6103,UTTAR PRADESH,MAHRAJGANJ,DHANI,safe
6104,UTTAR PRADESH,MAHRAJGANJ,GHUGHULI,safe
6105,UTTAR PRADESH,MAHRAJGANJ,LAKSHMIPUR,safe
6106,UTTAR PRADESH,MAHRAJGANJ,MAHARAJGANJ,safe
6107,UTTAR PRADESH,MAHRAJGANJ,MITHAURA,safe
6108,UTTAR PRADESH,MAHRAJGANJ,NAUTANWA,safe
6109,UTTAR PRADESH,MAHRAJGANJ,NICHLAUL,safe
6110,UTTAR PRADESH,MAHRAJGANJ,PANIARA,safe
6111,UTTAR PRADESH,MAHRAJGANJ,PARTAWAL,safe
6112,UTTAR PRADESH,MAHRAJGANJ,PHARENDA,safe
6113,UTTAR PRADESH,MAHRAJGANJ,SISWA BAZAR,safe
6114,UTTAR PRADESH,MAINPURI,BARNAHAL,over_exploited
6115,UTTAR PRADESH,MAINPURI,BEWAR,safe
6116,UTTAR PRADESH,MAINPURI,GHIROR,safe
6117,UTTAR PRADESH,MAINPURI,JAGIR,semi_critical
6118,UTTAR PRADESH,MAINPURI,KARHAL,safe
6119,UTTAR PRADESH,MAINPURI,KISHNI,safe
6120,UTTAR PRADESH,MAINPURI,KURAWALI,semi_critical
6121,UTTAR PRADESH,MAINPURI,MAINPURI,semi_critical
6122,UTTAR PRADESH,MAINPURI,SULTANGANJ,safe
6123,UTTAR PRADESH,MATHURA,BALDEO,critical
6124,UTTAR PRADESH,MATHURA,CHAUMUHAN,safe
6125,UTTAR PRADESH,MATHURA,CHHATA,safe
6126,UTTAR PRADESH,MATHURA,FARAH,safe
6127,UTTAR PRADESH,MATHURA,GOVARDHAN,safe
6128,UTTAR PRADESH,MATHURA,MAT,safe
6129,UTTAR PRADESH,MATHURA,MATHURA,safe
6130,UTTAR PRADESH,MATHURA,NANDGAON,safe
6131,UTTAR PRADESH,MATHURA,NOHJHIL,critical
6132,UTTAR PRADESH,MATHURA,RAYA,critical
6133,UTTAR PRADESH,MAUNATH BHANJAN,BADRAON,safe
6134,UTTAR PRADESH,MAUNATH BHANJAN,DOHRI GHAT,safe
6135,UTTAR PRADESH,MAUNATH BHANJAN,FATEHPUR MADRAUN,safe
6136,UTTAR PRADESH,MAUNATH BHANJAN,GHOSI,safe
6137,UTTAR PRADESH,MAUNATH BHANJAN,KOPAGANJ,safe
6138,UTTAR PRADESH,MAUNATH BHANJAN,MOHAMMADABAD,safe
6139,UTTAR PRADESH,MAUNATH BHANJAN,PARDAHA,safe
6140,UTTAR PRADESH,MAUNATH BHANJAN,RANIPUR,safe
6141,UTTAR PRADESH,MAUNATH BHANJAN,RATANPURA,safe
6142,UTTAR PRADESH,MEERUT,DAURALA,semi_critical
6143,UTTAR PRADESH,MEERUT,HASTINAPUR,safe
6144,UTTAR PRADESH,MEERUT,JANI,safe
6145,UTTAR PRADESH,MEERUT,KHARKHODA,critical
6146,UTTAR PRADESH,MEERUT,MACHHRA,critical
6147,UTTAR PRADESH,MEERUT,MAWANA KALAN,semi_critical
6148,UTTAR PRADESH,MEERUT,MEERUT,semi_critical
6149,UTTAR PRADESH,MEERUT,MEERUT CITY,over_exploited
6150,UTTAR PRADESH,MEERUT,PARICHHATGARH,semi_critical
6151,UTTAR PRADESH,MEERUT,RAJPURA,semi_critical
6152,UTTAR PRADESH,MEERUT,ROHTA,safe
6153,UTTAR PRADESH,MEERUT,SARDHANA,safe
6154,UTTAR PRADESH,MEERUT,SARURPUR,semi_critical
6155,UTTAR PRADESH,MIRZAPUR,CHANBEY,safe
6156,UTTAR PRADESH,MIRZAPUR,CITY,semi_critical
6157,UTTAR PRADESH,MIRZAPUR,HALLIA,safe
6158,UTTAR PRADESH,MIRZAPUR,JAMALPUR,safe
6159,UTTAR PRADESH,MIRZAPUR,KON,critical
6160,UTTAR PRADESH,MIRZAPUR,LALGANJ,safe
6161,UTTAR PRADESH,MIRZAPUR,MAJHAWAN,critical
6162,UTTAR PRADESH,MIRZAPUR,MARIHAN,safe
6163,UTTAR PRADESH,MIRZAPUR,NARAYANPUR,safe
6164,UTTAR PRADESH,MIRZAPUR,PAHARI,safe
6165,UTTAR PRADESH,MIRZAPUR,RAJGARH,safe
6166,UTTAR PRADESH,MIRZAPUR,SIKHAR,semi_critical
6167,UTTAR PRADESH,MORADABAD,BHAGATPUR,safe
6168,UTTAR PRADESH,MORADABAD,BILARI,semi_critical
6169,UTTAR PRADESH,MORADABAD,CHHAJLET,semi_critical
6170,UTTAR PRADESH,MORADABAD,DILARI,semi_critical
6171,UTTAR PRADESH,MORADABAD,KUNDARKI (DENGAPUR),semi_critical
6172,UTTAR PRADESH,MORADABAD,MORADABAD,semi_critical
6173,UTTAR PRADESH,MORADABAD,MORADABAD City,over_exploited
6174,UTTAR PRADESH,MORADABAD,MUNDAPANDEY,semi_critical
6175,UTTAR PRADESH,MORADABAD,THAKURDWARA,safe
6176,UTTAR PRADESH,MUZAFFARNAGAR,BHAGHARA,over_exploited
6177,UTTAR PRADESH,MUZAFFARNAGAR,BUDHANA,critical
6178,UTTAR PRADESH,MUZAFFARNAGAR,CHARTHAWAL,critical
6179,UTTAR PRADESH,MUZAFFARNAGAR,JANSATH,safe
6180,UTTAR PRADESH,MUZAFFARNAGAR,KHATAULI,safe
6181,UTTAR PRADESH,MUZAFFARNAGAR,MORNA,safe
6182,UTTAR PRADESH,MUZAFFARNAGAR,MUZAFFARNAGAR,over_exploited
6183,UTTAR PRADESH,MUZAFFARNAGAR,PURQAJI,safe
6184,UTTAR PRADESH,MUZAFFARNAGAR,SHAHPUR,semi_critical
6185,UTTAR PRADESH,PILIBHIT,AMARIA,safe
6186,UTTAR PRADESH,PILIBHIT,BARKHERA,safe
6187,UTTAR PRADESH,PILIBHIT,BILSANDA,safe
6188,UTTAR PRADESH,PILIBHIT,BISALPUR,safe
6189,UTTAR PRADESH,PILIBHIT,LALAURIKHERA,safe
6190,UTTAR PRADESH,PILIBHIT,MARAURI,safe
6191,UTTAR PRADESH,PILIBHIT,PURANPUR,safe
6192,UTTAR PRADESH,PRATAPGARH,ASPUR DEOSARA,safe
6193,UTTAR PRADESH,PRATAPGARH,BABA BELKHAR NATH,semi_critical
6194,UTTAR PRADESH,PRATAPGARH,BABAGANJ,safe
6195,UTTAR PRADESH,PRATAPGARH,BIHAR,safe
6196,UTTAR PRADESH,PRATAPGARH,GAURA,semi_critical
6197,UTTAR PRADESH,PRATAPGARH,KALANKER,safe
6198,UTTAR PRADESH,PRATAPGARH,KUNDA,safe
6199,UTTAR PRADESH,PRATAPGARH,LAKSHAMANPUR,semi_critical
6200,UTTAR PRADESH,PRATAPGARH,LALGANJ,semi_critical
6201,UTTAR PRADESH,PRATAPGARH,MANDHATA,critical
6202,UTTAR PRADESH,PRATAPGARH,MANGARAURA,semi_critical
6203,UTTAR PRADESH,PRATAPGARH,PATTI,semi_critical
6204,UTTAR PRADESH,PRATAPGARH,RAMPUR-SANGRAMGARH,semi_critical
6205,UTTAR PRADESH,PRATAPGARH,SADAR,critical
6206,UTTAR PRADESH,PRATAPGARH,SANDWA CHANDIKA,critical
6207,UTTAR PRADESH,PRATAPGARH,SANGAIPUR,safe
6208,UTTAR PRADESH,PRATAPGARH,SHIVGARH,critical
6209,UTTAR PRADESH,PRAYAGRAJ,BAHADURPUR,semi_critical
6210,UTTAR PRADESH,PRAYAGRAJ,BAHARIA,safe
6211,UTTAR PRADESH,PRAYAGRAJ,BHAGWATPUR,safe
6212,UTTAR PRADESH,PRAYAGRAJ,CHAKA,critical
6213,UTTAR PRADESH,PRAYAGRAJ,DHANUPUR,semi_critical
6214,UTTAR PRADESH,PRAYAGRAJ,HANDIA,safe
6215,UTTAR PRADESH,PRAYAGRAJ,HOLAGARH,safe
6216,UTTAR PRADESH,PRAYAGRAJ,JASRA,safe
6217,UTTAR PRADESH,PRAYAGRAJ,KARCHANA,safe
6218,UTTAR PRADESH,PRAYAGRAJ,KAUDHIYARA,safe
6219,UTTAR PRADESH,PRAYAGRAJ,KAURIHAR,semi_critical
6220,UTTAR PRADESH,PRAYAGRAJ,KORAON,safe
6221,UTTAR PRADESH,PRAYAGRAJ,MANDA,safe
6222,UTTAR PRADESH,PRAYAGRAJ,MAUAIMA,semi_critical
6223,UTTAR PRADESH,PRAYAGRAJ,MEJA,safe
6224,UTTAR PRADESH,PRAYAGRAJ,PHULPUR,semi_critical
6225,UTTAR PRADESH,PRAYAGRAJ,PRATAPPUR,semi_critical
6226,UTTAR PRADESH,PRAYAGRAJ,PRAYAGRAJ CITY,over_exploited
6227,UTTAR PRADESH,PRAYAGRAJ,SAHSON,critical
6228,UTTAR PRADESH,PRAYAGRAJ,SAIDABAD,semi_critical
6229,UTTAR PRADESH,PRAYAGRAJ,SHANKARGARH,safe
6230,UTTAR PRADESH,PRAYAGRAJ,SHRINGVERPUR DHAM,semi_critical
6231,UTTAR PRADESH,PRAYAGRAJ,SORAON,safe
6232,UTTAR PRADESH,PRAYAGRAJ,URUWAN,semi_critical
6233,UTTAR PRADESH,RAIBARELI,AMAWAN,safe
6234,UTTAR PRADESH,RAIBARELI,BACHRAWAN,safe
6235,UTTAR PRADESH,RAIBARELI,CHHATOH,safe
6236,UTTAR PRADESH,RAIBARELI,DALMAU,safe
6237,UTTAR PRADESH,RAIBARELI,DEENSAH GAURA,safe
6238,UTTAR PRADESH,RAIBARELI,DIH,safe
6239,UTTAR PRADESH,RAIBARELI,HARCHANDPUR,safe
6240,UTTAR PRADESH,RAIBARELI,JAGATPUR,safe
6241,UTTAR PRADESH,RAIBARELI,KHIRON,safe
6242,UTTAR PRADESH,RAIBARELI,LALGANJ,safe
6243,UTTAR PRADESH,RAIBARELI,MAHARAJGANJ,safe
6244,UTTAR PRADESH,RAIBARELI,RAHI,safe
6245,UTTAR PRADESH,RAIBARELI,ROHANIYA,safe
6246,UTTAR PRADESH,RAIBARELI,SALAON,safe
6247,UTTAR PRADESH,RAIBARELI,SARAINI,safe
6248,UTTAR PRADESH,RAIBARELI,SATAWAN,safe
6249,UTTAR PRADESH,RAIBARELI,SHIVGARH,safe
6250,UTTAR PRADESH,RAIBARELI,UNCHAHAR,safe
6251,UTTAR PRADESH,RAMPUR,BILASPUR,safe
6252,UTTAR PRADESH,RAMPUR,CHAMRAUWA,semi_critical
6253,UTTAR PRADESH,RAMPUR,MILAK,safe
6254,UTTAR PRADESH,RAMPUR,SAID NAGAR,semi_critical
6255,UTTAR PRADESH,RAMPUR,SAUR,semi_critical
6256,UTTAR PRADESH,RAMPUR,SHAHABAD,semi_critical
6257,UTTAR PRADESH,SAHARANPUR,BALLIA KHERI,semi_critical
6258,UTTAR PRADESH,SAHARANPUR,DEOBAND,semi_critical
6259,UTTAR PRADESH,SAHARANPUR,GANGOH,over_exploited
6260,UTTAR PRADESH,SAHARANPUR,MUZAFFARABAD,semi_critical
6261,UTTAR PRADESH,SAHARANPUR,NAGAL,over_exploited
6262,UTTAR PRADESH,SAHARANPUR,NAKUR,over_exploited
6263,UTTAR PRADESH,SAHARANPUR,NANAUTA,semi_critical
6264,UTTAR PRADESH,SAHARANPUR,PUNWARKA,safe
6265,UTTAR PRADESH,SAHARANPUR,RAMPUR MANIHARAN,semi_critical
6266,UTTAR PRADESH,SAHARANPUR,SADHAULI KADEEM,semi_critical
6267,UTTAR PRADESH,SAHARANPUR,SARSAWA,over_exploited
6268,UTTAR PRADESH,SAMBHAL,ASMOLI,semi_critical
6269,UTTAR PRADESH,SAMBHAL,BAHJOI,semi_critical
6270,UTTAR PRADESH,SAMBHAL,BANIAKHERA,critical
6271,UTTAR PRADESH,SAMBHAL,GUNNAUR,semi_critical
6272,UTTAR PRADESH,SAMBHAL,JANAWAI,semi_critical
6273,UTTAR PRADESH,SAMBHAL,PAWANSA,critical
6274,UTTAR PRADESH,SAMBHAL,RAJPURA,safe
6275,UTTAR PRADESH,SAMBHAL,SAMBHAL,semi_critical
6276,UTTAR PRADESH,SANT KABIR NAGAR,BAGHAULI,safe
6277,UTTAR PRADESH,SANT KABIR NAGAR,HAISAR BAZAR,safe
6278,UTTAR PRADESH,SANT KABIR NAGAR,KHALILABAD,safe
6279,UTTAR PRADESH,SANT KABIR NAGAR,MEHDAWAL,safe
6280,UTTAR PRADESH,SANT KABIR NAGAR,NATH NAGAR,safe
6281,UTTAR PRADESH,SANT KABIR NAGAR,PAULI,safe
6282,UTTAR PRADESH,SANT KABIR NAGAR,SANTHA,safe
6283,UTTAR PRADESH,SANT KABIR NAGAR,SEMARIYAWAN,safe
6284,UTTAR PRADESH,SANT KABIR NAGAR,VELHAR KALAN,safe
6285,UTTAR PRADESH,SANT RAVIDAS NAGAR,ABHAULI,semi_critical
6286,UTTAR PRADESH,SANT RAVIDAS NAGAR,AURAI,safe
6287,UTTAR PRADESH,SANT RAVIDAS NAGAR,BHADOHI,semi_critical
6288,UTTAR PRADESH,SANT RAVIDAS NAGAR,DEEGH,semi_critical
6289,UTTAR PRADESH,SANT RAVIDAS NAGAR,GYANPUR,semi_critical
6290,UTTAR PRADESH,SANT RAVIDAS NAGAR,SURIYAWAN,semi_critical
6291,UTTAR PRADESH,SHAHJAHANPUR,BANDA,safe
6292,UTTAR PRADESH,SHAHJAHANPUR,BHAWAL KHERA,safe
6293,UTTAR PRADESH,SHAHJAHANPUR,DADROL,safe
6294,UTTAR PRADESH,SHAHJAHANPUR,JAITPUR,safe
6295,UTTAR PRADESH,SHAHJAHANPUR,JALALABAD,safe
6296,UTTAR PRADESH,SHAHJAHANPUR,KALAN,safe
6297,UTTAR PRADESH,SHAHJAHANPUR,KANTH,safe
6298,UTTAR PRADESH,SHAHJAHANPUR,KATRA,safe
6299,UTTAR PRADESH,SHAHJAHANPUR,KHUTAR,safe
6300,UTTAR PRADESH,SHAHJAHANPUR,MADANAPUR,safe
6301,UTTAR PRADESH,SHAHJAHANPUR,MIRZAPUR,safe
6302,UTTAR PRADESH,SHAHJAHANPUR,NIGOHI,safe
6303,UTTAR PRADESH,SHAHJAHANPUR,PUYAWAN,safe
6304,UTTAR PRADESH,SHAHJAHANPUR,SINDHAULI,safe
6305,UTTAR PRADESH,SHAHJAHANPUR,TILHAR,safe
6306,UTTAR PRADESH,SHAMLI,KAIRANA,critical
6307,UTTAR PRADESH,SHAMLI,KANDHALA,critical
6308,UTTAR PRADESH,SHAMLI,SHAMLI,over_exploited
6309,UTTAR PRADESH,SHAMLI,THANA BHAWAN,critical
6310,UTTAR PRADESH,SHAMLI,UN,critical
6311,UTTAR PRADESH,SHRAWASTI,GILAULA,safe
6312,UTTAR PRADESH,SHRAWASTI,HARIHARPUR RANI,safe
6313,UTTAR PRADESH,SHRAWASTI,IKAUNA,safe
6314,UTTAR PRADESH,SHRAWASTI,JAMUNAHA,safe
6315,UTTAR PRADESH,SHRAWASTI,SIRSIYA,safe
6316,UTTAR PRADESH,SIDDHARTH NAGAR,BANSI,safe
6317,UTTAR PRADESH,SIDDHARTH NAGAR,BARHANI,safe
6318,UTTAR PRADESH,SIDDHARTH NAGAR,BHANWAPUR,safe
6319,UTTAR PRADESH,SIDDHARTH NAGAR,BIRDPUR,safe
6320,UTTAR PRADESH,SIDDHARTH NAGAR,DOMARIAGANJ,safe
6321,UTTAR PRADESH,SIDDHARTH NAGAR,ITWA,safe
6322,UTTAR PRADESH,SIDDHARTH NAGAR,JOGIYA,safe
6323,UTTAR PRADESH,SIDDHARTH NAGAR,KHESRHA,safe
6324,UTTAR PRADESH,SIDDHARTH NAGAR,KHUNIYAW,safe
6325,UTTAR PRADESH,SIDDHARTH NAGAR,LOTAN,safe
6326,UTTAR PRADESH,SIDDHARTH NAGAR,MITHWAL,safe
6327,UTTAR PRADESH,SIDDHARTH NAGAR,NAUGARH,safe
6328,UTTAR PRADESH,SIDDHARTH NAGAR,SHOHATGARH,safe
6329,UTTAR PRADESH,SIDDHARTH NAGAR,USKA BAZAR,safe
6330,UTTAR PRADESH,SITAPUR,AILIA,safe
6331,UTTAR PRADESH,SITAPUR,BEHTA,safe
6332,UTTAR PRADESH,SITAPUR,BISWAN,safe
6333,UTTAR PRADESH,SITAPUR,GONDLAMAU,safe
6334,UTTAR PRADESH,SITAPUR,HARGAON,safe
6335,UTTAR PRADESH,SITAPUR,KASMANDA,safe
6336,UTTAR PRADESH,SITAPUR,KHAIRABAD,safe
6337,UTTAR PRADESH,SITAPUR,LAHARPUR,safe
6338,UTTAR PRADESH,SITAPUR,MACHHREHTA,safe
6339,UTTAR PRADESH,SITAPUR,MAHMUDABAD,safe
6340,UTTAR PRADESH,SITAPUR,MAHOLI,safe
6341,UTTAR PRADESH,SITAPUR,MISRIKH,safe
6342,UTTAR PRADESH,SITAPUR,PAHALA,safe
6343,UTTAR PRADESH,SITAPUR,PARSENDI,safe
6344,UTTAR PRADESH,SITAPUR,PISAWAN,safe
6345,UTTAR PRADESH,SITAPUR,RAMPUR MATHURA,safe
6346,UTTAR PRADESH,SITAPUR,REWSA,safe
6347,UTTAR PRADESH,SITAPUR,SAKRAN,safe
6348,UTTAR PRADESH,SITAPUR,SIDHAULI,safe
6349,UTTAR PRADESH,SONBHADRA,BABHANI,safe
6350,UTTAR PRADESH,SONBHADRA,CHATRA,safe
6351,UTTAR PRADESH,SONBHADRA,CHOPAN,safe
6352,UTTAR PRADESH,SONBHADRA,DUDHI,semi_critical
6353,UTTAR PRADESH,SONBHADRA,GHORAWAL,safe
6354,UTTAR PRADESH,SONBHADRA,KARMA,safe
6355,UTTAR PRADESH,SONBHADRA,KONE,safe
6356,UTTAR PRADESH,SONBHADRA,MYORPUR,safe
6357,UTTAR PRADESH,SONBHADRA,NAGAWA,safe
6358,UTTAR PRADESH,SONBHADRA,ROBERTSGANJ,safe
6359,UTTAR PRADESH,SULTANPUR,AKHAND NAGAR,safe
6360,UTTAR PRADESH,SULTANPUR,BALDIRAI,safe
6361,UTTAR PRADESH,SULTANPUR,BHADAIYAN,safe
6362,UTTAR PRADESH,SULTANPUR,DHANPATGANJ,safe
6363,UTTAR PRADESH,SULTANPUR,DOSTPUR,safe
6364,UTTAR PRADESH,SULTANPUR,DUBEPUR,safe
6365,UTTAR PRADESH,SULTANPUR,JAI SINGHPUR,safe
6366,UTTAR PRADESH,SULTANPUR,KADIPUR,safe
6367,UTTAR PRADESH,SULTANPUR,KARONDIKALA,safe
6368,UTTAR PRADESH,SULTANPUR,KUREBHAR,safe
6369,UTTAR PRADESH,SULTANPUR,KURWAR,safe
6370,UTTAR PRADESH,SULTANPUR,LAMBHUA,safe
6371,UTTAR PRADESH,SULTANPUR,MOTIGARPUR,safe
6372,UTTAR PRADESH,SULTANPUR,P.P. KANNAICHA,safe
6373,UTTAR PRADESH,UNNAO,ASOHA,safe
6374,UTTAR PRADESH,UNNAO,AURAS,safe
6375,UTTAR PRADESH,UNNAO,BANGARMAU,safe
6376,UTTAR PRADESH,UNNAO,BICHHIA,safe
6377,UTTAR PRADESH,UNNAO,BIGHAPUR,safe
6378,UTTAR PRADESH,UNNAO,FATEHPUR CHAURASI,safe
6379,UTTAR PRADESH,UNNAO,GANG MURADABAD,safe
6380,UTTAR PRADESH,UNNAO,HASANGANJ,safe
6381,UTTAR PRADESH,UNNAO,HILAULI,safe
6382,UTTAR PRADESH,UNNAO,MIANGANJ,safe
6383,UTTAR PRADESH,UNNAO,NAWABGANJ,safe
6384,UTTAR PRADESH,UNNAO,PURWA,safe
6385,UTTAR PRADESH,UNNAO,SAFIPUR,safe
6386,UTTAR PRADESH,UNNAO,SIKANDAR SIRAUSI,safe
6387,UTTAR PRADESH,UNNAO,SIKANDARPUR KARAN,safe
6388,UTTAR PRADESH,UNNAO,SUMERPUR,safe
6389,UTTAR PRADESH,VARANASI,ARAZILINE,over_exploited
6390,UTTAR PRADESH,VARANASI,BARAGAON,safe
6391,UTTAR PRADESH,VARANASI,CHIRAIGAON,critical
6392,UTTAR PRADESH,VARANASI,CHOLAPUR,semi_critical
6393,UTTAR PRADESH,VARANASI,HARAHUA,critical
6394,UTTAR PRADESH,VARANASI,KASHI VIDYAPITH,semi_critical
6395,UTTAR PRADESH,VARANASI,PINDRA,semi_critical
6396,UTTAR PRADESH,VARANASI,SEVAPURI,semi_critical
6397,UTTAR PRADESH,VARANASI,VARANASI City,over_exploited
6398,Uttarakhand,Dehradun,Doiwala,safe
6399,Uttarakhand,Dehradun,Raipur,safe
6400,Uttarakhand,Dehradun,Sahaspur,safe
6401,Uttarakhand,Dehradun,Vikasnagar,safe
6402,Uttarakhand,Haridwar,Bahadrabad,semi_critical
6403,Uttarakhand,Haridwar,Bhagwanpur,semi_critical
6404,Uttarakhand,Haridwar,Khanpur,safe
6405,Uttarakhand,Haridwar,Laksar,safe
6406,Uttarakhand,Haridwar,Narsan,safe
6407,Uttarakhand,Haridwar,Roorkee,safe
6408,Uttarakhand,Nainital,Haldwani,semi_critical
6409,Uttarakhand,Nainital,Kotabagh,safe
6410,Uttarakhand,Nainital,Ramnagar,safe
6411,Uttarakhand,Udham Singh Nagar,Bajpur,safe
6412,Uttarakhand,Udham Singh Nagar,Gadarpur,safe
6413,Uttarakhand,Udham Singh Nagar,Jaspur,safe
6414,Uttarakhand,Udham Singh Nagar,Kashipur,semi_critical
6415,Uttarakhand,Udham Singh Nagar,Khatima,safe
6416,Uttarakhand,Udham Singh Nagar,Rudrapur,safe
6417,Uttarakhand,Udham Singh Nagar,Sitarganj,safe
6418,West Bengal,ALIPURDUAR,ALIPURDUAR-I,safe
6419,West Bengal,ALIPURDUAR,ALIPURDUAR-II,safe
6420,West Bengal,ALIPURDUAR,FALAKATA,safe
6421,West Bengal,ALIPURDUAR,KALCHINI,safe
6422,West Bengal,ALIPURDUAR,KUMARGRAM,safe
6423,West Bengal,ALIPURDUAR,MADARIHAT,safe
6424,West Bengal,BANKURA,BANKURA-I,safe
6425,West Bengal,BANKURA,BANKURA-II,safe
6426,West Bengal,BANKURA,BARJORA,safe
6427,West Bengal,BANKURA,CHHATNA,safe
6428,West Bengal,BANKURA,GANGAJALGHATI,safe
6429,West Bengal,BANKURA,HIRBANDH,safe
6430,West Bengal,BANKURA,INDPUR,safe
6431,West Bengal,BANKURA,INDUS,safe
6432,West Bengal,BANKURA,JAYPUR,safe
6433,West Bengal,BANKURA,KHATRA,safe
6434,West Bengal,BANKURA,KOTULPUR,semi_critical
6435,West Bengal,BANKURA,MEJHIA,safe
6436,West Bengal,BANKURA,ONDA,safe
6437,West Bengal,BANKURA,PATRASAYER,safe
6438,West Bengal,BANKURA,RAIPUR,safe
6439,West Bengal,BANKURA,RANIBUNDH,safe
6440,West Bengal,BANKURA,SALTORA,safe
6441,West Bengal,BANKURA,SARENGA,safe
6442,West Bengal,BANKURA,SIMLAPAL,safe
6443,West Bengal,BANKURA,SONAMUKHI,safe
6444,West Bengal,BANKURA,TALDANGRA,safe
6445,West Bengal,BANKURA,VISHNUPUR,safe
6446,West Bengal,BIRBHUM,BOLPUR SRINIKETAN,safe
6447,West Bengal,BIRBHUM,DUBRAJPUR,safe
6448,West Bengal,BIRBHUM,ILLAMBAZAR,safe
6449,West Bengal,BIRBHUM,KHOYRASOL,safe
6450,West Bengal,BIRBHUM,LABPUR,safe
6451,West Bengal,BIRBHUM,MAYURESWAR-I,safe
6452,West Bengal,BIRBHUM,MAYURESWAR-II,safe
6453,West Bengal,BIRBHUM,MOHAMMAD BAZAR,safe
6454,West Bengal,BIRBHUM,MURARAI-I,safe
6455,West Bengal,BIRBHUM,MURARAI-II,safe
6456,West Bengal,BIRBHUM,NALHATI-I,safe
6457,West Bengal,BIRBHUM,NALHATI-II,safe
6458,West Bengal,BIRBHUM,NANOOR,safe
6459,West Bengal,BIRBHUM,RAJNAGAR,safe
6460,West Bengal,BIRBHUM,RAMPURHAT-I,safe
6461,West Bengal,BIRBHUM,RAMPURHAT-II,safe
6462,West Bengal,BIRBHUM,SAINTHIA,safe
6463,West Bengal,BIRBHUM,SURI-I,safe
6464,West Bengal,BIRBHUM,SURI-II,safe
6465,West Bengal,DAKSHIN DINAJPUR,BALURGHAT,safe
6466,West Bengal,DAKSHIN DINAJPUR,BANSIHARI,safe
6467,West Bengal,DAKSHIN DINAJPUR,GANGARAMPUR,safe
6468,West Bengal,DAKSHIN DINAJPUR,HARIRAMPUR,safe
6469,West Bengal,DAKSHIN DINAJPUR,HILLI,semi_critical
6470,West Bengal,DAKSHIN DINAJPUR,KUMARGANJ,safe
6471,West Bengal,DAKSHIN DINAJPUR,KUSHMUNDI,semi_critical
6472,West Bengal,DAKSHIN DINAJPUR,TAPAN,safe
6473,West Bengal,DARJILING,DARJEELING PULBAZAR,safe
6474,West Bengal,DARJILING,JOREBUNGLOW SUKIAPOKHRI,safe
6475,West Bengal,DARJILING,KHARIBARI,safe
6476,West Bengal,DARJILING,KURSEONG,safe
6477,West Bengal,DARJILING,MATIGARA,safe
6478,West Bengal,DARJILING,MIRIK,safe
6479,West Bengal,DARJILING,NAXALBARI,safe
6480,West Bengal,DARJILING,PHANSIDEWA,safe
6481,West Bengal,DARJILING,RANGLI RANGLIOT,safe
6482,West Bengal,HAORA,AMTA-I,safe
6483,West Bengal,HAORA,AMTA-II,safe
6487,West Bengal,HAORA,DOMJUR,safe
6488,West Bengal,HAORA,JAGATBALLAVPUR,safe
6493,West Bengal,HAORA,UDAYNARAYANPUR,safe
6496,West Bengal,HUGLI,ARAMBAG,safe
6497,West Bengal,HUGLI,BALAGARH,semi_critical
6498,West Bengal,HUGLI,CHANDITALA-I,safe
6499,West Bengal,HUGLI,CHANDITALA-II,safe
6500,West Bengal,HUGLI,CHINSURAH-MAGRA,safe
6501,West Bengal,HUGLI,DHANIAKHALI,safe
6502,West Bengal,HUGLI,GOGHAT-I,safe
6503,West Bengal,HUGLI,GOGHAT-II,semi_critical
6504,West Bengal,HUGLI,HARIPAL,safe
6505,West Bengal,HUGLI,JANGIPARA,safe
6506,West Bengal,HUGLI,KHANAKUL-I,safe
6507,West Bengal,HUGLI,KHANAKUL-II,safe
6508,West Bengal,HUGLI,PANDUA,safe
6509,West Bengal,HUGLI,POLBA-DADPUR,safe
6510,West Bengal,HUGLI,PURSURA,safe
6511,West Bengal,HUGLI,SERAMPUR UTTARPARA,semi_critical
6512,West Bengal,HUGLI,SINGUR,safe
6513,West Bengal,HUGLI,TARAKESWAR,safe
6514,West Bengal,JALPAIGURI,BANARHAT,safe
6515,West Bengal,JALPAIGURI,DHUPGURI,safe
6516,West Bengal,JALPAIGURI,JALPAIGURI SADAR,safe
6517,West Bengal,JALPAIGURI,KRANTI,safe
6518,West Bengal,JALPAIGURI,MAL,safe
6519,West Bengal,JALPAIGURI,MAYNAGURI,safe
6520,West Bengal,JALPAIGURI,METIALI,safe
6521,West Bengal,JALPAIGURI,NAGRAKATA,safe
6522,West Bengal,JALPAIGURI,RAJGANJ,safe
6523,West Bengal,JHARGRAM,BINPUR-I,safe
6524,West Bengal,JHARGRAM,BINPUR-II,safe
6525,West Bengal,JHARGRAM,GOPIBALLAVPUR-I,safe
6526,West Bengal,JHARGRAM,GOPIBALLAVPUR-II,safe
6527,West Bengal,JHARGRAM,JAMBONI,safe
6528,West Bengal,JHARGRAM,JHARGRAM,safe
6529,West Bengal,JHARGRAM,NAYAGRAM,safe
6530,West Bengal,JHARGRAM,SAKRAIL,safe
6531,West Bengal,KALIMPONG,GORUBATHAN,safe
6532,West Bengal,KALIMPONG,KALIMPONG-I,safe
6533,West Bengal,KALIMPONG,KALIMPONG-II,safe
6534,West Bengal,KOCH BIHAR,COOCHBEHAR-I,safe
6535,West Bengal,KOCH BIHAR,COOCHBEHAR-II,safe
6536,West Bengal,KOCH BIHAR,DINHATA-I,safe
6537,West Bengal,KOCH BIHAR,DINHATA-II,safe
6538,West Bengal,KOCH BIHAR,HALDIBARI,safe
6539,West Bengal,KOCH BIHAR,MATHABHANGA-I,safe
6540,West Bengal,KOCH BIHAR,MATHABHANGA-II,safe
6541,West Bengal,KOCH BIHAR,MEKLIGANJ,safe
6542,West Bengal,KOCH BIHAR,SITAI,safe
6543,West Bengal,KOCH BIHAR,SITALKUCHI,safe
6544,West Bengal,KOCH BIHAR,TUFANGANJ-I,safe
6545,West Bengal,KOCH BIHAR,TUFANGANJ-II,safe
6547,West Bengal,MALDA,BAMANGOLA,safe
6548,West Bengal,MALDA,CHANCHAL-I,safe
6549,West Bengal,MALDA,CHANCHAL-II,safe
6550,West Bengal,MALDA,ENGLISH BAZAR,safe
6551,West Bengal,MALDA,GAZOLE,safe
6552,West Bengal,MALDA,HABIBPUR,safe
6553,West Bengal,MALDA,HARISCHANDRAPUR-I,safe
6554,West Bengal,MALDA,HARISCHANDRAPUR-II,safe
6555,West Bengal,MALDA,KALIACHAK-I,safe
6556,West Bengal,MALDA,KALIACHAK-II,safe
6557,West Bengal,MALDA,KALIACHAK-III,safe
6558,West Bengal,MALDA,MANIKCHAK,safe
6559,West Bengal,MALDA,OLD MALDA,safe
6560,West Bengal,MALDA,RATUA-I,safe
6561,West Bengal,MALDA,RATUA-II,semi_critical
6562,West Bengal,MURSHIDABAD,BELDANGA-I,safe
6563,West Bengal,MURSHIDABAD,BELDANGA-II,safe
6564,West Bengal,MURSHIDABAD,BERHAMPORE,safe
6565,West Bengal,MURSHIDABAD,BHAGAWANGOLA-I,semi_critical
6566,West Bengal,MURSHIDABAD,BHAGAWANGOLA-II,safe
6567,West Bengal,MURSHIDABAD,BHARATPUR-I,safe
6568,West Bengal,MURSHIDABAD,BHARATPUR-II,safe
6569,West Bengal,MURSHIDABAD,BURWAN,safe
6570,West Bengal,MURSHIDABAD,DOMKAL,safe
6571,West Bengal,MURSHIDABAD,FARAKKA,safe
6572,West Bengal,MURSHIDABAD,HARIHARPARA,safe
6573,West Bengal,MURSHIDABAD,JALANGI,safe
6574,West Bengal,MURSHIDABAD,KANDI,safe
6575,West Bengal,MURSHIDABAD,KHARGRAM,safe
6576,West Bengal,MURSHIDABAD,LALGOLA,safe
6577,West Bengal,MURSHIDABAD,MURSHIDABAD JIAGANJ,semi_critical
6578,West Bengal,MURSHIDABAD,NABAGRAM,safe
6579,West Bengal,MURSHIDABAD,NAWDA,semi_critical
6580,West Bengal,MURSHIDABAD,RAGUNATHGANJ-I,safe
6581,West Bengal,MURSHIDABAD,RAGUNATHGANJ-II,safe
6582,West Bengal,MURSHIDABAD,RANINAGAR-I,critical
6583,West Bengal,MURSHIDABAD,RANINAGAR-II,semi_critical
6584,West Bengal,MURSHIDABAD,SAGARDIGHI,safe
6585,West Bengal,MURSHIDABAD,SAMSERGANJ,safe
6586,West Bengal,MURSHIDABAD,SUTI-I,safe
6587,West Bengal,MURSHIDABAD,SUTI-II,safe
6588,West Bengal,NADIA,CHAKDAH,safe
6589,West Bengal,NADIA,CHAPRA,critical
6590,West Bengal,NADIA,HANSKHALI,semi_critical
6591,West Bengal,NADIA,HARINGHATA,semi_critical
6592,West Bengal,NADIA,KALIGANJ,semi_critical
6593,West Bengal,NADIA,KALYANI,safe
6594,West Bengal,NADIA,KARIMPUR-I,semi_critical
6595,West Bengal,NADIA,KARIMPUR-II,semi_critical
6596,West Bengal,NADIA,KRISHNAGANJ,critical
6597,West Bengal,NADIA,KRISHNANAGAR-I,semi_critical
6598,West Bengal,NADIA,KRISHNANAGAR-II,safe
6599,West Bengal,NADIA,NABADWIP,semi_critical
6600,West Bengal,NADIA,NAKASHIPARA,critical
6601,West Bengal,NADIA,RANAGHAT-I,safe
6602,West Bengal,NADIA,RANAGHAT-II,critical
6603,West Bengal,NADIA,SANTIPUR,semi_critical
6604,West Bengal,NADIA,TEHATTA-I,semi_critical
6605,West Bengal,NADIA,TEHATTA-II,critical
6606,West Bengal,NORTH 24 PARGANAS,AMDANGA,safe
6607,West Bengal,NORTH 24 PARGANAS,BADURIA,semi_critical
6608,West Bengal,NORTH 24 PARGANAS,BAGDA,semi_critical
6609,West Bengal,NORTH 24 PARGANAS,BARASAT-I,semi_critical
6610,West Bengal,NORTH 24 PARGANAS,BARASAT-II,safe
6611,West Bengal,NORTH 24 PARGANAS,BARRACKPUR-I,safe
6612,West Bengal,NORTH 24 PARGANAS,BARRACKPUR-II,safe
6613,West Bengal,NORTH 24 PARGANAS,BASIRHAT-I,critical
6614,West Bengal,NORTH 24 PARGANAS,BASIRHAT-II,safe
6615,West Bengal,NORTH 24 PARGANAS,BONGAON,critical
6616,West Bengal,NORTH 24 PARGANAS,DEGANGA,critical
6617,West Bengal,NORTH 24 PARGANAS,GAIGHATA,semi_critical
6618,West Bengal,NORTH 24 PARGANAS,HABRA-I,semi_critical
6619,West Bengal,NORTH 24 PARGANAS,HABRA-II,safe
6620,West Bengal,NORTH 24 PARGANAS,HAROA,safe
6624,West Bengal,NORTH 24 PARGANAS,RAJARHAT,safe
6627,West Bengal,NORTH 24 PARGANAS,SWARUPNAGAR,semi_critical
6628,West Bengal,PASCHIM BARDDHAMAN,ANDAL,safe
6629,West Bengal,PASCHIM BARDDHAMAN,BARABANI,safe
6630,West Bengal,PASCHIM BARDDHAMAN,DURGAPUR-FARIDPUR,safe
6631,West Bengal,PASCHIM BARDDHAMAN,JAMURIA,safe
6632,West Bengal,PASCHIM BARDDHAMAN,KANKSA,safe
6633,West Bengal,PASCHIM BARDDHAMAN,PANDABESWAR,safe
6634,West Bengal,PASCHIM BARDDHAMAN,RANIGANJ,safe
6635,West Bengal,PASCHIM BARDDHAMAN,SALANPUR,safe
6636,West Bengal,PASCHIM MEDINIPUR,CHANDRAKONA-I,safe
6637,West Bengal,PASCHIM MEDINIPUR,CHANDRAKONA-II,semi_critical
6638,West Bengal,PASCHIM MEDINIPUR,DANTAN-I,safe
6639,West Bengal,PASCHIM MEDINIPUR,DANTAN-II,safe
6640,West Bengal,PASCHIM MEDINIPUR,DASPUR-I,safe
6641,West Bengal,PASCHIM MEDINIPUR,DASPUR-II,safe
6642,West Bengal,PASCHIM MEDINIPUR,DEBRA,safe
6643,West Bengal,PASCHIM MEDINIPUR,GARBETA-I,semi_critical
6644,West Bengal,PASCHIM MEDINIPUR,GARBETA-II,safe
6645,West Bengal,PASCHIM MEDINIPUR,GARBETA-III,safe
6646,West Bengal,PASCHIM MEDINIPUR,GHATAL,safe
6647,West Bengal,PASCHIM MEDINIPUR,KESHIARY,safe
6648,West Bengal,PASCHIM MEDINIPUR,KESHPUR,safe
6649,West Bengal,PASCHIM MEDINIPUR,KHARAGPUR-I,safe
6650,West Bengal,PASCHIM MEDINIPUR,KHARAGPUR-II,semi_critical
6651,West Bengal,PASCHIM MEDINIPUR,MIDNAPORE,safe
6652,West Bengal,PASCHIM MEDINIPUR,MOHANPUR,safe
6653,West Bengal,PASCHIM MEDINIPUR,NARAYANGARH,safe
6654,West Bengal,PASCHIM MEDINIPUR,PINGLA,safe
6655,West Bengal,PASCHIM MEDINIPUR,SABANG,safe
6656,West Bengal,PASCHIM MEDINIPUR,SALBANI,safe
6657,West Bengal,PURBA BARDDHAMAN,AUSGRAM-I,safe
6658,West Bengal,PURBA BARDDHAMAN,AUSGRAM-II,safe
6659,West Bengal,PURBA BARDDHAMAN,BHATAR,safe
6660,West Bengal,PURBA BARDDHAMAN,BURDWAN-I,safe
6661,West Bengal,PURBA BARDDHAMAN,BURDWAN-II,semi_critical
6662,West Bengal,PURBA BARDDHAMAN,GALSI-I,safe
6663,West Bengal,PURBA BARDDHAMAN,GALSI-II,safe
6664,West Bengal,PURBA BARDDHAMAN,JAMALPUR,safe
6665,West Bengal,PURBA BARDDHAMAN,KALNA-I,safe
6666,West Bengal,PURBA BARDDHAMAN,KALNA-II,safe
6667,West Bengal,PURBA BARDDHAMAN,KATWA-I,safe
6668,West Bengal,PURBA BARDDHAMAN,KATWA-II,safe
6669,West Bengal,PURBA BARDDHAMAN,KETUGRAM-I,safe
6670,West Bengal,PURBA BARDDHAMAN,KETUGRAM-II,safe
6671,West Bengal,PURBA BARDDHAMAN,KHANDAGHOSH,safe
6672,West Bengal,PURBA BARDDHAMAN,MANGOLKOTE,semi_critical
6673,West Bengal,PURBA BARDDHAMAN,MANTESWAR,semi_critical
6674,West Bengal,PURBA BARDDHAMAN,MEMARI-I,semi_critical
6675,West Bengal,PURBA BARDDHAMAN,MEMARI-II,safe
6676,West Bengal,PURBA BARDDHAMAN,PURBASTHALI-I,safe
6677,West Bengal,PURBA BARDDHAMAN,PURBASTHALI-II,semi_critical
6678,West Bengal,PURBA BARDDHAMAN,RAINA-I,safe
6679,West Bengal,PURBA BARDDHAMAN,RAINA-II,safe
6680,West Bengal,PURBA MEDINIPUR,BHAGAWANPUR-I,safe
6681,West Bengal,PURBA MEDINIPUR,BHAGAWANPUR-II,safe
6685,West Bengal,PURBA MEDINIPUR,EGRA-I,safe
6686,West Bengal,PURBA MEDINIPUR,EGRA-II,safe
6692,West Bengal,PURBA MEDINIPUR,MOYNA,safe
6697,West Bengal,PURBA MEDINIPUR,PANSKURA-I,safe
6698,West Bengal,PURBA MEDINIPUR,POTASHPUR-I,safe
6699,West Bengal,PURBA MEDINIPUR,POTASHPUR-II,safe
6702,West Bengal,PURBA MEDINIPUR,SAHID MATANGINI,safe
6705,West Bengal,PURULIYA,ARSHA,safe
6706,West Bengal,PURULIYA,BAGMUNDI,safe
6707,West Bengal,PURULIYA,BALARAMPUR,safe
6708,West Bengal,PURULIYA,BARABAZAR,safe
6709,West Bengal,PURULIYA,BUNDWAN,safe
6710,West Bengal,PURULIYA,HURA,safe
6711,West Bengal,PURULIYA,JAIPUR,safe
6712,West Bengal,PURULIYA,JHALDA-I,safe
6713,West Bengal,PURULIYA,JHALDA-II,safe
6714,West Bengal,PURULIYA,KASHIPUR,safe
6715,West Bengal,PURULIYA,MANBAZAR-I,safe
6716,West Bengal,PURULIYA,MANBAZAR-II,safe
6717,West Bengal,PURULIYA,NETURIA,safe
6718,West Bengal,PURULIYA,PARA,safe
6719,West Bengal,PURULIYA,PUNCHA,safe
6720,West Bengal,PURULIYA,PURULIA-I,safe
6721,West Bengal,PURULIYA,PURULIA-II,safe
6722,West Bengal,PURULIYA,RAGHUNATHPUR-I,safe
6723,West Bengal,PURULIYA,RAGHUNATHPUR-II,safe
6724,West Bengal,PURULIYA,SANTURI,safe
6754,West Bengal,UTTAR DINAJPUR,CHOPRA,safe
6755,West Bengal,UTTAR DINAJPUR,GOALPOKHAR-I,safe
6756,West Bengal,UTTAR DINAJPUR,GOALPOKHAR-II,safe
6757,West Bengal,UTTAR DINAJPUR,HEMTABAD,safe
6758,West Bengal,UTTAR DINAJPUR,ISLAMPUR,safe
6759,West Bengal,UTTAR DINAJPUR,ITAHAR,safe
6760,West Bengal,UTTAR DINAJPUR,KALIAGANJ,safe
6761,West Bengal,UTTAR DINAJPUR,KARANDIGHI,safe
6762,West Bengal,UTTAR DINAJPUR,RAIGANJ,safe
